herr,-0.11451098651965197
kind,0.17018129736654602
auge,-0.037709708297647304
frau,-0.1484313711378047
wort,-0.14827483212540393
mensch,0.14098227330631985
jahr,0.0935005721770798
gesicht,0.009165629070914005
mutter,0.03713933051683066
seite,-0.1537770884463413
hand,0.03067984713155758
weib,0.07259991507308752
vater,-0.034102113816457114
augenblick,-0.21755504055619931
welt,0.39785739475900184
bett,0.020826885845274673
gedanke,-0.06788935030911958
leute,-0.1513426369086604
mädchen,-0.039451429722979936
name,-0.048674636361673476
scheik,-0.06055900621118013
luft,0.16409426887284712
anselmus,-0.027950310559006212
tür,-0.12085171617137963
geld,-0.07905579986037439
sohn,-0.0026017863440403743
tod,0.26835824762672467
zug,-0.0587633058160541
sache,-0.15041419862821442
stadt,0.027779377154660556
pferd,-0.05886946445664769
bild,0.08844814060442055
peter,-0.017197699776167204
seele,0.25225272233937657
boden,-0.0804016755072224
doktor,-0.03460231893654232
gräfin,-0.017127527115435828
richter,-0.043618606191027975
schwester,-0.02551945761931152
straße,-0.04468738979293667
brust,0.21575394226409395
freude,0.048707023743549516
blut,0.3215707160490273
dame,-0.04329473237226777
stirn,0.08562683978322047
tier,-0.12304506164398352
woche,-0.03668950576855258
antwort,-0.20170321642688008
kleid,-0.012523120992061487
brief,-0.06728118724944762
bruder,0.036311652979998985
gestalt,0.039276897720648046
tochter,-0.05068805193496614
geschäft,-0.06144066271780514
bauer,-0.02660803351014445
hund,0.047084056051762246
person,-0.07298136645962733
volk,0.06467580230742104
gesellschaft,-0.06602887515024146
knabe,0.03865254097003808
bella,-0.0380551737043248
höhe,-0.027165816198009257
lust,0.23862483176554414
stuhl,-0.00419776455093096
familie,-0.07029321376391759
verhältnis,-0.06405864275278352
blume,0.19909063428888105
baum,0.18754993054705887
tor,-0.025733574199491877
teufel,0.01710053763053914
thür,0.012719244582310732
geschichte,-0.03203112067538487
gefühl,-0.05465190761679249
lippe,0.11436524330120987
wange,0.1144588068488517
hütte,-0.03215167370792338
wunsch,0.00894251599576805
haupt,0.0347048789791497
arbeit,-0.1015830232541402
minute,-0.04897152069553702
bewegung,-0.0710579158359903
miene,-0.013744845008384736
gespräch,-0.04857747421604543
gendarm,-0.023291925465838508
großmama,-0.017868838300598086
faust,0.003218945898677876
anblick,-0.05831168176878289
hilfe,-0.044707182081860905
richterin,-0.033002742131665506
befehl,-0.06957529346566577
hoffnung,0.002267116731321475
wesen,-0.07377305801659674
wohnung,-0.04663063270549794
treppe,-0.02150882016366424
ausdruck,-0.03379083509064868
leib,0.014855012487135055
soldat,-0.04009557876251413
stube,-0.05254132989787179
blatt,0.11404136948244964
fräulein,-0.038519392844547765
jacopone,-0.026397515527950312
gelegenheit,-0.08037468602232571
diener,-0.06461642544064831
eindruck,-0.05124223602484472
traum,0.30147794419294244
großvater,-0.03571428571428571
schönheit,0.054621319533909585
natur,0.07075023570816812
gewalt,0.011490323370015043
waffe,0.009059470430320342
herd,0.032234441461606554
mitte,-0.08930460692514197
lied,0.42664617864879845
nase,-0.024196972859373986
meer,0.2356164038490604
großmutter,-0.012839797614849255
erinnerung,-0.010662645833183389
körper,-0.0533060319699445
gegenstand,-0.04231951231800091
freundin,-0.03457892804963186
leidenschaft,-0.03698998870040232
mantel,0.03876949540459037
kaiser,0.015594524373304157
grund,0.049307989607249
schuh,0.00982417250239307
arzt,-0.045865930633425214
hadschi,-0.029503105590062112
konrektor,-0.013975155279503106
abenteuer,-0.040396061694363876
kamel,-0.026791562007441903
messer,-0.007510273997250672
eltern,-0.019885852471876957
araber,-0.04231951231800091
schatz,0.014435775821739848
kuss,0.08938377608083892
richtung,-0.05787085351547037
unglück,-0.06920463787308465
wille,-0.04459382624529483
wirt,-0.062298928337519696
heimat,0.07079701748198902
uhr,-0.02246064933102064
absicht,-0.0442663538285484
wahrheit,0.02368237334734387
schicksal,0.0252819501522207
kirche,0.017077146743628674
kammer,-0.0029922342255457243
lage,0.11138200557062966
alp,-0.0009752200542668607
krieger,-0.02841452969922918
jungfrau,-0.007186400178490461
offizier,-0.03921392225588911
engel,0.057169126908156565
küche,-0.03457892804963186
zeichen,-0.01119703763413775
kampf,0.08275515859021326
kapitel,-0.04813664596273292
geheimnis,-0.04048962524200571
kunst,0.03522307708916606
mama,-0.038449220183816385
doctor,-0.004311120387497031
gruß,0.0812959271067992
glied,0.07589623082846922
gefahr,-0.04167176468048049
gesang,0.08829520019000597
neigung,-0.033396788611157094
herd|herde,0.0010184032301015535
fluss,-0.002574796859143677
registrator,-0.012422360248447204
anfang,-0.0955787625141245
freundschaft,-0.035367021008615045
gewand,0.05223364977004959
gericht,-0.013444362076534981
unterhaltung,-0.031055900621118012
mond,0.22245273241545094
pascha,-0.013210453207430386
königin,0.04542150378212648
christ,0.03487581238349539
aufregung,-0.024844720496894408
sir,0.009059470430320342
gatte,-0.02377953549297194
entschluss,-0.0345555371627214
krankheit,-0.007857538702921343
sprache,-0.015691686518932227
kranz,0.1415742426750538
feld,0.12340132284461974
thränen,0.13932691823265658
vogel,0.08465521832693983
führer,-0.03193755712774303
tuch,-0.006862526359730246
flut,0.1530915555299655
erscheinung,-0.02797370144591667
freiheit,0.042756741973327184
duft,0.25114435415961944
geschenk,-0.016362825043363106
strom,0.11566433717423691
zukunft,0.03612812448270154
prinz,-0.009410333733977243
löwe,0.005306132730688123
kerl,0.001736323528353359
streit,0.03283540732530606
verbindung,-0.027950310559006212
flügel,0.09742484328105769
gegend,-0.04739533477757066
held,0.05348596186925574
gott,0.29213058592372415
spaß,-0.028391138812318716
bube,-0.00829836695623385
land,0.2753773129988556
verlegenheit,-0.03379083509064868
knecht,0.018700114435415957
bank,-0.020396853385920843
meinung,-0.02757965496642508
entfernung,-0.024844720496894408
archivarius,-0.018633540372670808
schüler,-0.017892229187508546
schnee,0.11297618447852717
empfindung,-0.022527223393765786
krone,0.061573810843295454
ordnung,-0.04394248000978819
beamter,-0.015527950310559006
erstenmal,-0.013604499686921977
hundertpfund,-0.009316770186335404
thut,0.02688152695709752
türke,-0.018680322146491728
sünde,0.030634864656729738
antlitz,0.05893243992140663
felsen,0.06579136768315065
sicherheit,-0.017868838300598086
zweck,-0.019862461584966497
papier,-0.015691686518932227
monat,-0.03418488157014027
überraschung,-0.020186335403726708
stellung,-0.06405864275278352
geschöpf,-0.015945387676961055
glut,0.17941889839718445
höfling,-0.02060377277012876
inhalt,-0.04002540610178275
sonnenschein,0.0817367553601117
schleier,0.049568887961250294
fabrik,-0.007834147816010882
apone,-0.024844720496894408
flur,0.09605917534528548
schutz,0.007182801580504234
weisheit,0.009870954276213983
mark,0.04182830369288126
palma,-0.027950310559006212
leiche,0.08328235319519511
lampe,0.016476180879929178
geräusch,-0.030337980322866213
dieb,-0.019862461584966497
sessel,-0.014021937053324024
wolke,0.19665978134918632
genuss,-0.004404683935138869
chef,-0.007416710449608833
pistole,-0.008575459001173142
angesicht,0.049245014142490086
viertelstunde,-0.0221331769142742
verwunderung,-0.017080745341614908
flasche,-0.02683834378126282
pater,-0.008158021634771093
vorstellung,-0.020186335403726708
güte,-0.004034028342557741
engländer,-0.02331531635274897
bemerkung,-0.023291925465838508
jüngling,0.009476907796722396
kaffee,-0.022597396054497166
schluss,-0.052123892531469734
untersuchung,-0.021739130434782608
prophet,-0.0012523120992061487
meliore,-0.043478260869565216
stemma,-0.026397515527950312
hälfte,-0.013627890573832435
auftrag,-0.0314499471006096
magd,0.0010417941170120133
post,-0.03501975630294438
satz,-0.04704807007189998
wirtshaus,-0.012051704655866075
saal,0.056197505451875955
becher,0.03578085977703087
busen,0.05272125979718303
hornisse,-0.013975155279503106
korb,-0.029549887363883028
interesse,-0.019421633331653986
herrin,-0.011727830837105865
zelt,0.031075692910042245
bärnhäuter,-0.007763975155279503
schuss,-0.013627890573832435
möglichkeit,-0.027950310559006212
tasche,-0.04009557876251413
truppe,-0.009734207552737453
glanz,0.16002065595244094
umgebung,-0.023291925465838508
sattel,0.0021771517816658627
bote,-0.011080083199585443
anspruch,-0.021739130434782608
russe,-0.007393319562698373
sommer,0.10820084495080716
seufzer,0.0014358405965036042
emir,-0.027950310559006212
jammer,0.03413450119833313
erregung,-0.0221331769142742
beziehung,-0.0174747918211065
sand,0.08201384740505098
farbe,0.03376384560575199
aufenthalt,-0.026397515527950312
anstrengung,-0.021739130434782608
bewohner,-0.02292126987325738
priester,0.03777448306139928
bach,-0.005844123129628689
mörder,-0.011727830837105865
mamur,-0.004658385093167702
schwert,0.09638304916404568
prokurist,-0.003105590062111801
zeitung,-0.007440101336519293
sturm,0.23615079565001476
rittmeister,-0.015527950310559006
frucht,0.06196785732278705
gewohnheit,-0.016710089749033777
baron,-0.008969505480664735
kapelle,0.004194165952944733
ansicht,-0.0174747918211065
gewehr,-0.013280625868161765
jugend,0.10474799018302469
gürtel,0.00032387381876021124
dolch,-0.009734207552737453
vorwurf,-0.02602685993536918
stimmung,-0.04041945258127433
könig,0.1815726592919399
einsamkeit,0.05086798183427736
kanzlei,-0.015527950310559006
instrument,-0.007787366042189962
wahl,-0.012933361162491094
brunnen,-0.0036867636368870735
apfel,0.013417372591638301
fahrzeug,-0.011657658176374486
lehrer,-0.02257400516758671
geschlecht,0.03230461412233794
gegenwart,-0.0035698092023347706
boot,0.007252974241235614
wirkung,-0.03379083509064868
bericht,-0.03267886831290529
ankunft,-0.020186335403726708
bedingung,-0.008158021634771093
ahnung,0.011817795786761478
gattin,-0.021785912208603528
angelegenheit,-0.024844720496894408
thüre,-0.00014034532146275924
nachricht,-0.0345555371627214
erwartung,-0.013233844094340846
ruine,-0.015180685604888335
laune,-0.020650554543949675
student,-0.029526496476972572
mütze,0.0030120265144699624
erzählung,-0.018633540372670808
rücksicht,-0.02876179440489985
sonntag,-0.0025280150853227643
bräutigam,-0.0035464183154243108
franzose,-0.014786639125396746
glocke,0.08586074865232507
fackel,0.01457612114320261
brücke,0.0234520630762255
professor,-0.007787366042189962
paradies,0.03893323161296359
reiter,0.019117551801818018
charakter,-0.02602685993536918
pfarrer,0.002664761808799292
puck,0.0011119667777433912
gesetz,-0.012586096456820427
hexe,-0.015204076491798797
figur,-0.012469142022268124
aufmerksamkeit,-0.026791562007441903
herrschaft,-0.009363551960156324
höflichkeit,-0.0205803818832183
spaziergang,-0.016316043269542186
hochzeit,0.006394708621521056
gesundheit,-0.010498909624810175
hofrat,-0.003105590062111801
chor,0.0430806157920874
bewusstsein,-0.015945387676961055
gulden,-0.009734207552737453
dämmerung,0.013834809958040347
kerze,0.024610811627789816
städtchen,-0.004705166866988622
milch,-0.007463492223429749
präsident,-0.005052431572659291
aussicht,-0.018656931259581268
gouverneur,-0.009710816665826993
gasse,0.054691492194640964
vorschlag,-0.023291925465838508
vorbereitung,-0.010869565217391304
verzweiflung,-0.012121877316597453
musik,0.01992903564771165
gebiet,-0.03893683021094981
eifersucht,-0.004311120387497031
pforte,0.009129643091051725
achtung,-0.041578201132838645
gabe,-0.00839193050387569
schreck,-0.06951231800090682
gepäck,-0.013975155279503106
tempel,0.03967454279812585
seldwyler,-0.023291925465838508
witwe,0.0014826223703245222
katze,-0.013257234981251302
mahlzeit,-0.016316043269542186
spruch,-0.006862526359730246
zorn,0.007319548303980766
zufall,-0.010128254032229046
kleidung,-0.029503105590062112
bahnhof,-0.013975155279503106
kloster,-0.0028284980171725087
leber,-0.005469868939061341
köpfchen,-0.0035698092023347706
insel,0.025375513699862535
apo,-0.02962006002461441
gegenteil,-0.013210453207430386
vergangenheit,-0.0012289212122956906
wirtschaft,-0.033002742131665506
mitternacht,0.041597993421762874
geelhaar,-0.003105590062111801
blüte,0.08206062917887191
schmetterling,0.008041067200218794
theater,-0.013257234981251302
hügel,0.08444829894273191
begleiter,-0.021368474842201477
ohr,0.1335295768768488
erfahrung,-0.017868838300598086
papa,-0.009780989326558371
teppich,-0.005910697192373849
schott,0.016963790907062612
geschrei,-0.0009050473935354811
asche,-0.060355685424958436
degen,0.006882318648654484
nonne,-0.019050977739072855
ange,-0.08536594142921916
kunde,-0.007186400178490461
spott,0.030681646430550658
klugheit,-0.015157294717977877
trost,0.028617850485450874
sekunde,-0.016316043269542186
umprecht,-0.0015527950310559005
veränderung,-0.012422360248447204
wachtmeister,-0.011263611696882893
erlaubnis,-0.010869565217391304
liebling,0.026186997545756173
überzeugung,-0.012816406727938795
hölle,0.021087784199275966
salamander,-0.005052431572659291
meisterin,-0.009316770186335404
fleck,0.0068121459879231065
schnur,0.0014358405965036042
haustür,-0.0205803818832183
vorsicht,-0.04197224761233023
brett,0.017240882952001896
handlung,-0.02873840351798939
bewunderung,-0.015527950310559006
trennung,-0.005099213346480211
rand,0.17216232555796263
verwirrung,-0.018633540372670808
pflicht,-0.01777887335094247
gift,0.0028716811930072084
kelch,0.030775209978192497
alm,0.033459764075916026
seligkeit,0.02458742074087935
büchse,-0.012075095542776535
segel,0.02539890458677299
pfennig,-0.010128254032229046
harfe,0.016870227359420772
gedächtnis,-0.006628617490625651
spannung,-0.010869565217391304
dunkelheit,-0.007834147816010882
ereignis,-0.0174747918211065
altar,0.03343997178699178
dummheit,-0.005075822459569751
versammlung,-0.023291925465838508
einfall,-0.030314589435955754
villa,-0.013210453207430386
einladung,-0.023291925465838508
vorhang,0.0018532779629056532
ursache,-0.0221331769142742
einfluss,-0.010869565217391304
fleisch,0.008341550132068543
station,-0.013210453207430386
zunge,0.006765364214102183
berührung,-0.012816406727938795
klöterjahn,-0.012422360248447204
bescheid,0.0047717409297337796
verlust,-0.00238766976386
regiment,-0.015968778563871515
major,-0.014369201758994695
dienstmädchen,-0.006211180124223602
wonne,0.0812959271067992
frevel,0.004935477138106992
gebäude,-0.014392592645905155
begleitung,-0.0221331769142742
säbel,0.004588212432436322
brand,0.06080910877122274
herrlichkeit,0.026186997545756173
möbel,-0.010104863145318582
bier,-0.019932634245697873
jungfer,-0.008204803408592013
tanne,0.013323809043996465
conducteur,-0.009710816665826993
gemüt,0.038422230698919695
neid,0.02261358974543519
haufe,-0.004034028342557741
list,0.00984756338930353
gebirge,-0.013257234981251302
linie,-0.011287002583793355
frauenzimmer,-0.012816406727938795
haltung,-0.055900621118012424
schrift,-0.028114046767379434
pfad,0.07443699934505517
kasten|kaste,-0.005840524531642473
tigris,-0.015527950310559006
abgrund,0.009547080457453776
sprung,-0.0075570557710715885
lilie,0.030057289679940695
schnuck,-0.0015527950310559005
betrachtung,-0.015527950310559006
netz,0.01415868377680056
überlegung,-0.012422360248447204
bedürfnis,-0.020186335403726708
sehnsucht,0.14196828915454537
eitelkeit,-0.010128254032229046
segen,0.11381105921133128
landstraße,-0.009710816665826993
ausgang,-0.008946114593754273
onkel,-0.012051704655866075
buchstabe,-0.006605226603715193
schwierigkeit,-0.007763975155279503
rückkehr,-0.07958659306334252
fabrikleiter,-0.009316770186335404
auskunft,-0.013975155279503106
mönch,0.02081069215433667
begegnung,-0.017080745341614908
sitte,-0.007510273997250672
kummer,0.021111175086186422
kaste,-0.00475194864080954
beschäftigung,-0.015527950310559006
gruft,0.04590911380925991
kater,-0.008181412521681553
käfer,-0.02255061428067625
flug,0.05149233858488733
beschreibung,-0.012422360248447204
eifer,-0.027349344695306706
ruhm,0.07293098608782018
brille,-0.008181412521681553
wald,0.31823481571579715
moment,-0.012445751135357666
brot,0.02141165801803617
schlummer,0.08210741095269283
freiherr,-0.00078809295898318
partie,-0.012051704655866075
bauerntanz,-0.004658385093167702
doktorin,-0.006211180124223602
eigentum,-0.017868838300598086
nummer,-0.007393319562698373
kraut,0.02074051949360529
selbstmord,-0.00078809295898318
klarheit,-7.017266073137962e-05
lunge,0.016823445585599846
konsul,-0.008552068114262682
großherrn,-0.010869565217391304
beduine,-0.0205803818832183
geschmack,-0.012839797614849255
kristall,-0.005910697192373849
kanapee,-0.00078809295898318
thalberg,-0.013975155279503106
„und,-0.0015995768048768198
jobst,-0.010869565217391304
coupé,-0.006211180124223602
carlitos,-0.004658385093167702
kätzchen,-0.007393319562698373
nachbarin,-0.009340161073245864
staat,0.0021771517816658627
scheibe,0.019975817421532573
finsternis,0.007670411607637664
schauer,0.09714775123611842
erfüllung,0.0011119667777433912
gewissheit,-0.011657658176374486
töchterchen,-0.014763248238486286
gespenst,0.01457612114320261
reichtum,-0.007022663970117243
öffnung,-0.021739130434782608
bezirksrichter,-0.017080745341614908
abteilung,-0.010869565217391304
geschick,-0.0045918110304225546
verfolger,-0.0034996365416033915
anzahl,-0.015527950310559006
gerechtigkeit,-0.007022663970117243
häuptling,-0.009710816665826993
honig,-0.005910697192373849
botschaft,0.011493921968001267
schwanz,-0.003128980949022261
liebchen,0.01849319505120805
amrain,-0.013975155279503106
rätin,-0.009316770186335404
schild,0.019858862986980266
karte,-0.012469142022268124
vaterland,0.031216038231505004
gemeinde,-0.005840524531642473
zeugnis,-0.017080745341614908
strick,-0.002875279790993432
unruhe,-0.021739130434782608
orgel,0.016569744427571018
kamerad,-0.02060377277012876
rechnung,-0.021368474842201477
schüssel,-0.006211180124223602
wirtin,-0.005075822459569751
adresse,-0.006999273083206783
frühling,0.21425152760484517
verzeihung,-0.008946114593754273
hintergrund,-0.005840524531642473
flöte,0.02039325478793462
hahn,0.007623629833816745
dirne,0.03008068056685115
entschuldigung,-0.015527950310559006
aktuar,-0.004658385093167702
partei,-0.017868838300598086
korridor,-0.008158021634771093
geruch,-0.009363551960156324
pilger,0.007647020720727206
sieger,0.01615230706116897
thale,0.012258624040073985
adam,-0.010151644919139502
aufgabe,-0.006211180124223602
beinchen,-0.010104863145318582
bedienerin,-0.004658385093167702
erzherzog,-0.021739130434782608
lichtenfels,-0.006211180124223602
armut,0.009593862231274695
hradschecks,-0.012422360248447204
pelz,-0.004705166866988622
mord,-0.010709427607004315
mitteilung,-0.010869565217391304
aufforderung,-0.012422360248447204
meldung,-0.006605226603715193
pergament,-0.005075822459569751
wäsche,-0.008181412521681553
gruppe,-0.005469868939061341
norden,0.006511663056073355
wanderung,-0.008158021634771093
aug,0.0062525640010651085
resultat,-0.009316770186335404
beispiel,-0.027208999373843953
verbeugung,-0.010869565217391304
zettel,-0.010498909624810175
zelle,0.01578165146858784
einödpater,-0.007763975155279503
vorteil,-0.024844720496894408
schreibtisch,-0.003917073908005441
flinte,-0.008181412521681553
general,0.0011119667777433912
sandal,-0.003893683021094981
bord,0.013070107885967627
esel,-0.09484464852493471
rappen,-0.0012055303253852307
fell,-0.014045327940234486
bande,0.034298237406706344
drache,0.008852551046112435
telegramm,-0.006605226603715193
fieber,0.038863058952232216
inspektor,-0.010869565217391304
rothfuß,-0.009316770186335404
phantasie,0.0030120265144699624
damm,0.01295315345141533
widerspruch,-0.00315237183593272
passagier,-0.004681775980078162
bekanntschaft,-0.008552068114262682
polizei,-0.012469142022268124
seil,-0.0031991536097536397
nebenzimmer,-0.011263611696882893
einsicht,-0.008158021634771093
landschaft,-0.012839797614849255
vorfall,-0.013975155279503106
schrank,0.005606615662537874
gegner,-0.011657658176374486
dienerschaft,-0.0011821394384747704
vorgang,-0.009316770186335404
puls,0.028551276422705718
erlebnis,-0.020186335403726708
wurst,-0.00315237183593272
neugierde,-0.007763975155279503
ausgabe,-0.008158021634771093
besitzer,-0.012816406727938795
ausweg,-0.010498909624810175
sonnenstrahl,0.02697509050473935
religion,-0.005446478052150882
stätte,0.011123266375420137
achsel,-0.021368474842201477
schaf,-0.14203666251628366
jäger,0.012652670519565576
schlucht,0.023151580144375752
zufriedenheit,-0.006605226603715193
moslem,-0.012422360248447204
dattel,-0.005052431572659291
rache,0.018883642932713426
sohle,-0.00475194864080954
entscheidung,-0.012816406727938795
kapitän,-0.005840524531642473
gipfel,0.01578165146858784
regierung,-0.013975155279503106
lanze,0.02567599663171228
dankbarkeit,-0.008552068114262682
emin,-0.0314499471006096
fläschchen,-0.0027349344695306705
heilge,0.0025945891480679134
gunst,0.01728766472582282
anstalt,-0.015527950310559006
erzherzoge,-0.006211180124223602
wohnzimmer,-0.013975155279503106
sofa,-0.015527950310559006
wendung,-0.019421633331653986
unterredung,-0.009316770186335404
firma,-0.008598849888083602
geländer,-0.006605226603715193
trupp,-0.017892229187508546
begräbnis,0.00037065559258113055
schnurrbart,-0.004287729500586571
direktor,-0.008158021634771093
krug,0.009176424864872645
tänzerin,-0.005446478052150882
anlass,-0.043478260869565216
schimmer,0.09276645818788999
knopf,0.002641370921888833
schreiber,-0.005075822459569751
verfolgung,-2.3390886910459874e-05
geduld,-0.02310839696854105
strumpf,-0.000834874732804098
thue,-0.0190275868521624
hengst,-0.001993623284368409
verfügung,-0.010869565217391304
säule,0.011099875488509676
leiter,-0.02150882016366424
anführer,-0.012422360248447204
bibel,0.015434386762917168
khan,-0.009316770186335404
geige,0.01844641327738713
england,0.0006945294113413405
kuchen,-0.007440101336519293
größe,-0.0051693860072115905
bronn,0.013070107885967627
stall,0.002477634713515614
tätigkeit,-0.017080745341614908
geiger,-0.000417437366402049
spatz,0.0030354174013804223
schwabe,-4.678177382091975e-05
gerber,-0.012422360248447204
lombarde,-0.011263611696882893
zins,-0.007393319562698373
liebhaber,-0.0159219967900506
fuhrwerk,-0.010869565217391304
situation,-0.009316770186335404
handwerk,-0.001993623284368409
tasse,-0.011263611696882893
nachbarschaft,-0.010892956104301764
respekt,-0.013604499686921977
besen,0.00034726470567067024
erklärung,-0.013998546166413566
einrichtung,-0.012422360248447204
stange,-0.00238766976386
melodie,0.03585103243776225
hemd,0.007623629833816745
diebstahl,-0.007763975155279503
zerstreuung,-0.006211180124223602
jude,0.007252974241235614
narbe,-0.002364278876949541
mädel,0.025075030768012783
kleinigkeit,-0.006605226603715193
amareller,-0.004658385093167702
vermutung,-0.008158021634771093
deckel,-0.002364278876949541
kniee,0.009383344249080557
hostie,-0.0019468415105474905
schauspiel,-0.008575459001173142
gewicht,-0.012075095542776535
sorgfalt,-0.010104863145318582
schiffer,0.015387604989096249
schande,0.007647020720727206
teilnahme,-0.013975155279503106
teufelsanbeter,-0.004658385093167702
haddedihn,-0.021739130434782608
mücke,0.05890904903449616
schürze,-0.0012289212122956906
hausfrau,-0.005840524531642473
roman,-0.014462765306636538
kirchhof,0.02196944070590098
bischof,0.009617253118185155
lamm,0.16333316539876064
zigeuner,-0.002758325356441131
postillon,-0.002340887990039081
vowinkel,-0.004658385093167702
arbeiter,-0.010104863145318582
zuversicht,-0.017104136228525364
hauptsache,-0.009316770186335404
revolver,-0.002340887990039081
vorsprung,-0.005052431572659291
prüfung,-0.007393319562698373
verlobung,-0.010869565217391304
abwesenheit,-0.013975155279503106
vorschrift,-0.004658385093167702
untersuchungsrichter,-0.003105590062111801
werkzeug,-0.006234571011134062
haushalt,-0.012816406727938795
verbrecher,-0.005446478052150882
steinbruch,-0.0019468415105474905
hose,0.008458504566620843
ewigkeit,0.07719532470149629
kanal,-0.003128980949022261
kahn,0.02852788553579525
weilchen,-0.000834874732804098
besinnung,-0.010104863145318582
gefangenschaft,-0.006211180124223602
wirklichkeit,0.0030354174013804223
jagd,0.001389058822682681
gelächter,-0.0039404647949159
traube,0.013093498772878086
insekt,-0.017080745341614908
zimmerherren,-0.004658385093167702
buße,-0.005099213346480211
geschwister,0.002270715329307702
rute,-0.00046421914022296874
freundlichkeit,-0.005446478052150882
grashüpfer,-0.0015527950310559005
frosch,-2.3390886910459874e-05
gehöft,-0.005052431572659291
unsinn,-0.012445751135357666
gemahl,0.0053529145045090425
behörde,-0.006211180124223602
spuk,0.005770351870911093
korbe,-0.012422360248447204
ausnahme,-0.0034996365416033915
pein,0.011283403985807128
fußboden,-0.010869565217391304
stückchen,0.012305405813894908
fassung,-0.022527223393765786
geständnis,-0.010869565217391304
ladenbauer,-0.006211180124223602
busch,0.05274465068409347
protokoll,-0.009710816665826993
fabrikherr,-0.009316770186335404
terrain,-0.004658385093167702
flüchtling,0.00037065559258113055
scheitel,0.011170048149241057
schweiß,0.015387604989096249
kinn,0.0072763651281460735
geier,0.007299756015056534
tabak,0.003058808288290882
hitze,-0.0027817162433515907
laster,0.0006945294113413405
piaster,-0.004658385093167702
mittagsmahl,-0.006605226603715193
stab,0.008294768358247627
horizont,0.0014358405965036042
element,0.009199815751783106
furche,0.0189106324176101
wimper,0.015040340283425576
million,0.02196944070590098
entschlusse,-0.007763975155279503
ifra,-0.006605226603715193
schlänglein,-0.006211180124223602
elfe,-0.0037839257825151296
tugend,0.0033592912201406352
alven,-0.007763975155279503
papst,0.005005649798838372
birne,-0.003128980949022261
weinstube,-0.006211180124223602
rest,-0.007951102250563183
grausamkeit,-0.006211180124223602
truhe,-0.005469868939061341
antrag,-0.006605226603715193
kenntnis,-0.02602685993536918
köchin,-0.006999273083206783
feindschaft,-0.008552068114262682
eigenschaft,-0.018633540372670808
unschuld,-0.007974493137473636
frist,0.006882318648654484
schwalbe,0.025051639881102324
kehle,0.015410995876006708
überlegenheit,-0.009316770186335404
goldstück,-0.009710816665826993
bestürzung,-0.006211180124223602
takt,0.02159878511331985
bahre,0.004588212432436322
neffe,-0.004287729500586571
wissenschaft,0.0034294638808720114
bühne,-0.00197023239745795
kreuzer,-0.006211180124223602
entdeckung,-0.006211180124223602
dienstbote,-0.006211180124223602
gebieterin,-0.007763975155279503
hauswesen,-0.006211180124223602
luftbahn,-0.004658385093167702
ratschillers,-0.003105590062111801
befriedigung,-0.005446478052150882
korn,0.06481974622687
menschheit,0.059443440835450514
irrtum,0.001529404144145441
gehirn,0.006511663056073355
signalement,-0.003105590062111801
getränk,0.006535053942983813
oase,-0.00157618591796636
schurke,0.006929100422475404
drohung,-0.012816406727938795
strauß,0.029269196720957517
schnelligkeit,-0.009316770186335404
fehler,-0.006234571011134062
schelm,0.011517312854911725
bauch,-0.0058873063054633926
umweg,-0.009710816665826993
bestie,-0.004681775980078162
rat,-0.2299612071137085
reinheit,-0.004681775980078162
vigilie,-0.006605226603715193
flor,0.031192647344594544
armee,0.003846901247274062
schranke,0.01999920830844303
hausknecht,-0.006211180124223602
gedränge,-0.0035464183154243108
begierde,-0.005840524531642473
fahne,0.05172624745399193
capitel,-0.012422360248447204
bayer,-0.0027349344695306705
ursanner,-0.010869565217391304
strand,0.10039368661969297
nachtigall,0.09652339448550845
vöglein,0.05636124166024917
lerche,0.09462333474878187
ritter,0.0523973859784228
wipfel,0.06097284497959595
thräne,0.16943098968641818
hain,0.040926854897332
thau,0.07054331632396019
thor,0.08945394874157028
mägdlein,0.025863123726995965
knospe,0.05093815449500874
greis,0.03580425066394133
sommernacht,0.03668590717056634
schooß,0.03552715861900203
schwarm,0.04669720676824309
saite,0.03587442332467271
wind,0.2918768847656953
laub,-0.06071374592458778
saat,0.05483183751610373
sänger,0.02697509050473935
blümlein,0.020069380969174412
strauch,0.058702129650288246
kindlein,0.011540703741822186
bund,0.01719410117818098
stund,0.09217808741714228
heide,0.11635526798759205
veilchen,0.043985663185622886
schaum,0.04285030552096903
schöpfung,0.026210388432666633
mai,0.14048566678422086
hinnen,0.014646293803933988
halm,0.05207351215966259
ruhn,0.04477375614460606
teich,0.03360370799536501
loos,0.028180620830124584
heimath,0.03668590717056634
wahn,0.024123201600656376
menschenherz,0.024704375175431652
blüthen,0.08690614136732329
pflug,0.011958141108224237
haide,0.03476245654692932
müd,0.12933541092390405
reigen,0.038215311314711786
falter,0.021622176000230312
kluft,0.02238687807230303
flieder,0.03589781421158317
brandung,0.02278092455179462
röslein,0.01582843324240876
hirn,0.06405504415479729
hammer,0.02312818925746529
qual,0.12423979617541006
heiland,0.024263546922119142
indeß,0.025098421654923243
ähre,-0.20407109390181585
bächlein,0.01930467889710169
muschel,0.013487545252369676
spielmann,0.013904982618771726
frost,0.040138761938348824
nachtwind,0.01853997682502897
höh'n,0.02433371958285052
dunst,0.021946049818990523
mühle,0.020463427448666
pokal,0.01853997682502897
palast,0.01573486969476692
saft,0.01578165146858784
mast,0.006882318648654484
fels,0.09149075520177338
fürst,0.030334381724879983
schaar,0.03360370799536501
scholle,0.033186270628962955
göttin,0.01930467889710169
moos,0.03622168803034338
trümmer,0.04551506732976833
garbe,0.011958141108224237
gefieder,0.023545626623867343
düne,0.01698718179397307
pfeil,0.02539890458677299
steg,0.006535053942983813
schifflein,0.010034690484587206
rothen,0.035133112139510446
abendschein,0.012746234067207415
saum,0.04516780262409765
gold,0.4066901535161901
hecke,0.009570471344364236
harmonie,0.01930467889710169
bettler,0.01925789712328077
palme,0.023104798370554833
dämon,0.008064458087129255
gottheit,0.0189106324176101
osten,-0.029389749753496043
poesie,0.04400905407253334
sternlein,0.009269988412514484
gestirn,0.0011119667777433912
hafen,0.016963790907062612
huld,-0.053543539437035326
schmach,0.02187587715825914
riese,0.09063608818004507
gewölk,0.020463427448666
markt,0.023475453963135964
wirbel,0.02384610955571709
träumer,0.028133839056303667
klippe,0.013487545252369676
enkel,0.021181347746917805
thaten,0.01731105561273328
küste,0.02159878511331985
schwesterlein,0.003846901247274062
lorbeer,0.03784465572213065
rohr,0.033186270628962955
mütterlein,0.010034690484587206
drossel,0.011587485515643106
gebein,0.024704375175431652
goldner,0.030474727046342742
adler,0.04090346401042154
zaun,0.012676061406476037
mondenschein,0.014646293803933988
himmelan,0.01582843324240876
edelstein,0.011170048149241057
weltall,0.013904982618771726
glücke,0.04970923328271305
märchen,0.04046263575710903
linnen,0.010799392556659924
minne,0.015040340283425576
laube,-0.10265900405202133
balsam,0.015040340283425576
schmied,0.016917009133241685
lenze,0.041668166082494254
kämmerlein,0.010405346077168335
eiland,0.04125072871609221
dichtung,0.013510936139280137
gestein,0.015805042355498296
dämmrung,0.011193439036151515
kindheit,0.021622176000230312
seide,0.02729896432349957
mieder,0.011587485515643106
fürder,0.015434386762917168
junker,0.016222479721900347
sturmwind,0.018145930345537378
fluthen,0.02085747392815759
klee,0.012352187587715826
schlund,0.004982258911927912
gelände,0.004958868025017455
täuschung,0.002641370921888833
schilf,0.01499355850960466
schacht,0.012699452293386496
ringlein,0.005005649798838372
lenz,0.1512850593408808
hort,0.01698718179397307
dorn,0.06866664747414407
weihrauch,0.02159878511331985
brut,0.014646293803933988
lid,0.011887968447492857
fleiß,-0.0005577826878648065
fiedel,0.013904982618771726
fessel,0.024193374261387766
schöpfer,0.028574667309616174
silber,0.1140647603693601
joch,0.027021872278560274
himmelszelt,0.013904982618771726
fremdling,0.0173578373865542
schädel,0.020834083041247127
scherbe,0.013510936139280137
erküren,0.01851658593811851
wurm,0.021946049818990523
fink,0.016963790907062612
leier,0.06345047969311157
erlösung,0.009246597525604024
page,0.008064458087129255
blümchen,0.004982258911927912
wölkchen,0.011193439036151515
zecher,0.010428736964078795
hirte,0.016175697948079427
friedhof,0.01698718179397307
abendsonne,0.016593135314481477
menschenbrust,0.014669684690844446
brause,0.07246676694759721
genosse,0.018817068869968263
zinne,0.006535053942983813
„herr,0.005399696278329962
pfühl,0.021622176000230312
vergessenheit,0.006558444829894273
mähne,0.005005649798838372
wanderstab,0.01738122827346466
gezweig,0.01738122827346466
schwall,0.010799392556659924
erinnrung,0.008875941933022895
venus,0.004194165952944733
marmor,0.048967922097550784
storch,0.003846901247274062
sonnenglanz,0.014275638211352859
händchen,-4.678177382091975e-05
cypressen,0.015063731170336037
zwerg,0.008829160159201974
räthsel,0.031286210892236384
liebchens,0.005376305391419504
hirt,0.0296632432004491
deutschland,0.02229331452466119
fee,-0.00021051798219413886
töchterlein,0.010428736964078795
gefilde,0.013510936139280137
wucht,0.02238687807230303
noth,0.08301245834622831
zopf,0.010752610782839008
zone,0.014669684690844446
poet,0.03281561503638183
vollmond,0.024704375175431652
erinn'rung,0.012746234067207415
rinde,-0.0039638556818263615
süd,0.048550484731148744
amsel,0.010011299597676744
trunk,0.06973183247806655
labe,0.041274119603002674
wildnis,-0.006234571011134062
nelke,0.009640644005095615
strudel,0.010034690484587206
kirchlein,0.003846901247274062
entflohn,0.012352187587715826
möwe,0.0220162224797219
thät,0.0002537011580288316
männlein,0.0019000597367265712
fensterlein,0.011587485515643106
nixe,0.013116889659788546
kuh,0.010381955190257874
thäler,0.0173578373865542
moor,0.04595589558308083
morgenwind,0.008481895453531306
durst,0.02539890458677299
giebel,0.007670411607637664
künstler,0.0030354174013804223
anbeginn,0.0034528547677824713
gluthen,0.016222479721900347
dämmerschein,0.008111239860950173
wanderer,0.004611603319346782
menschenkind,0.008875941933022895
unterlass,0.00034726470567067024
heerde,0.01853997682502897
füßchen,0.005005649798838372
beschwerde,0.003823510360363603
schläfe,0.03587442332467271
widerhall,0.0018766688498161113
abendrot,0.033209661515873415
gaul,0.004217556839855193
stroh,0.004123993292213357
thurm,0.02433371958285052
lüftchen,0.008481895453531306
heini,-2.3390886910459874e-05
wahnsinn,-0.0039638556818263615
tross,0.008875941933022895
säugling,0.012352187587715826
traun,0.02085747392815759
ruderschlag,0.013904982618771726
wut,0.01916433357563893
reh,-0.007166607889566232
einstens,0.012352187587715826
gefunkel,0.02085747392815759
kuckuck,0.006558444829894273
heuen,0.16843237874524086
unendlichkeit,0.007717193381458584
stehn,0.20264065120229158
akkord,0.007693802494548124
schnitter,0.015063731170336037
kränzlein,0.006952491309385863
kiel,0.015063731170336037
theil,0.011029702827778293
alltag,0.016222479721900347
tagwerk,0.005399696278329962
horn,0.03798140244560719
sommertag,0.002664761808799292
nord,0.03536342241062882
kämpfer,0.005399696278329962
beere,0.008064458087129255
geleit,0.027716401689901617
täubchen,0.015063731170336037
pfaffe,0.013487545252369676
winternacht,0.015063731170336037
herrgott,0.006141007463492223
hauptmann,-0.012445751135357666
fahn,0.06563123007276365
gewimmel,0.01930467889710169
feiertag,0.008875941933022895
schwermut,0.011934750221313774
aeuglein,0.008111239860950173
zieh'n,0.019698725376593278
atemzug,-0.004705166866988622
forst,0.028968713789107765
morgenschein,0.010428736964078795
bübchen,0.0034762456546929316
wappen,0.019698725376593278
trauer,0.09635965827713525
abendwind,0.011193439036151515
lenznacht,0.011587485515643106
banner,0.030127462340672075
wang,0.12361184082681387
kindchen,0.001923450623637031
wehn,0.07955960357844584
pore,0.008111239860950173
regenbogen,0.007299756015056534
nest,0.04233930460692514
fläche,0.0030354174013804223
sphäre,0.008064458087129255
ozean,0.004611603319346782
henker,0.014275638211352859
sklave,0.008064458087129255
kühlung,0.006929100422475404
frühlingszeit,0.002317497103128621
glorie,0.014669684690844446
morgenstern,0.005005649798838372
kron,0.08048444326090554
kissen,0.009523689570543316
krücke,0.009640644005095615
morgensonne,0.003823510360363603
morgenthau,0.004634994206257242
tal,0.07991946337706832
knauf,0.012352187587715826
gebüsch,0.00034726470567067024
bläue,0.008875941933022895
abendstern,0.008111239860950173
beet,0.010776001669749465
kiste,0.002294106216218161
vaterhaus,0.011587485515643106
herzblut,0.02433371958285052
gemüth,0.04556184910358924
posaune,0.005376305391419504
reiher,0.0034528547677824713
grenadier,0.006952491309385863
übermut,0.003823510360363603
hauf,0.02567599663171228
apfelbaum,0.007323146901966994
stiel,-0.0008114838458936399
würfel,0.010011299597676744
anmut,0.0014358405965036042
schwung,0.008041067200218794
stolberg,0.0034762456546929316
voigtlandwald,0.0011587485515643105
wolf,0.01733444649964374
frevler,0.001529404144145441
priesterin,0.001923450623637031
diele,0.007323146901966994
maien,0.05212029393348351
frühlingsnacht,0.006952491309385863
port,-0.0005577826878648065
blättchen,0.010428736964078795
königskind,0.010428736964078795
wandrer,0.029710024974270027
mondschein,0.0189106324176101
weiher,0.012352187587715826
blitzstrahl,0.005793742757821553
halde,0.015040340283425576
heimlichkeit,0.0007413111851622611
fichte,0.004588212432436322
retter,0.011934750221313774
fruh,0.0019000597367265712
schläfer,0.018145930345537378
abglanz,0.001923450623637031
wiegenlied,0.009269988412514484
lämpchen,0.008875941933022895
kanne,-0.00157618591796636
maiennacht,0.004634994206257242
gestade,0.011958141108224237
flachs,0.011587485515643106
kleinod,0.007693802494548124
ampel,0.013116889659788546
firmament,0.005770351870911093
brünnlein,0.005793742757821553
dorten,0.008481895453531306
siegel,-0.000834874732804098
sternenschein,0.005399696278329962
stift,-0.0031757627228431815
herzschlag,0.008875941933022895
heiligtum,0.009640644005095615
englein,0.004634994206257242
thüren,0.0034294638808720114
sträußchen,0.004240947726765653
knieen,0.011747623126030095
wörtchen,0.008087848974039713
heer,0.07821372793159787
schäferin,0.002317497103128621
sünder,0.0038001194734531424
leichentuch,0.006952491309385863
mütterchen,0.008875941933022895
dämm'rung,0.006952491309385863
jugendzeit,0.010034690484587206
tyrann,0.013487545252369676
gans,0.006535053942983813
wanderschaft,0.00037065559258113055
leichnam,-0.000417437366402049
vergänglichkeit,0.0030821991752013416
herr'n,0.002317497103128621
vogt,0.004634994206257242
sumpf,0.01928128801019123
hase,0.002664761808799292
schwan,0.09086639845116343
glüh'n,0.016222479721900347
zeh,-0.007029861166089668
blüthe,0.11935110081112399
blumenduft,0.005793742757821553
sonnengold,0.010428736964078795
wohllaut,0.010428736964078795
königssohn,0.002317497103128621
husar,0.013510936139280137
wanderlust,0.0034762456546929316
falke,0.011587485515643106
geschmeide,0.004217556839855193
todesnacht,0.004240947726765653
ross,0.12458706088108074
traumgesicht,0.008111239860950173
vorzeit,0.016222479721900347
schemen,0.008875941933022895
scheit,0.00950029868363286
trauerweide,0.002317497103128621
amor,0.0019000597367265712
möve,0.006952491309385863
widerschein,0.003058808288290882
münster,0.006952491309385863
koralle,0.008087848974039713
bereich,-0.003128980949022261
dickicht,0.005005649798838372
verheißung,0.006558444829894273
abendhimmel,0.004240947726765653
selbstsucht,0.003823510360363603
liebeslied,0.008111239860950173
asyl,0.0034762456546929316
beil,0.0045648215455258625
umschlungen,0.015410995876006708
glöckchen,0.014275638211352859
lindenbaum,0.006952491309385863
stoppel,0.004634994206257242
schmelz,0.026581044025247767
äuglein,-0.004287729500586571
sachse,0.008852551046112435
lohe,0.009640644005095615
geißel,0.007717193381458584
schätzchen,-0.00078809295898318
lerchenschlag,0.006952491309385863
psalm,0.01738122827346466
stengel,0.001135357664653851
maitag,0.008111239860950173
helm,0.014853213188141895
wiederhall,0.005399696278329962
saitenspiel,0.005399696278329962
lichtlein,0.005793742757821553
zwist,0.003846901247274062
schütz,0.01292976256450487
weihnacht,0.012699452293386496
denker,0.009269988412514484
inner,-0.08624220003886486
bügel,0.003058808288290882
traurigkeit,-0.00044082825331250887
rathaus,-0.005052431572659291
flügelschlag,0.007323146901966994
spange,0.011564094628732645
herbstwind,0.006952491309385863
sonnenblume,0.002317497103128621
rösslein,0.0034762456546929316
gondel,0.001529404144145441
glühn,0.057519990211813476
athmen,0.01738122827346466
bitterkeit,0.00037065559258113055
strang,0.006952491309385863
schmaus,0.018145930345537378
gebrause,0.012746234067207415
bitt,-0.0894449522466047
knäblein,0.004240947726765653
aufgethan,0.009269988412514484
schlamm,0.020069380969174412
verrat,-0.011821394384747698
bug,0.010799392556659924
sommerabend,0.005793742757821553
fund,0.013788028184219429
wrack,0.002317497103128621
firnen,0.002317497103128621
pfühle,0.008111239860950173
erdball,0.003846901247274062
harm,0.02845771287506388
höh,0.0559833888716956
föhren,0.001923450623637031
ginster,0.013904982618771726
majestät,0.014275638211352859
plätzchen,-0.006234571011134062
morgenstrahl,0.008111239860950173
seel,0.2638168169681092
labung,0.0007647020720727205
balde,0.011587485515643106
odem,0.02542229547368345
ruhestatt,0.005793742757821553
pfand,0.009246597525604024
zurücken,0.01582843324240876
mündchen,0.0030821991752013416
stäubchen,0.005793742757821553
sonnenblick,0.001923450623637031
rosenduft,0.006558444829894273
harfner,0.0034762456546929316
gezweige,0.004634994206257242
innere,-0.021021210136530806
sporn,0.012722843180296957
thorheit,0.006558444829894273
ostern,0.010428736964078795
köpflein,0.002317497103128621
draht,0.00034726470567067024
windstoß,0.006141007463492223
sommerzeit,0.004634994206257242
fittich,0.005005649798838372
sternennacht,0.0034762456546929316
rippe,0.014970167622694201
überfluss,-0.005075822459569751
bär,0.0010381955190257863
lämmlein,-0.00078809295898318
kies,0.011958141108224237
gespiele,0.004240947726765653
wandervogel,0.005793742757821553
schrein,0.04901470387137171
sphinx,0.008875941933022895
mahnung,0.004611603319346782
schaft,-0.1870605212209323
meile,0.02122812952073872
raupe,0.006952491309385863
helfer,0.00037065559258113055
stündlein,0.011587485515643106
weizenfeld,0.005793742757821553
frohsinn,-0.00078809295898318
