liebreich,0.00033975255946928126
angst,-0.03359775310307338
ängstlich,-0.044487451805470264
trauer,0.1022529369721252
traurig,0.021633429638503274
zornig,-0.010258010610346596
zorn,-0.0029495555533184947
verachtungsvoll,0.0
verachtung,-0.007696024643385647
schuld,-0.0646435869816886
schuldig,-0.08330732758186779
liebe,0.2950763562418837
geliebt,0.03851032344443661
liebevoll,-0.005871427564754322
stolz,0.14474214039079095
scham,-0.012344342994050551
schämen,-0.024029314354168132
überrasschung,0.0
überrascht,-0.01701279482972105
sorge,0.010026475532782353
sorgenvoll,-0.001348943495374331
ekel,0.0037171446691565083
ekeln,0.00175664656673747
angeekelt,0.0
neid,0.00813392794225716
neidisch,0.00351329313347494
neidvoll,0.0
glücklich,-0.029404954850659873
glück,0.22097758136444628
freude,0.09390760743730936
freudig,0.04018895275677743
freuen,-0.034209307710118084
erleichterung,-0.003105590062111801
erleichtert,-0.003105590062111801
vergnügt,-0.012082607688977924
vergnügen,-0.04752509135568821
zufrieden,-0.03172533899755378
zufriedenheit,-0.006143229612329746
verzweiflung,-0.008433413531715273
verzweifelt,-0.0247088194731067
verlegenheit,-0.037267080745341616
verlegen,-0.0727095644120519
aufregung,-0.024844720496894408
aufgeregt,-0.009112918650653834
aufregen,-0.009248819674441548
spannung,-0.010869565217391304
gespannt,0.0021643496381006083
erregung,-0.02167117992288875
erregt,-0.010733664193603592
hoffen,0.046274298599716115
hoffnung,0.013529701923754495
befriedigt,0.0001359010237877126
langweilig,-0.01235440973655335
langeweile,-0.0014848445191620442
mitgefühl,-0.0014848445191620442
mitfühlen,6.79505118938563e-05
enttäuscht,-0.003037639550217945
enttäuschung,-0.003037639550217945
frust,0.0
frustriert,0.0
eifersucht,-0.00918086916254769
eifersüchtig,-0.012218508712765638
wut,0.017498515155480836
wütend,-0.012286459224659492
reue,0.011191700977480679
schock,0.0016207455429497568
schockiert,0.0
zuneigung,-0.006211180124223602
verärgert,0.0
verärgerung,0.0
erwartungsvoll,0.0002038515356815691
erwartung,-0.012082607688977924
vorfreude,0.0
scheu,0.09112163644966124
gelassen,-0.024504967937425126
gelassenheit,-0.006211180124223602
mut,0.08452540342470577
mutig,-0.036859377673978476
neugierde,-0.007763975155279503
neugierig,-0.03233689360459849
depression,0.0
depressiv,0.0
niedergeschlagenheit,0.0
niedergeschlagen,0.0
lustvoll,0.0016207455429497568
lust,0.27645036592608996
rausch,0.30741818255030856
einfühlend,-0.003105590062111801
einfühlsam,0.0
euphorisch,0.0
euphorie,0.0
dankbarkeit,-0.009248819674441548
dankbar,-0.019710681820469714
hass,0.03661777585391143
entsetzt,0.003377392109687226
entsetzen,-0.021059625315844047
demütigung,-0.0015527950310559005
demütig,-0.01059776316981588
demut,0.011956773407693003
interesse,-0.018497639348883096
interessiert,0.0
einsamkeit,0.07233206156819715
einsam,0.1659477334729255
empörung,-0.0014848445191620442
empört,0.0034453426215810823
vertrauen,-0.0009311736815084057
qualvoll,0.011413169312542154
qual,0.16322971299717126
gleichgültigkeit,-0.0015527950310559005
gleichgültig,-0.026193663992268742
fröhlichkeit,0.0034453426215810823
fröhlich,0.06876088466533115
schadenfroh,-0.003105590062111801
schadenfreude,0.0
schmerz,0.24834402085829047
melancholie,0.0016207455429497568
melancholisch,-0.004590434581273845
panik,0.0
panisch,-0.004590434581273845
fühlen,0.05705829650583366
herz,0.41340084761971874
seele,0.33546664384871694
schwermut,0.018167953531916605
unglück,-0.06737167419994564
wanderlust,0.004862236628849271
bitterkeit,0.00175664656673747
weinen,0.20086674652949055
erschrecken,-0.04082819090570483
empfinden,-0.017740116975547886
bekümmern,-0.01059776316981588
befürchten,-0.015527950310559006
jauchzen,0.07699044666136484
verzweifeln,-0.0012130424715866197
grausne,0.0
Lust,0.0
kichern,0.0035812436453687953
leid,0.1093122401522092
heiter,0.014267090812084118
lache,0.14767407914472955
sehnsucht,0.19274288532973613
trost,0.05168013932371625
ohnmacht,0.003377392109687226
ohnmächtig,-0.002901738526430232
akzeptieren,0.0
prall,-0.0014848445191620442
aggressiv,0.0
gründlich,-0.005871427564754322
anfällig,0.0
verschlechterung,0.0
entnervt,0.0
schwierig,-0.015459999798665152
extravagant,0.0
ungehobelt,-0.0015527950310559005
wohlergehen,-0.0015527950310559005
bewegungslos,-0.0015527950310559005
vergelten,-0.006143229612329746
erbost,-0.004658385093167702
gütlich,6.79505118938563e-05
grauenhaft,-0.0015527950310559005
schlagen,0.05976625023908516
schwinden,0.05331095160916881
sicherstellen,0.0
gefeiert,0.0
eindrucksvoll,0.0
unkompliziert,0.0
brutal,6.79505118938563e-05
teuerungsrate,0.0
rettung,-0.009112918650653834
hemmung,0.0
einheitlich,0.0
großartig,-0.004658385093167702
einnehmen,-0.013839254255715394
einweihen,-0.004658385093167702
rechtsgültig,0.0
ausgezeichnet,-0.006211180124223602
trüb,0.15331145494629392
amateurhaft,0.0
finanzieren,0.0
ärgernis,-0.003105590062111801
misten,0.0
übellaunig,0.0
abschaffen,0.0
clever,0.0
alt,-0.03623020626755391
abgetakelt,0.0
bereitschaft,-0.003105590062111801
antipathie,0.0
beteiligung,0.0
trefflich,-0.030784098573542588
aufstieg,-0.003037639550217945
verlangsamen,-0.0015527950310559005
glorios,0.0
ansprechend,0.0
unwiderstehlichkeit,0.0
verbot,-0.004386583045592277
infiltrieren,0.0
erpressen,-0.004658385093167702
bequem,-0.044351550781682555
präzision,0.0
verblassen,0.008103727714748784
merkwürdigkeit,-0.0015527950310559005
führung,-0.015392049286771294
verfeinerung,0.0
einschüchterung,0.0
inkompetent,0.0
zurückhalten,-0.017080745341614908
gewinnen,-0.013421484441849457
vergeudung,0.0
einfältig,-0.007696024643385647
charisma,0.0
einsparung,0.0
unlogisch,0.0
weiterempfehlen,0.0
reichhaltig,0.0
geizkragen,0.0
schadhaft,0.0
langatmig,0.0
partner,-0.0015527950310559005
widerwärtig,6.79505118938563e-05
kaltherzig,0.0
enthauptung,0.0
unersetzlich,0.0
erhebend,0.001688696054843613
rührig,-0.0015527950310559005
abdämpfung,0.0
erbärmlich,-0.0029696890383240884
abstürzen,-0.004658385093167702
sabotieren,0.0
überhöhen,0.0
genuß,6.79505118938563e-05
heiraten,-0.040372670807453416
inspirieren,0.0
einsinken,-0.003105590062111801
sorglosigkeit,-0.006211180124223602
überschuß,0.0
versklavung,0.0
groteske,0.0
schmerzvoll,0.00175664656673747
heillos,-0.0015527950310559005
retten,-0.01741043115858139
gedankenlos,0.0018925475905251822
zweifeln,-0.014372791608363453
angenehm,-0.048000744938945204
kommunikativ,0.0
missbrauch,-0.003105590062111801
fälschen,0.0
stümperhaft,0.0
desaster,0.0
attraktiv,0.0
veredelung,0.0
gönner,-0.004658385093167702
abschreckung,0.0016207455429497568
fehler,-0.00762807413149179
fraglich,0.0
boomen,0.0
klage,0.11652002778420932
kostenintensiv,0.0
überschwänglich,0.0
miserabel,-0.003105590062111801
müde,0.14068524316216513
untergehen,-0.0024940354550670955
umbruch,0.0
ungleich,6.79505118938563e-05
möglich,-0.17471838287848435
übermaß,-0.0014848445191620442
seriösität,0.0
unfehlbar,6.79505118938563e-05
unsachgemäß,0.0
sparsam,-0.012422360248447204
unverbesserlich,-0.003105590062111801
immobilität,0.0
bescheidenheit,-0.004590434581273845
illegalität,0.0
mangel,-0.016605091758357914
erneuerung,0.0
favorit,0.0
fälschung,-0.0015527950310559005
eingehen,-0.02011838489183285
androhung,-0.0015527950310559005
durchfallen,0.0
kaputt,0.0
erhöhen,-0.0012130424715866197
erbittert,0.0001359010237877126
debil,0.0
geräumigkeit,0.0
lobenswert,0.0
beeinträchtigen,-0.003105590062111801
crash,0.0
anpassung,0.0
superschnell,0.0
eignung,0.0
anzünden,-0.00607527910043589
unregelmäßigkeit,-0.003105590062111801
neutralisieren,0.0
behindern,0.0
kultiviert,0.0
veritabel,0.0
blindheit,0.0
alarmieren,0.0
plausibel,-0.0015527950310559005
bitter,0.028242246091587223
folgenschwer,-0.0015527950310559005
duften,0.061258644815124275
öde,0.07449641120629776
besonders,-0.06190794970655446
melodramatisch,0.0
ablehnung,-0.003105590062111801
ordnungsgemäß,-0.0015527950310559005
not,0.08850176671330923
gerührt,0.0033094415977933706
schubs,0.0
sucht,0.1704702175423055
flucht,-0.014372791608363453
strittig,0.0
konkurrenzfähig,0.0
abrutschen,-0.0015527950310559005
anheben,-0.004590434581273845
beitritt,0.0
verdienen,-0.0293672045662744
unsterblichkeit,0.0032414910858995136
unerschrockenheit,0.0
unverkrampft,0.0
versöhnlich,-0.003105590062111801
beitragen,-0.004658385093167702
renommiert,0.0
heranwachsen,-0.004658385093167702
unliebsam,-0.0015527950310559005
rebell,0.0016207455429497568
blutig,0.045720627762062475
explodieren,0.0
ausgehungert,0.0
engagieren,-0.0015527950310559005
arm,0.14491075832771272
stören,-0.0033572586246816416
meisterlich,-0.0014848445191620442
unaufholbar,0.0
rückendeckung,0.0
diskriminierung,0.0
produktivität,0.0
zersetzen,0.0001359010237877126
beseitigen,-0.0015527950310559005
brüchig,-0.003105590062111801
zusammenschlagen,-0.004590434581273845
rücksicht,-0.025989812456587172
gütig,-0.008773166091184554
schlagend,-0.0014168940072681884
übergewicht,-0.0015527950310559005
bedeuten,-0.04772894289136978
wackelig,-0.0015527950310559005
ungünstig,0.0
bösartigkeit,0.0
wertsteigerung,0.0
entbehrungsreich,0.0
schenkung,0.0016207455429497568
charismatisch,0.0
abstoß,-0.003105590062111801
ehrfurcht,-0.00607527910043589
immens,0.0
entmutigung,0.0
hochheben,0.0
ankurbelung,0.0
verwirklichen,0.0
provozieren,0.0
ehrwürdig,-0.006143229612329746
unterstellen,0.0
schwerfällig,-0.0014168940072681884
gratulation,-0.0015527950310559005
unheilvoll,6.79505118938563e-05
zumutung,-0.0015527950310559005
abdanken,0.0
sterben,0.15887333017908734
leistungsfähig,0.0
eindeutigkeit,0.0
geisteskrank,0.0
speziell,-0.003105590062111801
bosheit,-0.00452248406937999
steuerhinterziehung,0.0
gräßlich,-0.003105590062111801
kränklich,-0.003037639550217945
bunt,0.12528312713289105
zuschuß,0.0
schimpfend,-0.0015527950310559005
undiplomatisch,0.0
bemerkenswert,0.0
farce,0.0
rausgeschmissen,0.0
bescheuert,0.0
einheit,-0.0025619859669609515
zerschlagung,0.0
verdächtige,-0.003105590062111801
ruhm,0.05085466643848717
sinn,0.11684216354429872
ersticken,-0.0009412404240111936
veraltet,6.79505118938563e-05
beteiligen,-0.007763975155279503
verdorben,0.0002038515356815691
unbehagen,-0.006211180124223602
eintönig,0.011345218800648298
nützlich,-0.006007328588542033
verbundenheit,0.0
verboten,0.0001359010237877126
bezaubernd,-0.0015527950310559005
highlight,0.0
würdevoll,-0.003037639550217945
glänzen,0.10861008486263929
bescheiden,0.008045843945357727
degradierung,0.0
vernachlässigung,0.0
konsequent,0.0
aufbesserung,-0.003105590062111801
verarschen,0.0
intelligenz,0.0
unterlaufen,-0.0015527950310559005
vertrautheit,0.0
profan,-0.0015527950310559005
fluch,0.03277479690347
gastfreundlich,0.0032414910858995136
mächtig,0.027708708738939172
grotesk,0.0032414910858995136
stimulieren,0.0
lebensfeindlich,0.0016207455429497568
unruhig,-0.0262616145041626
entschlüsseln,0.0
wunderbar,0.052553429235833574
liberal,-0.003037639550217945
anheitern,0.0
zugreifen,0.0016207455429497568
eifern,-0.007560123619597933
pünktlichkeit,-0.003105590062111801
blauäugig,-0.0015527950310559005
schlottern,-0.0014848445191620442
unerklärlich,-0.004658385093167702
sackgasse,0.0
ausreichend,-0.003105590062111801
dürr,0.044439634778581996
hinzunehmen,0.0
beitreten,0.0
uninformiert,0.0
individuell,0.0
faszinierend,0.0
weitreichend,0.0
beschränkung,-0.0015527950310559005
beilegen,-0.0015527950310559005
umtauschen,0.0
willkommen,-0.01592558663941935
aussetzen,-0.009316770186335404
trist,-0.003037639550217945
verhandelung,0.0
auftrieb,0.0
gefallen,-0.08619899936579521
wüten,-0.01680894329403948
exquisit,0.0
unschuldig,-0.01667304227025177
gunst,0.007298388314525301
übergewichtig,0.0
bergab,0.006686833707480596
anmaßung,-0.0015527950310559005
geringwertig,0.0
artig,-0.0664983842878283
herausfordern,0.0
gnade,0.013723486716933263
aufstocken,0.0
effizient,0.0
bund,0.025941995429698897
einbruch,-0.004590434581273845
unverständlich,-0.007696024643385647
abgleiten,0.0
treue,0.04789504414266588
bösartig,0.0
gewünscht,-0.003037639550217945
gültig,-0.030784098573542588
abschießen,6.79505118938563e-05
unstimmigkeit,0.0
stabilität,0.0
majestät,0.006618883195586741
komplikation,0.0
schramme,-0.003105590062111801
niederlage,-0.0015527950310559005
fadenscheinig,0.0
unseriös,0.0
progressiv,0.0
verschleudern,-0.0015527950310559005
ruchlos,0.001688696054843613
ermordung,-0.0015527950310559005
unvergleichlich,-0.003105590062111801
verfassungswidrig,0.0
heuchelei,6.79505118938563e-05
beeindruckend,0.0
gesundung,0.0
lohnend,6.79505118938563e-05
magisch,0.013033914855491912
verteidiger,-0.0015527950310559005
malerisch,-0.0014848445191620442
teuerung,-0.004658385093167702
uneinigkeit,-0.003105590062111801
unverhofft,0.0018245970786313253
gewachsen,6.79505118938563e-05
unverantwortlichkeit,0.0
angetrunken,0.0
lebensfähigkeit,0.0
aufschreien,-0.00452248406937999
scharf,-0.028949434752408465
belastbarkeit,0.0
sagenhaft,0.0
entwirren,0.0
vertrauter,0.0
ergebnislos,0.0
doppelspiel,0.0
defizit,0.0
experte,0.0
apokalyptisch,0.0
abnehmen,-0.009248819674441548
trottelig,0.0
gefährlich,-0.04806869545083906
zusammenstoß,-0.0015527950310559005
bedenklich,-0.018429688836989238
eingeschränkt,0.0016207455429497568
grandios,0.0016207455429497568
rehabilitieren,-0.0015527950310559005
verworren,0.014722610910335526
unerträglichkeit,0.0
verstricken,-0.0014848445191620442
todesstrafe,-0.003105590062111801
renitent,0.0
unterdrücken,-0.003105590062111801
hemmen,0.00857938129800578
verzicht,0.006890685243162165
sicherheit,-0.016944844317827196
kompensieren,0.0
überlastung,0.0
wohltuend,0.0
stürzen,0.0027960377301508993
murren,0.0005436040951508504
mist,-0.0029696890383240884
auffallen,-0.029503105590062112
rutschen,-0.004658385093167702
brisant,0.0
klarheit,0.005473791235893978
steigflug,0.0
willkürlich,-0.03881987577639751
fit,0.016479257477072996
rechtmäßigkeit,0.0
grundsätzlich,0.0
ruckeln,0.0
verstimmen,-0.009316770186335404
unvollkommenheit,0.0
vielseitigkeit,0.0
durchschlagend,0.0
interessieren,-0.003105590062111801
sensibel,0.0
vielversprechend,-0.0015527950310559005
hochtreibend,0.0
rückstand,0.0
erschöpfen,-0.00607527910043589
unzufrieden,-0.004658385093167702
abgedroschen,0.0
unerwiesen,0.0
lebendig,-0.003027572807715151
unumstritten,0.0
widerruf,0.00175664656673747
gewaltsam,-0.012422360248447204
eigenartig,-0.003105590062111801
handikap,0.0
dämpfen,0.008443480274218065
mangelhaft,0.0
vage,0.0016207455429497568
vermeiden,-0.015324098774877438
aufstockung,0.0
ausreichen,-0.004658385093167702
intensiv,-0.0015527950310559005
kopfschmerz,-0.006211180124223602
schrumpfen,0.008103727714748784
scheidung,-0.01235440973655335
einfallsreich,0.0
schurke,0.0018245970786313253
nachlassen,-0.003105590062111801
milde,0.024650935703715633
sorgenschwer,0.0032414910858995136
kontinuität,0.0
rivalität,-0.0015527950310559005
laune,-0.017886084741838386
gestiegen,-0.003037639550217945
standhaft,-0.0014848445191620442
vorsichtig,-0.030784098573542588
befallen,-0.002697886990748662
herrisch,0.004862236628849271
hilflos,-0.006007328588542033
diffamieren,0.0
verlässlich,0.0
mobil,-0.006211180124223602
erbe,0.04339521024391718
unermesslich,0.008239628738536498
rückversicherung,0.0
besser,-0.019506830284788144
kollision,0.0
unstetig,0.0
innovation,0.0
reizvoll,-0.003105590062111801
aufschwung,6.79505118938563e-05
verstand,-0.011335152058145507
mißfallen,0.0
unterliegen,0.006686833707480596
funkeln,0.04714758851183346
negativität,0.0
leichtsinn,-0.018633540372670808
fertigen,-0.018497639348883096
tragisch,0.0001359010237877126
lückenlos,0.0
ruppig,-0.003105590062111801
attacke,0.0016207455429497568
unnütz,-0.00918086916254769
entwirrung,0.0
lächerlich,-0.023291925465838508
abwechslungsreich,0.0
stürmisch,-0.0005335373526480537
außerordentlich,-0.031055900621118012
todesfall,-0.004658385093167702
unglaubwürdig,0.0
verrückt,0.00351329313347494
glücklos,0.0032414910858995136
pannenhilfe,0.0
kostengünstig,0.0
brüderlichkeit,0.0
sexy,0.0
verurteilung,-0.0015527950310559005
inkompetenz,0.0
ausgrenzen,0.0
aussichtslos,-0.0015527950310559005
einheitlichkeit,0.0
boshaft,-0.006143229612329746
wertig,-0.0015527950310559005
entlohnen,0.0
konstant,-0.003105590062111801
skandalös,-0.0015527950310559005
tolerant,0.0
abrutsch,-0.0015527950310559005
aufbringen,-0.010869565217391304
schimmlig,0.0
einnahme,-0.004658385093167702
leblos,-0.002901738526430232
drastisch,0.0
hundertprozentig,0.0
rosarot,0.0
gammeln,0.0
klaglos,0.0032414910858995136
übertreten,-0.0015527950310559005
wermutstropfen,0.0
befreiung,-0.0014848445191620442
vorzeigbar,0.0
streng,-0.054541610880135295
grenzenlos,-0.0011450919596927619
unbeliebt,0.0
dekadenz,0.0
tot,0.0178684679424585
auslöschung,0.0
wrack,0.0016207455429497568
fies,0.0
grottenübel,0.0
verdacht,-0.020050434379938996
überzeugung,-0.01235440973655335
dämlich,0.0016207455429497568
humorvoll,0.0
rückständig,-0.0015527950310559005
erfolgserlebnis,0.0
wahnsinn,-0.0007373888883296237
champion,0.0
belanglos,0.0
mager,-0.0024260849431732394
nervenaufreibend,0.0
wachsend,0.0002718020475754252
zwangslage,0.0
abspaltung,0.0
pflichtwidrig,0.0
verheeren,0.0033094415977933706
entbindung,0.0
packend,0.0
wertschätzen,0.0
tätig,-0.04806869545083906
sturheit,0.0
verzögern,0.0016207455429497568
exakt,-0.0015527950310559005
ekelig,0.0
widernatürlich,0.0
locker,-0.006143229612329746
nähe,-0.061955766733442705
produktiv,0.0
herrschaftlich,0.0
geschmacklos,-0.003105590062111801
unbotmäßig,0.0
meckern,-0.004658385093167702
witz,-0.008229561996033707
einsparen,0.0
konsolidieren,0.0
fragil,0.0016207455429497568
prügeln,6.79505118938563e-05
adrett,0.0
rutsch,-0.003037639550217945
glaube,-0.10883910325457782
geistlosigkeit,0.0
haft,-0.2567522675337487
lebensfähig,0.0
sparen,-0.007356272083916366
dummheit,-0.010869565217391304
schwierigkeit,-0.007763975155279503
hoffnungsfroh,0.0032414910858995136
rost,0.10732909187915883
klein,-0.1287913868951146
entziehen,-0.021467328387207184
festlichkeit,6.79505118938563e-05
halbfertig,0.0
freundschaft,-0.033753787611866676
zustimmung,-0.003105590062111801
dezimierung,0.0
morbid,0.0
verhängnisvoll,-0.006211180124223602
schmerzerfüllt,0.0016207455429497568
verschlechtern,6.79505118938563e-05
verdrießlich,-0.001348943495374331
zusammenarbeit,0.0
lautstark,0.0
präferenz,0.0
beliebtheit,0.0
hinreißend,6.79505118938563e-05
löschung,0.0
geiz,-0.004386583045592277
sprengung,-0.0015527950310559005
entschädigen,-0.004658385093167702
rentabilität,0.0
vergötterung,-0.0015527950310559005
anpassen,0.0
unheilbarkeit,0.0
teuer,-0.0329283147266376
lösen,0.0734872202703927
leistungsfähigkeit,0.0
bedrücken,-0.007696024643385647
zuschießen,0.0
untrennbar,0.0
respekt,-0.015459999798665152
ungerechtigkeit,-0.0015527950310559005
hervorragend,-0.0015527950310559005
super,-0.003105590062111801
verständlich,-0.021603229410994896
ehrgeizig,0.0
lösung,0.011752921872011435
kommunikation,0.0
unverschämtheit,-0.0015527950310559005
vergebung,-0.0029696890383240884
unpraktisch,0.0
überglücklich,-0.0014848445191620442
zusammenstoßen,-0.0015527950310559005
überwältigen,-0.007763975155279503
unsauber,-0.003105590062111801
unbestimmt,-0.010869565217391304
gewaltig,0.03194932401824094
bedarfsorientiert,0.0
froh,0.15838760985332756
schillern,0.003377392109687226
kämpfen,0.0310760341061236
belohnung,0.001688696054843613
historisch,0.0016207455429497568
unterirdisch,-0.003105590062111801
konkurrenz,-0.0015527950310559005
großzügigigkeit,0.0
zuflucht,-0.003037639550217945
entzückend,0.003377392109687226
langweilen,-0.0029696890383240884
unzumutbar,0.0
stau,0.07479841348138155
zerren,0.00837552976232421
favorisieren,0.0
epochal,0.0
beschädigung,-0.0015527950310559005
unterlassung,0.0
zensur,0.0
privilegiert,0.0
einschüchtern,-0.007763975155279503
verwöhnen,-0.0014848445191620442
kauf,-0.05109626825855422
schlapp,0.001688696054843613
einflußreich,0.0
gesund,-0.021729063692279817
gehorsam,-0.010665713681709734
neustart,0.0
rückgang,0.0
geldstrafe,0.0
unbedacht,0.0032414910858995136
maßlosigkeit,0.0
zittern,0.15298176912932743
unbeschwert,0.0
reparatur,0.0
stabil,0.0
auftrag,-0.030987950109224154
herunter,-0.05022297834643688
schwunghaft,0.0
blödheit,0.0
faschistisch,0.0
unglaubwürdigkeit,0.0
schaurig,0.02106969205834684
diffizil,0.0
berauschend,0.006550932683692884
gewissenhaft,-0.004658385093167702
häßlich,0.0
sauberkeit,-0.0015527950310559005
alptraum,0.0
korruption,0.0
reinigen,-0.021603229410994896
drift,0.0
unerhört,-0.0012130424715866197
rechtmäßig,-0.003105590062111801
gedenken,0.007182620775743179
leidende,-0.0014848445191620442
verherrlichen,0.0
wiedervereinigung,0.0
reduzieren,0.0
verwendbar,0.0
klischee,0.0
günstig,-0.021603229410994896
aufmerksamkeit,-0.026329565016056454
erzeugnis,-0.0015527950310559005
missgeschick,0.004998137652636983
vererben,0.0001359010237877126
transparent,0.0
ungewollt,-0.0015527950310559005
versöhnen,0.00992832479338011
geblitzt,0.0
überschaubarkeit,0.0
auferstehen,0.008239628738536498
entrüsten,6.79505118938563e-05
verringern,-0.0015527950310559005
fitness,0.0
formvollendet,0.0
genehmigung,-0.003105590062111801
auftreiben,6.79505118938563e-05
solidarisch,0.0
überholen,6.79505118938563e-05
abnutzung,0.0
zurückschicken,-0.003105590062111801
konfrontieren,0.0
fruchtbar,0.006958635755056022
flach,0.019924600098654075
seicht,0.001688696054843613
dahinschwinden,0.0016207455429497568
riesengroß,0.003377392109687226
ausbrechen,-0.021739130434782608
höflichkeit,-0.02011838489183285
geschmackvoll,-0.0015527950310559005
beunruhigen,-0.007763975155279503
fremd,0.07513816604085083
befall,-0.002697886990748662
optimistisch,0.0
explosiv,0.0
beängstigend,-0.003105590062111801
denkwürdig,0.0
heilsam,-0.004658385093167702
ungehorsamkeit,0.0
schwäche,-0.004114780998016853
schmerzlich,0.025194539798866485
toll,0.0357344191992913
drohung,-0.01235440973655335
vergeuden,0.0018245970786313253
unzüchtig,0.0
kontraproduktiv,0.0
desinteresse,0.0
frivol,0.0
unfug,-0.003105590062111801
vorzüglich,-0.004590434581273845
grenzdebil,0.0
konfliktfrei,0.0
vorteil,-0.024844720496894408
düsternis,0.0
gedrängt,-0.0014168940072681884
streiten,0.017566465667374697
müll,-0.004386583045592277
anklagen,-0.00762807413149179
terror,0.0
ramponieren,0.0
suchtfaktor,0.0
beunruhigt,-0.0015527950310559005
gammelig,0.0
bereitstellung,0.0
gebrechen,0.0
glanzvoll,0.0
verwunden,0.0004756535832569943
missglücken,0.0
brilliant,0.0
grausig,-0.0014848445191620442
unattraktiv,0.0
stagnieren,0.0
ungeschicklichkeit,0.0
wiederbelebung,0.0
ausbauen,0.0
verhöhnen,0.009860374281486253
finster,0.08510424111861642
gediegen,-0.004658385093167702
armut,0.0037850951810503644
unabhängig,-0.007763975155279503
furcht,-0.004094647513011265
einstürzen,-0.0015527950310559005
schenken,0.027970444044011798
trübsal,0.006482982171799027
warm,0.14757592840532732
illuster,0.0
unsolid,0.0
phänomenal,0.0
unehrlichkeit,0.0
ehren,0.01724936327853671
einstellen,-0.009316770186335404
sorgenfrei,0.0
lasch,-0.030784098573542588
preissturz,0.0
unvollkommen,0.0
hochhalten,0.0
versenkung,0.0
nachteil,-0.0015527950310559005
aufhebung,0.0
optimalität,0.0
mau,0.014141256530799201
ungerechtfertigt,-0.0015527950310559005
aufhören,-0.012286459224659492
berauben,0.0035812436453687953
unvorhergesehen,-0.0014848445191620442
minderung,0.0
zusammenhanglos,0.0
wutschäumend,0.0
aufwendig,0.0
verräterisch,0.001688696054843613
glücklosigkeit,0.0
wiederherstellen,0.0
rechtswidrigkeit,0.0
unwillig,-0.0012809929834804758
bessern,-0.008909067114972266
bekräftigung,0.0
florieren,0.0
beschruppt,0.0
erniedrigen,-0.006211180124223602
schön,0.21917311777082055
stumpfsinnig,-0.0014848445191620442
verlieren,0.029009835207425227
erlauben,-0.031997141045129206
sachgemäß,-0.0015527950310559005
arschloch,0.0
hilfsbereitschaft,0.0
kippen,-0.0015527950310559005
erhalten,-0.11030633097436
echtheit,0.0
leicht,-0.1745900319115737
veredeln,-0.003105590062111801
stattlich,-0.0027658375026425198
erstrebenswert,0.0
gravierend,0.0
entfremdung,0.0
konflikt,-0.0015527950310559005
diktatorisch,0.0
hochruf,0.0
dämpfer,0.0
abschluß,0.0
besorgnis,-0.009316770186335404
abtragen,-0.003105590062111801
abgrund,0.0155380170530618
last,0.06484995520299586
goldig,0.016343356453285284
zusammengehörigkeit,0.0
bekennend,0.0
abspalten,0.0
egoistisch,0.0
verletzung,-0.004658385093167702
zurückgegeben,0.0
heilig,0.14069530990466794
modernisieren,0.0
zukunftsweisend,0.0
eignen,-0.01856558986077695
anstrengen,-0.010869565217391304
schlägerei,0.0
gefährdung,0.0
trotten,0.0
ausbildung,-0.0015527950310559005
protestieren,-0.003105590062111801
verrückter,0.0032414910858995136
glanz,0.21469593404270312
unstetigkeit,0.0
elendig,-0.0015527950310559005
verschimmelt,0.0
ungeheuerlich,0.001688696054843613
kunstvoll,0.0033094415977933706
verschlingen,0.010471928888530959
prominent,0.0
wichtig,-0.036859377673978476
wiedervereinigen,0.0
verbittert,0.0032414910858995136
menschlich,0.0045325508118827795
krude,0.0
gehässig,0.0
doppeldeutigkeit,0.0
findig,-0.0015527950310559005
frieden,0.09483878111881776
verzwickt,0.0
individualität,-0.0015527950310559005
aufschlagen,-0.01349950169624611
lieblos,0.0016207455429497568
kooperation,0.0
fahrlässigkeit,-0.0015527950310559005
unumschränkt,-0.003105590062111801
traurigkeit,0.0037171446691565083
monoton,0.0016207455429497568
wehklagend,-0.003105590062111801
auszeichnen,-0.015527950310559006
unabhängigkeit,-0.004658385093167702
ausschließen,-0.0015527950310559005
unüblich,0.0
universell,0.0
verantwortungsbewußt,0.0
erheblich,-0.0015527950310559005
dussel,0.0
verfehlung,0.0
talentiert,0.0
zielgerichtet,0.0
unbesiegbar,0.0
geruhsam,-0.0015527950310559005
schauerlich,0.009724473257698542
profiliert,0.0
reichtum,-0.005871427564754322
stark,0.018537906318894265
riskieren,-0.0015527950310559005
aufblasen,0.0
irrsinnig,0.001688696054843613
gemeinschaft,-0.007696024643385647
gedeihlich,-0.004658385093167702
vergeben,0.032628829137179495
erklimmen,-0.001348943495374331
hysterie,0.0
addieren,0.0
seriös,0.0
lakonisch,0.0
provokation,0.0
entführung,6.79505118938563e-05
unruhe,-0.021739130434782608
fremdartig,-0.007763975155279503
aussterben,0.0032414910858995136
aufbereiten,0.0
trennung,-0.005803477052860464
spielerisch,-0.003105590062111801
strapaze,-0.004658385093167702
höflich,-0.04779689340326364
schaden,-0.03848012321692823
konkurrieren,0.0
aufblähen,0.0
bestrafen,-0.007763975155279503
verängstigen,0.0
hämisch,0.003377392109687226
verhasst,-0.004182731509910708
größe,-0.008433413531715273
jubel,0.09442101130495181
ausbruch,-0.004658385093167702
naiv,-0.006211180124223602
unterbrechen,-0.05117428551295087
wohltätigkeit,0.0
krise,-0.0015527950310559005
fahrlässig,-0.003105590062111801
knuffig,0.0
mißglücken,0.0
unwirksamkeit,0.0
verletzbar,0.0
notfall,-0.0015527950310559005
wertverlust,0.0
erzeugen,-0.018497639348883096
fortschritt,-0.003037639550217945
rauh,0.07327330199220834
gewährleistung,0.0
rosig,0.03140571992309009
verwirren,-0.0007373888883296237
unglaublich,-0.0015527950310559005
dreckig,0.0
einschränkung,-0.0015527950310559005
bewundert,-0.0015527950310559005
verteidigen,-0.015527950310559006
wachsam,-0.006143229612329746
pracht,0.1775446208361436
protest,-0.003037639550217945
schräglauf,0.0
ruin,-0.019914533356151284
seltsam,0.01527628174798916
unnötig,-0.007763975155279503
korrupt,0.0
abstimmung,0.0016207455429497568
protzig,-0.0015527950310559005
ziellosigkeit,0.0
denkfaul,0.0
bewegend,0.0
auseinandersetzung,-0.006211180124223602
fehleranfällig,0.0
schmerzhaft,-0.00452248406937999
nervös,-0.01390720476760925
verbund,-0.0011450919596927619
unbeschreiblich,-0.01390720476760925
widrigkeit,0.0
schlaff,0.029173419773095625
wärmstens,0.0
tolerieren,0.0
klimatisiert,0.0
beisteuern,6.79505118938563e-05
schwung,0.015198264493592519
integer,0.0
mühe,-0.037257014002838824
trägheit,6.79505118938563e-05
pessimistisch,0.0
kulanz,0.0
fidel,0.0001359010237877126
revolution,-0.003105590062111801
heben,0.07753656744214138
krüppel,0.0001359010237877126
schrott,0.0
effektiv,0.0
verdrängung,0.0
verbindlich,-0.007763975155279503
sonnig,0.03944149712594501
lähmung,0.0
garantiert,0.0
gültigkeit,-0.003105590062111801
verantwortungsvoll,0.0
abhängigkeit,-0.004658385093167702
befriedigend,-0.006211180124223602
schwindlig,-0.0015527950310559005
befriedigung,-0.00452248406937999
relevanz,0.0
missraten,-0.0015527950310559005
kränkung,0.0
verzichten,0.00992832479338011
andrang,0.0
wärmen,0.031677521970665506
exzellent,0.0
laienhaft,0.0
eifrig,-0.027542607487643075
stornierung,0.0
beschränken,-0.006143229612329746
zerbrechen,0.02357379425591673
ineffizient,0.0
begünstigung,-0.0015527950310559005
aufschwingen,0.0016207455429497568
ungeschminkt,0.0
sinnlos,-0.004386583045592277
verband,-0.004590434581273845
gesundheit,-0.01235440973655335
langlebig,0.0
schönheit,0.07004187764881162
wunde,0.11779347071081264
wahr,-0.06872816775219709
aktualisieren,0.0
lädiert,0.0
ärgern,-0.035578384690498
gedränge,-0.0026299364788548076
intervenieren,0.0
knorke,0.0
chaotisch,0.0016207455429497568
lob,-0.013887071282603664
optimismus,0.0
inkonsistent,0.0
nett,-0.02733875595196151
romantisch,-0.0015527950310559005
vorbildlich,0.0
unerwünscht,0.0
stehlen,0.009122985393156629
pflicht,-0.02246645258060944
angebot,-0.004658385093167702
erstechen,0.0018245970786313253
ehrlich,-0.022816271882581517
blockierung,0.0
zurückgehen,-0.0014848445191620442
absenken,0.0016207455429497568
dusselig,0.0
vereinigung,-0.0015527950310559005
missachtung,0.0
frech,-0.010383844891631515
fülle,0.10092412696175643
lukrativ,0.0
überschwemmung,0.0
unerfreulich,-0.0015527950310559005
unsittlich,-0.0015527950310559005
authentisch,0.0
triumph,0.0022323001499944626
spielend,0.01985664958676022
anomalie,0.0
isolieren,0.0
faszination,0.0
abweisen,-0.006211180124223602
beleidigt,-0.009316770186335404
sabotage,0.0
kollegial,0.0
qualität,0.0
hinterlistig,-0.0015527950310559005
untergraben,6.79505118938563e-05
rebellion,0.0
wert,0.02353604397153125
dominierung,0.0
haarig,0.0001359010237877126
beglückend,0.0035812436453687953
stattlichkeit,0.0
spürbar,0.0
freundlichkeit,-0.00452248406937999
spektakulär,0.0
bedeutsam,-0.0015527950310559005
trostlosigkeit,0.0
undemokratisch,0.0
schonungslos,-0.0015527950310559005
vermeidung,-0.0015527950310559005
immobil,0.0
vernichtung,0.008239628738536498
fortdauernd,-0.0015527950310559005
ausgeweitet,0.0
ausbau,0.0
spaß,-0.030716148061648726
liquidation,0.0
uneinholbar,0.0
übel,-0.051979624913174344
beherrscht,6.79505118938563e-05
archaisch,0.0
krumm,0.0004756535832569943
erweitert,0.0
hochtrabend,0.0
trennen,-0.009306703443832609
verdient,6.79505118938563e-05
kollidieren,0.0
ausbeute,-0.003105590062111801
kranken,0.010268077352849393
stupide,0.0
lernen,-0.03110371764800629
steigend,0.006754784219374452
verehrt,-0.00762807413149179
verwerfung,0.0
rentabel,0.0
träge,0.017702366691162402
ergiebig,0.0
unterbrechung,-0.007763975155279503
deinstallieren,0.0
gallig,0.0
stil,0.38588592367395835
kümmerlich,0.0016207455429497568
dilemma,0.0
verleumden,0.0
provisorium,0.0
brillanz,0.0
ausgeglichen,0.0
schlamperei,0.0
unzusammenhängend,-0.0015527950310559005
gefahr,-0.04239105267926352
töricht,-0.012082607688977924
auferstehung,0.006550932683692884
qualitativ,0.0
feige,-0.016740992782145622
funktionierend,-0.0015527950310559005
leichtsinnig,-0.017080745341614908
phantasievoll,-0.0015527950310559005
gutgehend,0.0
raub,0.05384448896181683
vergeltungsmaßnahme,0.0
ermutigung,0.0
einkaufen,-0.004658385093167702
bombastisch,0.0
keim,0.042615037699950675
grimmig,-0.0023581344312793816
gerechtigkeit,-0.004250682021804564
dreck,6.79505118938563e-05
flaute,0.0
ruhe,0.20981608061447393
charmant,0.0016207455429497568
bedrängung,0.0
intakt,0.0
prächtig,0.009258886416944341
spaßig,0.0
konsultation,0.0
jähzornig,-0.004658385093167702
gestresst,0.0
auskurieren,0.0
notstand,0.0
annullieren,0.0
ungesund,0.0016207455429497568
instabil,0.0
vereidigen,0.0
melodrama,0.0
scheusslich,0.0
drosselung,0.0
gewalttätige,-0.004658385093167702
ergaunern,0.0
einwandfrei,0.0
empfehlung,-0.003105590062111801
träne,0.024467217653039663
verlockend,0.004862236628849271
arrogant,0.0
partnerschaftlich,0.0
ausschließung,0.0
sturz,0.005405840724000122
sympathisieren,0.0
intervention,0.0
alkoholisiert,0.0
entschwinden,0.01013217632906168
brutalität,0.0
luxuriös,-0.0015527950310559005
trophäe,6.79505118938563e-05
beauftragen,-0.0015527950310559005
heil,0.23735868810211702
kongenial,0.0
armselig,0.0001359010237877126
abführen,-0.004658385093167702
vergeltung,0.0
vertreiben,-0.0009412404240111936
cool,0.0
bestechung,0.0
ausgleiten,0.0
verschönerung,0.0
besteuerung,0.0
misstrauensantrag,0.0
konsistenz,0.0
unbesiegbarkeit,0.0
ungenauigkeit,0.0
schwächlich,0.0016207455429497568
wiedergutmachung,0.0
abstumpfung,0.0
bekümmert,0.006686833707480596
garantie,-0.0015527950310559005
schelte,-0.005463724493391182
unlauter,0.0
verwerflich,0.0
galant,-0.007763975155279503
uneingeschränkt,0.0
hungertod,0.0032414910858995136
hinterhalt,-0.003105590062111801
ermunternd,-0.0015527950310559005
vorantreiben,0.0
einbuße,0.0
enorm,0.0
fehlverhalten,0.0
unqualifiziert,0.0
heimsuchung,0.0
beschädigen,0.0
diebstahl,-0.007763975155279503
zensieren,0.0
grauen,0.05788125270543704
einschrumpfen,0.0
loyalität,0.0
schleppend,0.004862236628849271
aufbereitung,0.0
ergänzung,0.0
flüchtiger,0.0
gemein,-0.04670968521296194
beheben,-0.003105590062111801
glamourös,0.0
ehebruch,0.0
schuldlos,0.0032414910858995136
banal,0.0
erschweren,-0.0014848445191620442
fehlen,-0.061412162638291884
lähmen,-0.006007328588542033
diplomatisch,0.0
aufwühlen,-0.0015527950310559005
unvereinbar,0.0
gammlig,0.0
ergebnisreich,0.0
begnadigen,-0.0015527950310559005
verbinden,-0.019574780796682005
abstieg,-0.0015527950310559005
geschickt,-0.036859377673978476
vergöttern,-0.0015527950310559005
bonus,0.0
schuldlosigkeit,0.0
bürde,0.00351329313347494
zerstörerisch,0.0
mobilität,0.0
kulant,-0.0015527950310559005
abreißen,-0.007763975155279503
abstoßend,0.0
hochattraktiv,0.0
vollständig,-0.018633540372670808
nachlässigkeit,-0.004658385093167702
schädigen,-0.004658385093167702
gut,-0.2528690216132962
erzielen,-0.003037639550217945
umtausch,0.0
energisch,-0.009316770186335404
einbrecher,-0.0015527950310559005
vereinfachen,0.0
attraktivität,0.0
bombe,0.0016207455429497568
hartnäckig,-0.009248819674441548
invasion,0.0
ausgewogen,0.0
groß,-0.07826640627359394
ungewohnt,-0.009248819674441548
leidenschaftlich,-0.013839254255715394
kraft,0.09802238843532621
ungeliebt,-0.0015527950310559005
erholung,-0.007763975155279503
perfektion,0.0
knuddelig,0.0
zuvorkommend,-0.003105590062111801
freundschaftlich,-0.007763975155279503
liquidieren,0.0
versuchung,0.0032414910858995136
motivieren,0.0
spektakel,-0.0015527950310559005
mangelbehaftet,0.0
verzückt,0.0032414910858995136
verehrung,-0.004658385093167702
glanzlos,0.0
ungezogen,-0.004658385093167702
energielos,0.0
gewalttätig,-0.004658385093167702
schelten,-0.0023581344312793816
ermöglichen,-0.004658385093167702
überlegt,0.0
mord,-0.007278254829519715
vorhersehbar,0.0
zeitsparend,0.0
traumatisch,0.0
befangenheit,-0.004658385093167702
verzögerung,0.0
verrücktheit,0.0016207455429497568
bedeutungslosigkeit,0.0
ekelerregend,0.0
reklamation,0.0
lässig,-0.022816271882581517
nah,-0.03710852955092264
reifen,-0.025453758418313432
frustrierend,0.0
unregelmäßig,-0.004658385093167702
verfluchen,0.00837552976232421
kräftig,-0.011063350010570079
wohlwollend,-0.009316770186335404
relevant,0.0
ingeniös,0.0
störungsfrei,0.0
gefährden,-0.0015527950310559005
hinhauen,0.0
leichtsinnsfehler,0.0
respektieren,0.0
arbeitslose,0.0
explosion,0.0
skandal,-0.0014168940072681884
versenken,0.016343356453285284
verharmlosen,0.0
zenit,0.0032414910858995136
hochkarätig,0.0
spott,0.016489324219575788
jähzorn,-0.004658385093167702
magern,0.0
unermüdlich,-0.010733664193603592
mißmutig,0.0
scheiden,0.07316760119592902
grottenschlecht,0.0
eindeutig,0.0
fruchtlos,0.0001359010237877126
kriegerisch,-0.0014168940072681884
duft,0.3073502320384147
rechtswidrig,0.0
ungebeten,0.0016207455429497568
widrig,-0.009316770186335404
niederschmetternd,0.0
etabliert,0.0
repräsentativ,0.0
kümmern,-0.008161611484139845
ausfall,-0.003037639550217945
abbruch,0.0
verfehlen,-0.006211180124223602
gefecht,-0.004454533557486133
folgewidrig,0.0
unkritisch,0.0
freisprechen,0.0
auszeichnung,-0.003105590062111801
ungeteilt,-0.003105590062111801
geil,6.79505118938563e-05
brüderlich,0.0033094415977933706
gelohnt,-0.003105590062111801
arbeitslos,-0.0015527950310559005
meisterwerk,0.0
allerbeste,0.0016207455429497568
intelligent,0.0
zwingen,-0.008015643717849352
unbefriedigend,-0.0015527950310559005
beschämen,-0.005803477052860464
brandneu,0.0
praktikabel,0.0
unerbittlichkeit,0.0
keimig,0.0
qualitätsverbesserung,0.0
dauerhaft,0.0
bewundern,-0.015188197751089724
klug,-0.04137179500085568
ungesetzlich,0.0
ordentlich,-0.07142857142857142
zivilisiert,0.0
zufriedenstellend,0.0
abnahme,-0.0015527950310559005
erhaltung,-0.03260869565217391
qualitätsminderung,0.0
ängstigen,-0.01390720476760925
gewährleisten,-0.0015527950310559005
aggression,0.0
undurchführbar,-0.0015527950310559005
erfreuen,-0.0180219857656261
leidenschaft,-0.0298327914070286
erhältlich,0.0
verkehrswidrig,0.0
unbarmherzig,-0.003105590062111801
weglassen,0.0
totalitär,0.0
spröde,0.006550932683692884
paradies,0.04119814369268248
sparsamkeit,-0.006211180124223602
berühmt,-0.015324098774877438
tragfähig,0.0
lüge,0.1213143139011647
abgründig,0.0
beleidigen,-0.020186335403726708
meisterhaft,-0.003105590062111801
konkurrenzkampf,0.0
beenden,-0.020050434379938996
bedeutungslos,-0.0015527950310559005
farblos,0.004930187140743126
beschleunigen,-0.006211180124223602
garnichts,-0.0015527950310559005
schubsen,0.0
unvergleichbar,0.0
krachen,0.01499441295791095
furchterregend,0.0
akkurat,-0.0015527950310559005
giftig,-0.007560123619597933
besorgniserregend,0.0
verschwenderisch,-0.0015527950310559005
kontinuierlich,0.0
beschwerde,0.008443480274218065
betrügerisch,0.0
umsichtig,0.0
ehrwürdigkeit,0.0
rückschritt,0.0
erzürnt,-0.0015527950310559005
irrational,0.0
positiv,0.0
zwecklos,-0.0014848445191620442
einzigartigkeit,0.0
humanitär,0.0
ärger,-0.06346074473761036
verwirrung,-0.018633540372670808
sichtbar,0.00021391827818435794
fatal,-0.009316770186335404
charakterschwach,0.0
unbestimmtheit,0.0
hart,0.0069108187281677474
erhöhung,-0.007763975155279503
geschicklichkeit,-0.003105590062111801
exotisch,-0.0015527950310559005
senken,0.044109948961615505
helligkeit,6.79505118938563e-05
erlösen,0.03430745844952032
stilllegung,0.0
revolte,0.0
verwundung,-0.003105590062111801
ärgerlich,-0.020186335403726708
verschwinden,-0.02354359402840836
verbesserung,0.0
unselig,0.008171678226642642
verdienst,0.006550932683692884
harmonisierung,0.0
kompatibilität,0.0
achtlos,0.00837552976232421
stoßen,-0.06647825080282271
abgestanden,0.0
rosten,0.006618883195586741
heiligtum,0.009860374281486253
streik,0.0
tod,0.26517309763733554
breitgefächert,0.0
katastrophe,-0.0015527950310559005
verdorbenheit,0.0
verspätet,-0.0015527950310559005
hübsch,-0.05366832096801795
realistisch,0.0
unvernünftig,-0.007763975155279503
hammer,0.03120186838740852
betrug,0.0002718020475754252
missmutig,-0.004658385093167702
inbrünstig,0.006618883195586741
zulegen,-0.004658385093167702
erlösung,0.00992832479338011
hinausgehend,0.0
befangen,-0.029095402518698972
nennenswert,0.0
solidarität,0.0
würdigen,0.003377392109687226
beschweren,0.006550932683692884
warmherzig,-0.0015527950310559005
zusammenrechen,0.0
schlüssig,-0.007763975155279503
existenzbedrohend,0.0
passend,-0.004658385093167702
nachteilig,0.0
kompetenz,0.0
unmoral,-0.0015527950310559005
panne,0.024321249886749143
befremdlich,0.0
fähigkeit,-0.001348943495374331
elegant,-0.006143229612329746
verachten,-0.007152420548234796
angreifer,0.0
beträchtlich,-0.004658385093167702
heiß,0.19495756868035075
vereinfachung,0.0
doof,0.0
ehrenwert,-0.0015527950310559005
korrektheit,0.0
original,-0.004658385093167702
bedenken,-0.01599353715131321
messbar,0.0
absurdität,0.0
lohnen,0.004056897228625789
untragbar,0.0
oberflächlich,-0.006211180124223602
gedeihen,0.0038530456929442205
sklave,0.011752921872011435
unsterblich,0.02437913365614021
rückständigkeit,0.0
zerschunden,0.0
diskret,-0.003105590062111801
witzig,-0.010869565217391304
anpassungsfähigkeit,0.0
friedvoll,0.0033094415977933706
spannend,0.0
intellekt,0.0
nötigung,0.0
furchtbar,-0.018895275677743437
entmutigen,0.0
traumatisieren,0.0
helfen,-0.03373365412686109
turbulenz,0.0
naivität,-0.0015527950310559005
klar,0.0550097144065152
aufmerksam,-0.06049105569928627
überfüllung,0.0
begriffsstutzig,0.0
vermindern,-0.0015527950310559005
übereinkunft,0.0
unterlassen,-0.004590434581273845
vertrauensvoll,0.0
zersetzend,0.0
abweichung,0.0
bewährt,0.001688696054843613
beifallsruf,0.0
phantasie,-0.0009412404240111936
ehrfürchtig,0.001688696054843613
aufsteigen,-0.013771303743821538
schwach,0.03708336269466563
absperrung,0.0
knappheit,0.0
profit,6.79505118938563e-05
verletzt,-0.0014848445191620442
unpopulär,0.0
zaudern,0.0002718020475754252
modernität,0.0
planmäßig,-0.0015527950310559005
übertreiben,-0.004658385093167702
groll,0.046196281345319466
deinstalliert,0.0
willensstark,0.0
heimzahlen,0.0016207455429497568
lebhaft,-0.06055900621118013
ungeschickt,-0.013975155279503106
anerkennenswert,0.0
geschäftig,0.0052019891883185515
kahl,0.02823217934908443
ausweiten,0.0
vergrößern,-0.007763975155279503
dumm,-0.015449933056162352
bösewicht,-0.0015527950310559005
schwund,0.018032052508128893
funktionieren,-0.003105590062111801
abschwächen,0.0
bankrott,0.0
prestige,0.0
beförderung,0.0
schuftig,0.0
annähern,-0.0015527950310559005
fesch,0.0
unpassend,-0.0015527950310559005
lückenhaft,-0.0015527950310559005
ersparnis,-0.003105590062111801
krass,0.0
gewalttätiger,0.0
unmoralisch,-0.0015527950310559005
mürrisch,-0.010801614705497448
abschwächung,0.0
respektvoll,-0.0015527950310559005
sprengstoff,0.0
beschränkt,6.79505118938563e-05
geduld,-0.016662975527748973
ungleichheit,0.0
genesen,0.013169815879279624
beachtenswert,0.0
unterstützung,-0.0015527950310559005
unachtsam,-0.0015527950310559005
zufließen,-0.0015527950310559005
unzurechnungsfähig,-0.0015527950310559005
umstritten,0.0
verschmutzung,0.0
ungültig,0.0
vergrößerung,-0.0015527950310559005
böse,-0.04433141729667697
unbewiesen,0.0
kriechen,-0.009850307538983461
schwer,0.2346029173419773
unredlich,0.0
entsetzlich,-0.027678508511430788
schimmelig,0.0
überschreiten,-0.006007328588542033
unrühmlich,0.0
aggressor,0.0
belastung,-0.0015527950310559005
schwächen,0.0
tiefgreifend,0.0
zögern,-0.020991674803950186
ungeduld,-0.02288422239447537
bevormundung,0.0
einkauf,-0.009316770186335404
sicher,-0.1381106737670757
zweitklassig,0.0
fleißig,-0.008909067114972266
lebensgefahr,-0.0015527950310559005
dezimieren,0.0
unwirtlich,0.001688696054843613
bonität,0.0
kränken,-0.01370335323192768
überflüssig,-0.01235440973655335
anpassungsfähig,0.0
solid,-0.003037639550217945
verräter,0.008171678226642642
missglück,-0.0015527950310559005
ablenkung,-0.0015527950310559005
beispielhaft,0.0
systematisch,0.0
aktuell,0.0
wüste,0.022632553831905537
annullierung,0.0
miesepetrig,0.0
geglückt,0.0
modernisierung,0.0
stilsicher,0.0
erschlagen,0.007909942921570011
robustheit,0.0
desolat,0.0
abwertung,0.0
blind,0.03397777263255383
triumphal,0.0
fesselnd,0.0016207455429497568
wiederkehren,0.0036491941572626505
banalität,0.0
unbefugt,0.0
defizitär,0.0
gehörig,-0.015459999798665152
trugschluss,0.0
unterentwickelt,0.0
anfälligkeit,0.0
stornieren,0.0
glaubwürdig,0.0
ernüchterung,0.0
hinfällig,-0.003105590062111801
bestätigung,-0.0015527950310559005
beruhigung,-0.0014848445191620442
terrorismus,0.0
diktator,0.0
räuber,-0.032133042068916914
motiviert,0.0
disziplinlos,0.0
scheußlichkeit,0.0
abwerten,0.0
nervosität,0.0
unfähigkeit,0.0016207455429497568
krank,0.01434510806648076
missverständnis,6.79505118938563e-05
klassisch,0.0
abrupt,0.0
gestank,0.0
unvereinbarkeit,0.0
erschütternd,0.0002038515356815691
geschätzt,-0.0015527950310559005
ratlosigkeit,-0.004658385093167702
superlativ,0.0
beleidigung,-0.003105590062111801
erstklassig,0.0
propaganda,0.0
beisteuerung,0.0
perfektionist,0.0
verletzen,-0.019982483868045138
pompös,0.0
pünktlich,-0.006211180124223602
unbequem,-0.01390720476760925
nähren,0.010539879400424817
diffamierung,0.0
freiwillig,-0.03254074514028006
gewichtig,-0.004590434581273845
stillstehen,-0.0014848445191620442
magie,0.0032414910858995136
faschist,0.0
strafverfahren,0.0
läppisch,0.0
würdig,-0.08911080463472826
zurückbleiben,-0.01390720476760925
füllen,0.03379405458187784
vermitteln,-0.0015527950310559005
mühsam,-0.0039788799742291395
vollständigkeit,0.0
schnäppchen,0.0
problematisch,0.0
talent,-0.0029696890383240884
vorsorglich,0.0
unwahrheit,-0.004658385093167702
beruhigend,-0.0015527950310559005
rivale,-0.003105590062111801
selbstständig,0.0
grausam,-0.00046558684075420284
störung,-0.0028337880145363767
bedrohung,0.0
trauern,0.04268298821184453
undiszipliniert,0.0
verehren,-0.0027658375026425198
reizend,-0.0022901839193855238
erleiden,-0.005803477052860464
sinnlosigkeit,0.0
konfrontation,0.0
beeindrucken,0.0
krankheit,-0.015052296727302013
flexibilität,0.0
kollaps,0.0
scheiße,0.0
konjunkturaufschwung,0.0
raffiniert,0.0
genesung,0.0033094415977933706
glanzlosigkeit,0.0
unerbittlich,-0.001348943495374331
unwürdig,-0.003105590062111801
rückhaltlos,-0.006211180124223602
hunger,0.050718765414699454
erfüllen,0.0008934233971229291
unbezahlbar,-0.0015527950310559005
ende,-0.04339521024391724
feindlich,0.0020963991262067504
beilegung,0.0
unzuverlässigkeit,0.0
meisterschaft,0.0
hochwertig,0.0
beschwerlichkeit,0.0
unverantwortliche,-0.0015527950310559005
praktisch,-0.004590434581273845
professionell,0.0
kontroverse,0.0
zulässig,-0.0015527950310559005
erschüttern,-0.0072203710601286535
bedrohlich,-0.0015527950310559005
durcheinander,-0.010733664193603592
androhen,0.0
bedeutung,-0.01235440973655335
anstrengung,-0.021739130434782608
unschön,-0.0015527950310559005
aufblühen,0.006550932683692884
schmutzig,-0.0012130424715866197
versklaven,0.0
abwärtstrend,0.0
minderwertig,-0.0015527950310559005
stilllegen,0.0
versagen,0.010471928888530959
züchtigen,-0.003105590062111801
betrunken,-0.010733664193603592
tradition,0.0
schlachtfeld,-0.0014168940072681884
verwendbarkeit,0.0
wissen,-0.11180627560727618
empathisch,0.0
erkennbar,-0.00452248406937999
unbedeutend,-0.012422360248447204
gewinn,0.003057773035223532
unpersönlich,0.0
bedeutend,-0.03260869565217391
heraufsetzen,0.0
frohlocken,0.0018925475905251822
heirat,-0.06670223582350987
fertigkeit,-0.007696024643385647
kreativ,0.0
ungerecht,-0.010733664193603592
inkonsequent,0.0
mißachten,0.0
verbieten,-0.021603229410994896
profitabel,0.0
faszinieren,0.0
vertrauenswürdigkeit,0.0
applaus,0.004862236628849271
unmut,-0.00431863253369842
golden,0.07065343225585632
überhöhung,0.0
sinnvoll,0.0016207455429497568
unübersichtlich,0.0
destruktiv,0.0
progression,0.0
vulgär,0.0
ausgleich,-0.003037639550217945
annehmbar,-0.0015527950310559005
schnelligkeit,-0.009316770186335404
tadellos,-0.003037639550217945
rehabilitation,0.0
sorgen,0.034055789886950474
umgänglich,-0.003105590062111801
bedrängen,0.0033094415977933706
schadensbild,0.0
tragödie,0.0
liberalismus,-0.0015527950310559005
tödlich,-0.007492173107704079
famos,-0.003037639550217945
drängelnd,0.0
genervt,0.0
gekränkt,6.79505118938563e-05
kampf,0.08030995500166102
aufgeben,-0.027950310559006212
begünstigen,-0.0015527950310559005
sehenswert,0.0
rebellisch,0.0
zerstreuen,-0.01215055820087178
reparieren,-0.0015527950310559005
ununterbrochen,-0.009316770186335404
genial,-0.003105590062111801
fiasko,0.0
epidemie,0.0
standhaftigkeit,0.0
überschreitung,0.0
deformation,0.0
untauglich,0.0
verderblich,0.0032414910858995136
angreifen,-0.017080745341614908
schocken,0.0
siegeszug,0.0
fehltritt,-0.0015527950310559005
beknackt,0.0
beeinträchtigung,-0.0015527950310559005
verzerrung,0.0
ausgleichszahlung,0.0
angemessen,-0.0015527950310559005
mögen,-0.03407089000070462
steigerung,0.0
konjunkturrückgang,0.0
sanft,0.140277540090802
korrekt,-0.0015527950310559005
wundersam,0.037480999023525974
förderung,0.0
achtlosigkeit,-0.0015527950310559005
subvention,0.0
wachstum,0.0016207455429497568
feuern,0.00351329313347494
unvermeidlich,-0.003037639550217945
verführerisch,-0.004658385093167702
verheißungsvoll,0.0
pest,0.003377392109687226
beschissen,0.0
dominieren,0.0
eigenkapital,0.0
streit,0.0276407582270453
lohn,0.039247712332766235
schick,0.019363379204123315
offensichtlich,0.0
kacken,0.0
höhnisch,-0.0011450919596927619
gastfreundlichkeit,0.0
erschlossen,-0.005939378076648177
trotzen,0.013305716903067335
fehlanzeige,0.0
überwältigt,0.0016207455429497568
unsicherheit,0.0
gebrechlich,0.0
befreien,0.004464600299988925
gefesselt,-0.00452248406937999
fortschreiten,6.79505118938563e-05
beifall,0.0034453426215810823
stoß,-0.057287314897772224
flüchtling,0.0001359010237877126
leer,0.09800225495032064
hoffnungslos,0.00351329313347494
zerschmettern,-0.00452248406937999
beheizbar,0.0
leistung,-0.007763975155279503
bedrückung,0.0
weitgehend,0.0
zugänglich,-0.009316770186335404
benefiz,0.0
vertraut,0.007502239850206871
unklar,0.0
recht,-0.2117790954025187
insturz,0.0
mies,0.0
unermeßlich,0.0
abschuß,0.0
apathisch,0.0
diszipliniert,0.0
abfallen,-0.003105590062111801
kränkeln,-0.0015527950310559005
spezialität,0.0
empathie,0.0
genau,-0.07371875534795695
verleumdung,-0.0014848445191620442
ausrottung,0.0
bahnbrechend,0.0
symbiose,0.0
verdammt,0.0005436040951508504
aufwerten,0.0
gemütlich,-0.009248819674441548
flair,0.0
verwelken,0.00992832479338011
enttäuschen,-0.006211180124223602
stagnation,0.0
glasklar,0.0
festlich,0.013305716903067335
bedauern,-0.024640868961212842
geldgeber,0.0
skrupellos,-0.0015527950310559005
fürchten,-0.08424856800587899
gering,-0.03321018351671583
bestürzung,-0.006211180124223602
aufstand,-0.0015527950310559005
uneinig,-0.003105590062111801
konsens,0.0
grausamkeit,-0.006211180124223602
kontrovers,0.0
zuversichtlich,-0.009316770186335404
legitimität,0.0
enträtseln,-0.0015527950310559005
überdurchschnittlich,0.0
glamour,0.0
unvollständigkeit,0.0
bewirken,-0.003037639550217945
verabscheuungswürdig,0.0
weiträumig,0.0
gegner,-0.010733664193603592
grau,0.2243725902735134
mittellosigkeit,0.0
enthaupten,0.0
abweisung,0.0
schlimmer,-0.004658385093167702
schmuggeln,0.0
stinken,-0.0029696890383240884
hoch,0.21800789232612222
perfekt,0.0
verfallen,-0.0039788799742291395
mindern,0.0001359010237877126
sorgfältigkeit,0.0
abmachung,-0.003105590062111801
atemberaubend,0.0
absurd,0.0
begrenzung,0.0
freundlich,-0.03825613819624106
imposant,0.0
zwiespältig,0.0
vielzahl,-0.0015527950310559005
abschaffung,0.0
verdecken,-0.0012809929834804758
beschwichtigen,-0.009248819674441548
fehlkonstruktion,0.0
unberechtigt,0.0
rein,0.19355074141558531
feindselig,-0.00607527910043589
unparteilichkeit,-0.0015527950310559005
stabilisieren,0.0
egoist,0.0
ausdauer,-0.0014848445191620442
unverantwortlich,-0.003105590062111801
verhandeln,-0.010801614705497448
niederträchtig,6.79505118938563e-05
ehrlichkeit,-0.003105590062111801
abstoßen,-0.003105590062111801
dreist,0.0034453426215810823
primitiv,0.0
hinreichend,-0.004658385093167702
humor,0.001688696054843613
klettern,-0.005803477052860464
heikel,0.0
rat,-0.27203861602424073
vagheit,0.0
unverwundbarkeit,0.0
manipulation,0.0
unsportlich,0.0
hauptsächlich,-0.004658385093167702
unbestritten,0.0016207455429497568
hektisch,-0.0015527950310559005
steigern,-0.01235440973655335
ermahnung,-0.003105590062111801
drängen,0.03459939398210134
rammen,-0.003105590062111801
größtmöglich,0.0
erliegen,0.005541741747787833
koordinieren,0.0
hell,0.2854273835529561
lächeln,0.13496985010620413
beachtlich,0.0
beliebt,-0.006211180124223602
erfahrung,-0.016944844317827196
gönnerschaft,0.0
wettbewerbswidrig,0.0
genie,0.023176157927056386
ausgestorben,0.0
anstößig,0.0
kapitalverbrechen,0.0
schuldnerin,0.0
schlicht,0.018575656603279745
partnerschaft,0.0
bestens,-0.0015527950310559005
integrieren,0.0
aufbessern,0.0
aufruhr,0.0002718020475754252
lästig,-0.009248819674441548
funktionsfähig,0.0
wirksamkeit,-0.0015527950310559005
bedürftig,-0.003105590062111801
kentern,0.0016207455429497568
chic,-0.014923945760391383
gemeinsam,-0.0014168940072681884
unhöflich,-0.003105590062111801
ausführlich,-0.006211180124223602
überrunden,0.0
narr,0.016353423195788072
fruchtbarkeit,0.004862236628849271
bündnis,0.0
kapitulation,0.0
markant,-0.0015527950310559005
rücksichtsvoll,-0.0015527950310559005
belohnen,0.0002718020475754252
ablaufen,-0.003037639550217945
frustration,0.0
angestrengt,-0.009316770186335404
gleichstellen,0.0
jammer,0.037762867813604196
harmonie,0.021137642570240697
kostenlos,0.0
zerfressen,0.0
menschenwürdig,0.0
korrektur,0.0
toleranz,0.0
unzumutbarkeit,0.0
kompliziert,0.0
maximum,0.0
schädigung,-0.003037639550217945
prunkvoll,0.0
brillant,0.0016207455429497568
vertrauenswürdig,0.0
maximal,0.0
wirr,0.08227045310408006
handicap,0.0
leere,0.018507706091385884
genügend,-0.015527950310559006
untröstlich,-0.0015527950310559005
handgemenge,0.0016207455429497568
unheilbar,-0.004658385093167702
konstanz,0.0
weich,0.14690649002889156
erbrechen,-0.03988695048169363
zoll,0.0005436040951508504
kläger,6.79505118938563e-05
human,0.0
kompatibel,0.0
kriminell,0.0
hinterlassen,-0.00607527910043589
strenge,-0.01836173832509538
wahnsinnig,-0.00762807413149179
kunstreich,0.001688696054843613
gefestigt,0.0
schlau,-0.0039788799742291395
arbeitslosigkeit,-0.0015527950310559005
abriss,0.0
freudlos,0.004862236628849271
meiden,0.0016308122854525528
planlos,6.79505118938563e-05
blüte,0.11528685182761711
legalität,0.0
sündenbock,0.0
dynamisch,0.0
heimsuchen,0.0
wertvoll,-0.0015527950310559005
kompliment,-0.0014168940072681884
liebenswürdig,-0.04185751532661546
wiedergewinnen,0.0
üppig,0.03120186838740852
hurrageschrei,-0.0015527950310559005
diskreditieren,0.0
weisheit,0.0014949112616648372
heuchlerisch,0.001688696054843613
revanchieren,0.0
wiedergutmachen,0.0
kündigen,-0.005939378076648177
treffend,-0.012422360248447204
verstehen,-0.10043588995037095
ultimativ,0.0
künstlerisch,-0.006211180124223602
zuversicht,-0.018497639348883096
herausgehoben,0.0
ausgleichen,-0.003037639550217945
unfreundlichkeit,0.0
aufrichtigkeit,-0.0015527950310559005
schmeichelnd,0.01168497136011758
ausgeflippt,0.0
zweifellos,-0.006211180124223602
luxus,-0.003037639550217945
engstirnig,0.0
amateur,0.0
begeistern,0.005134038676424696
dieb,-0.02288422239447537
unberührt,0.009792423769592398
abschreibung,0.0
degradieren,0.0
gehaltszulage,0.0
fertig,-0.08492807312481754
katastrophal,0.0
verwickeln,-0.004658385093167702
ungehorsam,-0.006211180124223602
hungern,0.02768857525393358
herabsetzen,0.0
anbieten,-0.01390720476760925
menschlichkeit,0.0033094415977933706
rückzug,-0.003037639550217945
verstoß,0.011549070336329867
anreicherung,0.0
spitze,-0.015517883568056216
vorwärts,0.007909942921570011
großspurig,0.0
hinterlist,-0.006143229612329746
zwietracht,0.0
plausibilität,0.0
umfangreich,-0.0015527950310559005
schlag,0.12089906077292445
weitläufig,-0.006211180124223602
zurückgewinnen,0.0016207455429497568
rache,0.010220260325961128
sintflut,0.004862236628849271
vertrag,-0.0247088194731067
legendär,0.0
schrecklich,-0.033753787611866676
ruhig,-0.1266295539426397
begnadigung,0.0
edel,0.08888933629966679
nutzbringend,0.0
beschwerlich,-0.007763975155279503
entschlüsselung,0.0
behämmert,0.0
inkonsistenz,0.0
belästigung,0.0
unverwundbar,0.0
beschneiden,6.79505118938563e-05
provisorisch,0.0
schlechtigkeit,-0.004658385093167702
vertreibung,0.0
sorglos,-0.01059776316981588
gammler,0.0
blockieren,0.0
umgetauscht,0.0
verlöbnis,0.0
versklavt,0.0
unübertrefflich,0.0
fairness,0.0
reinfall,0.0
radikal,-0.003105590062111801
heruntermachen,0.0
inkonsequenz,0.0
souverän,-0.0014848445191620442
abhängig,-0.009316770186335404
abschuss,0.0
unzuverlässig,0.0
unhöflichkeit,-0.003105590062111801
finanzierung,0.0
erholsam,0.0
bedrückt,-0.0014848445191620442
konzertiert,0.0
einweihung,0.0
befördern,-0.006211180124223602
schaffen,0.02691343608121849
inspiration,-0.0015527950310559005
konstruktiv,0.0
engagement,0.0
festakt,0.0
unterwürfig,0.0
präzise,0.0
umsorgen,0.0
niederschlagen,-0.0012809929834804758
bedeppert,0.0
makelhaft,0.0
humanität,0.0
ausgewählt,0.0
verwirklichung,0.0
freispruch,0.0
misstrauisch,-0.004658385093167702
übertreibung,-0.0015527950310559005
legitim,6.79505118938563e-05
verbannen,0.017896151484341184
ungemütlich,-0.0015527950310559005
unrentabel,0.0
gabe,0.0024462184281788257
steigen,0.06920885470670546
fair,0.0016207455429497568
kurz,-0.08274359000171136
koordiniert,0.0
übermenschlich,0.0
entlohnung,0.0
ernsthaftigkeit,0.0
erarbeiten,-0.006211180124223602
liebling,0.013645469462536619
turbulent,0.0
vermittlung,0.0
übertreffen,-0.004658385093167702
heftig,-0.08972235924177296
unaufrichtig,0.0
erreichen,-0.05130011979423578
disziplin,0.0
abstrich,0.0
frustrieren,0.0
ergiebigkeit,0.0
abstumpfen,0.0
erfreulich,-0.007763975155279503
zusammenhalt,-0.004590434581273845
vergeblich,-0.010529812657922024
untreu,-0.003037639550217945
feier,0.047962994654559735
wertlos,-0.0014848445191620442
wärme,0.056396408186275004
geisteskrankheit,0.0
kostspieligkeit,0.0
tristesse,0.0
ernüchternd,0.0
nerven,-0.012218508712765638
löschen,0.04228535188298419
augenweide,0.0016207455429497568
hungersnot,0.0032414910858995136
weltberühmt,0.0
ordnungswidrig,0.0
verächtlich,-0.01701279482972105
abgesichert,0.0
hochgradig,0.0
charme,0.0
schade,-0.05245527849643134
beschäftigungslose,0.0
knapp,0.006822734731268309
labil,0.0
jubiläum,-0.0015527950310559005
ungezwungen,0.0016207455429497568
unerquicklich,0.0016207455429497568
exponiert,0.0
widersprüchlich,0.0
strahlen,0.13920039864300313
unerwartet,-0.020186335403726708
kur,-0.11805017264463391
fuchsteufelswild,0.0
kürzen,-0.0012809929834804758
distanziert,0.0
verständnis,-0.01701279482972105
führen,-0.0719117750687055
kompromiss,0.0
zulage,0.0
erwürgen,0.0018245970786313253
dürre,0.0032414910858995136
liebenswert,0.0016207455429497568
überlasten,0.0
opposition,-0.0015527950310559005
massaker,0.0
vererbung,0.0
überzeugt,-0.018633540372670808
hilflosigkeit,-0.003105590062111801
fabelhaft,-0.010869565217391304
prima,0.0016207455429497568
optimist,0.0
ziellos,0.009792423769592398
aufwärts,0.004396649788095067
voranbringen,0.0
bestechen,0.0016207455429497568
weitsichtig,0.0
nutzlosigkeit,0.0
verheerend,0.001688696054843613
anstieg,-0.006211180124223602
missachten,0.0032414910858995136
kooperativ,0.0
wahrheit,0.023380009462737952
zusammenhalten,-0.004590434581273845
umwerfend,0.0
stütze,-0.030308444990285593
namhaft,-0.0015527950310559005
koordinierung,0.0
vertraulich,-0.009112918650653834
geeignet,-0.007763975155279503
gelähmt,0.0
merkwürdig,-0.031055900621118012
defekt,-0.0015527950310559005
abzocke,0.0
redundanz,0.0
freikommen,0.0
abschrecken,-0.004658385093167702
gesteigert,-0.0015527950310559005
paradiesisch,6.79505118938563e-05
repetiv,0.0
hingabe,-0.006211180124223602
idiot,0.0
vertrauenerweckend,0.0
erweitern,-0.00452248406937999
brechen,0.08967705890051039
entschluß,0.0
entgleiten,0.006482982171799027
trügerisch,6.79505118938563e-05
ungeordnet,0.0
phantastisch,-0.003037639550217945
bevorzugt,-0.0015527950310559005
tatenlos,0.0
mühelos,-0.0015527950310559005
spende,0.03444335947330804
absolut,-0.007696024643385647
beleben,0.00857938129800578
traditionsreich,0.0
beseitigung,0.0
herzig,-0.019574780796682005
beunruhigung,0.0
stärken,-0.004250682021804564
versäumnis,0.0
abschreckend,-0.0015527950310559005
unbequemlichkeit,-0.004658385093167702
einfallsreichtum,0.0
unmenschlich,-0.004658385093167702
überlegenheit,-0.009316770186335404
unehrlich,0.0
ausbeuter,0.0
idiotisch,0.0
verderben,-0.0017465798242346786
unverzichtbar,0.0
riskant,0.0
schwächung,0.0
widerspruch,-0.002697886990748662
gigantisch,-0.003105590062111801
bekannt,-0.05210545919445927
habgier,0.0016207455429497568
boom,0.0
unfall,-0.0014848445191620442
hoffnungsvoll,-0.0014848445191620442
ansteigen,-0.0014848445191620442
unbestreitbar,0.0
verwüsten,6.79505118938563e-05
überschaubar,0.0
unantastbar,6.79505118938563e-05
verdunkeln,0.013101865367385768
geschäftsauflösung,0.0
unglücklich,-0.032472794628386197
verrucht,0.003377392109687226
billig,-0.021603229410994896
verschmutzen,0.0
gründlichkeit,0.0
hochklassig,0.0
originalität,0.0
täuschen,-0.024369066913637414
närrisch,0.0004077030713631382
akzeptanz,0.0
verstrickung,0.0016207455429497568
verantwortung,-0.007763975155279503
geräumig,-0.0015527950310559005
schmuck,0.05301901607658777
freund,-0.15205562881907045
denkfehler,0.0
illoyal,0.0
zahlungsunfähigkeit,0.0
kompensation,0.0
allgemeingültig,0.0
versiert,0.0
missfallen,-0.0014848445191620442
mittelmäßigkeit,0.0
profitieren,0.0016207455429497568
fesseln,0.015470066541167945
sprengen,0.01715876259601156
besitz,-0.07141850468606864
entführen,0.004998137652636983
grob,-0.010665713681709734
hindernis,-0.009248819674441548
affäre,-0.0015527950310559005
fad,0.10569827959370628
auseinandersetzen,-0.0015527950310559005
feiern,0.007366338826419159
flüssig,-0.008909067114972266
gnädig,-0.02078782326826862
blöd,0.01168497136011758
altmodisch,0.0
pikiert,-0.0014848445191620442
upgraden,0.0
wünschenswert,-0.003105590062111801
harmonisch,0.009724473257698542
kraftlos,-0.009316770186335404
anspannung,-0.0015527950310559005
verkleinern,0.0
hohn,0.03761690004731369
überlegen,-0.04813664596273292
ertragreich,0.0
gezielt,0.0
schirmherrschaft,0.0
ausrotten,-0.0015527950310559005
erschlaffen,0.012965964343598054
verlust,-0.0026299364788548076
kälte,-0.0025619859669609515
göttlich,0.03012472693960961
verblüffend,0.0
brand,0.07159467267986752
wirkungsvoll,-0.0015527950310559005
erschreckend,0.00175664656673747
höchstmöglich,-0.0015527950310559005
prachtvoll,-0.004454533557486133
anreichern,0.0
hingeben,-0.008773166091184554
abneigung,-0.003105590062111801
finanzkrise,0.0
expertise,0.0
süchtig,-0.02389341333038042
klasse,-0.01701279482972105
pflegen,-0.0246987527306039
attackieren,0.0
anklage,-0.010665713681709734
aussetzung,0.0
nachhaltigkeit,0.0
tadelnswert,0.0
rechthaberisch,0.0
offensive,0.0
ausschalten,0.0
schlotterig,0.0
modern,0.013237766391173482
einschlag,-0.015527950310559006
tadelsfrei,0.0
abschließen,-0.010869565217391304
prekär,0.0
ruinös,0.0
konsistent,0.0
sorgfältig,-0.020050434379938996
pflege,-0.03057018029535822
rüde,0.01796410199623504
entschädigung,-0.0014848445191620442
unerlaubt,-0.0015527950310559005
unfreiwillig,-0.003105590062111801
kalt,0.11388002456285169
sympathie,0.001688696054843613
rätselraten,0.0
verfeinern,0.0
krieg,-0.06331477697131985
furchtlosigkeit,0.0
nervig,0.0016207455429497568
morden,-0.010054159074665028
beschwichtigung,0.0
ästhetisch,-0.0015527950310559005
authentizität,0.0
stiftung,-0.006211180124223602
beschäftigungsloser,0.0
bereit,-0.12703725701400284
wichtigtun,0.0
unzufriedenheit,-0.0015527950310559005
glückseligkeit,-0.004658385093167702
entziehung,0.0
heimtückisch,-0.003037639550217945
nachahmenswert,0.0
aktualität,0.0
anziehung,0.0
beschuldigung,-0.0015527950310559005
anmaßen,0.0
betrügen,0.005813543795363259
wichtigtuer,-0.0015527950310559005
autonomie,0.0
wiederherstellung,-0.003105590062111801
reichlich,-0.008773166091184554
langlebigkeit,0.0
unten,-0.01989439987114569
belehrbar,0.0
weitsichtigkeit,0.0
einfach,-0.04320645882198979
comeback,0.0
kostbarkeit,0.0
bildung,-0.01390720476760925
abnutzen,0.0
bestürzt,-0.00452248406937999
einhalten,0.0
erstaunen,-0.05711366358959904
vereinbarung,0.0
ungeahnt,6.79505118938563e-05
unterwerfung,0.0
rechtsgültigkeit,0.0
trauma,0.0032414910858995136
volltrunken,0.0
eleganz,-0.003105590062111801
wunschgemäß,0.0
leistungsstark,0.0
verbannung,0.0016207455429497568
schädigend,0.0
beschäftigungslos,0.0
fehlkauf,0.0
belästigen,-0.006211180124223602
zappeln,-0.007560123619597933
ausbeutung,-0.003105590062111801
erklärt,0.014926462446017093
abdämpfen,-0.0015527950310559005
erfüllung,0.0020284486143128944
entspannung,0.0
planvoll,-0.0015527950310559005
ruhmreich,0.0016207455429497568
einbrechen,-0.0028337880145363767
niedlich,0.0001359010237877126
übergroß,0.0033094415977933706
rücktritt,0.0
nutzen,-0.0293672045662744
erosion,0.0
sensation,0.0
schmutz,0.008647331809899635
loswerden,-0.003105590062111801
behütet,0.0
freiheit,0.03667565962330249
verrat,-0.009306703443832609
zerrissen,-0.0027658375026425198
bestehen,-0.06291714064245951
anstand,-0.006143229612329746
glückwunsch,-0.0015527950310559005
wiederbeleben,0.0
glorreich,0.004862236628849271
leichtigkeit,-0.004658385093167702
ungenau,6.79505118938563e-05
riesig,0.008443480274218065
vergewaltigen,0.0
qualifiziert,0.0
umjubelt,-0.0015527950310559005
heuchler,0.0033094415977933706
stifter,0.0016207455429497568
glänzend,0.006764850961877247
fest,0.016957427745955655
bedauerlich,-0.004658385093167702
kritisch,0.0
einschüchternd,0.0
lebensgefährlich,-0.003105590062111801
zufügen,-0.013975155279503106
versöhnung,-0.0014848445191620442
eklatant,0.0
inflation,0.0
horror,0.0
zulässigkeit,0.0
geizhals,-0.0015527950310559005
angesehen,-0.0015527950310559005
besonnen,-0.009316770186335404
fehlerfrei,0.0
vergolden,0.0002718020475754252
sauber,-0.03254074514028006
hässlich,-0.004114780998016853
finte,0.0016207455429497568
unwahr,-0.007763975155279503
aktivität,0.0
erdrückend,0.0
ungebührlich,-0.0014848445191620442
rückversichern,0.0
ermüdung,-0.003105590062111801
unkorrekt,0.0
angespannt,0.0
totschlag,-0.0015527950310559005
übertrieben,-0.004658385093167702
monotonie,0.0
einzigartig,0.0
anlocken,0.0032414910858995136
vorwand,-0.010801614705497448
wohlgeordnet,-0.0015527950310559005
wagen,-0.003269174627782201
herzlich,-0.027270805440067648
hektik,0.0
bußgeld,0.0
erfahren,-0.056152289680582265
wundervoll,0.005541741747787833
autonom,0.0
effektvoll,0.0
vergöttert,-0.0015527950310559005
arroganz,0.0
besondere,-0.018633540372670808
agitation,0.0
verzeihen,-0.02706695390438608
qualitätsvoll,0.0
verärgern,0.0
wegfallen,0.0
suboptimal,0.0
top,-0.017546332182369107
zugabe,0.0
dunkelheit,-0.003910929462335282
dekadent,0.0
verantwortlich,-0.004658385093167702
enttäuschend,0.0
machtlos,0.0034453426215810823
bedauernswert,-0.004658385093167702
unbefriedigt,-0.0014848445191620442
hassen,0.02215690024864854
eifer,-0.037800618097989666
interessenvertretung,0.0
aufmunternd,-0.0015527950310559005
bewundernswert,0.0
vorbehaltlos,0.0
vernichten,-0.013431551184352257
fantasievoll,0.0
albtraum,0.0016207455429497568
erschütterung,-0.007763975155279503
linderung,0.0032414910858995136
unschätzbar,0.0
pessimismus,-0.0015527950310559005
wohltätig,-0.004658385093167702
rezession,0.0
hochrangig,0.0
erniedrigung,0.0
schamlos,6.79505118938563e-05
richtig,-0.09931093147568378
detailliert,0.0
gleichwertig,0.0
anziehen,-0.0231560244420508
kriminalität,0.0
gerechtfertigt,-0.0015527950310559005
gefragt,-0.0014848445191620442
kündigung,-0.003037639550217945
visionär,0.0
schwerwiegend,0.0
gift,-0.007821858924670563
mißbrauchen,0.0
verspielen,0.0016207455429497568
überfallen,-0.029299254054380545
feuer,0.0854540604205885
innovativ,0.0
absinken,0.001688696054843613
unternehmerisch,0.0
erschießen,-0.01059776316981588
beneidenswert,-0.0015527950310559005
konkret,0.0
unsozial,0.0
erleuchten,0.011956773407693003
furchtlos,0.004930187140743126
macht,0.1121913285080081
zweifelhaft,-0.007763975155279503
begehrt,0.001960498102419039
rächen,-0.0009412404240111936
auskommen,-0.026397515527950312
toppen,0.0
haarsträubend,-0.0015527950310559005
zwieträchtig,0.0
mondän,-0.0015527950310559005
unwirtschaftlichkeit,0.0
dienlich,-0.0015527950310559005
falsch,-0.005453657750888394
beklagenswert,0.0
überfluß,0.0
reinigung,-0.006211180124223602
unrecht,-0.033821738123760534
entwürdigend,0.0
übersichtlich,0.0
einhaltung,0.0
begnadet,0.0
wiederaufleben,0.0
faul,0.007094536778843733
begrenzt,0.006618883195586741
ankurbeln,0.0
rabiat,-0.0015527950310559005
aufwertung,0.0
erwünscht,-0.004590434581273845
ausgrenzung,0.0
garstig,-0.004658385093167702
robust,-0.003105590062111801
erstaunlich,-0.010869565217391304
pech,-0.004454533557486133
effizienz,0.0
wegweisend,0.0
wertlosigkeit,0.0
blockade,0.0
müdigkeit,0.0035812436453687953
ambivalenz,0.0
rasend,-0.011674904617614786
besteuern,0.0
wutentbrannt,0.0016207455429497568
maßlos,6.79505118938563e-05
unverzichtbarkeit,0.0
wertschätzung,0.0
verstärken,-0.0015527950310559005
vorzeitig,0.0
niedergleitend,0.0
betrüger,-0.004658385093167702
ungebrochen,0.0016207455429497568
abfällig,0.0
anhebung,0.0
kritiker,0.0
problemlos,0.0
beleidigend,-0.004658385093167702
schmücken,0.07564150316599053
erleuchtung,0.0016207455429497568
komplett,0.0
simpel,6.79505118938563e-05
welken,0.03930559610215731
mutlos,-0.006211180124223602
möglichkeit,-0.027950310559006212
unverhältnismäßigkeit,0.0
kommod,-0.003105590062111801
empören,-0.004454533557486133
bravourös,0.0
geschick,0.012714295781028215
genehmigen,-0.0015527950310559005
hilfe,-0.044487451805470264
entlastung,0.0
lügner,-0.012422360248447204
miteinander,-0.030919999597330303
wohlbehalten,0.0
kompetent,0.0
verstoßen,0.009860374281486253
risiko,0.0
aufrichtig,-0.021739130434782608
verirren,-0.0012130424715866197
abfuhr,0.0
deformieren,0.0
sinken,0.21538550590414446
verschönern,-0.0015527950310559005
barriere,0.0
besorgt,-0.034161490683229816
skeptisch,0.0
dynamik,0.0
engagiert,0.0
unfein,0.0
abweichen,-0.003105590062111801
privileg,0.0
infektion,0.0
gleichstellung,0.0
mutlosigkeit,0.0
täuschung,0.008647331809899635
erben,0.1245180547026788
fulminant,0.0
unbegrenzt,0.009724473257698542
schätzen,0.003988946716731931
illegal,0.0
flüchtend,6.79505118938563e-05
beunruhigend,-0.003105590062111801
gewinner,-0.0015527950310559005
instabilität,0.0
komfort,0.0
verstärkung,0.0
blendend,0.0004077030713631382
kurieren,-0.003105590062111801
upgrade,0.0
romantik,0.0
ermüden,-0.00904496813875998
unsolidarisch,0.0
schlank,0.045187090409414425
mißlingen,0.0
behinderung,0.0
belebtheit,0.0
unwissend,-0.002901738526430232
stress,0.0
bärenstark,0.0
entlasten,0.0016207455429497568
herausforderung,0.0
abfall,-0.0014848445191620442
töten,-0.027134904416279932
getreu,0.016683109012754563
vorsorge,0.0
einbehalten,0.0
zurückgeben,-0.0014848445191620442
unfehlbarkeit,0.0
undankbarkeit,0.0
wirksam,-0.004658385093167702
widerstandsfähigkeit,0.0
aufrühren,-0.0015527950310559005
überwältigend,0.0
bereitstellen,0.0
einschränken,-0.004658385093167702
wachsamkeit,-0.003105590062111801
zuverlässig,-0.007763975155279503
zwangsmaßnahme,0.0
investieren,0.0
erschöpfung,-0.003105590062111801
hurra,0.011413169312542154
verhängnis,-0.007560123619597933
bewunderer,-0.0015527950310559005
moralisch,-0.003037639550217945
ziel,0.07734026596333692
begrenzen,0.0
senkung,0.0016207455429497568
kinderleicht,0.0
interessant,-0.02167117992288875
zerstören,-0.0023581344312793816
wunder,0.07050998117519153
streiken,0.0
verwüstung,-0.003105590062111801
driften,0.0
unschuld,-0.002687820248245869
mild,0.18801654972467458
makellos,0.0001359010237877126
vorsicht,-0.03989701722419642
vereiteln,-0.0015527950310559005
inspirierend,0.0
vorankommen,0.0
ungedeckt,0.0
erstrangig,0.0
vermachen,0.0016207455429497568
wirkungslos,0.0
unsinnig,-0.004658385093167702
hysterisch,-0.0015527950310559005
unsäglich,0.0002718020475754252
brillieren,0.0
beschämung,-0.003105590062111801
überwinden,-0.01370335323192768
zielstrebig,0.0
geärgert,0.0
gerecht,-0.02571801040901175
entbinden,-0.0015527950310559005
ausbilden,-0.004658385093167702
wahren,0.012306592709665082
bereicherung,0.0
zerschlagen,0.001960498102419039
unzureichend,-0.0015527950310559005
stützen,-0.02882360047112355
erpressung,0.0
vernichtend,0.001688696054843613
ansehnlich,-0.009316770186335404
anstrengend,-0.0015527950310559005
moral,-0.006143229612329746
hölle,0.015945720124424936
geduldig,-0.010122109586558885
hochdruckgebiet,0.0
umfassend,0.004862236628849271
schlauheit,-0.006211180124223602
reinheit,-0.0028337880145363767
brennen,0.07835952364174478
wirtschaftlich,-0.0015527950310559005
krach,0.015062363469804805
schäbig,0.0
missverstehen,-0.0015527950310559005
aggressivität,0.0
premium,0.0
integrität,0.0
anheiterung,0.0
kraftvoll,0.0001359010237877126
unverlangt,0.0
großzügig,0.0
massiv,-0.0015527950310559005
nachlässig,-0.01390720476760925
verschwenden,0.0020284486143128944
unvollständig,0.0
überschwänglichkeit,0.0
verschleppen,0.0
applaudieren,0.0
schmackhaft,0.0
antiquiert,0.0
flüchtigkeit,0.0
fürchterlich,-0.016740992782145622
undankbar,-0.003105590062111801
greifbar,0.0016207455429497568
kurzsichtig,-0.0015527950310559005
bevormunden,0.0
borniert,0.0
verbeulen,0.0
subventionieren,0.0
unangemessen,0.0
bereichern,-0.004658385093167702
unwiderstehlich,-0.0029696890383240884
blöde,0.0016207455429497568
entschlossen,-0.01235440973655335
terrorisieren,0.0
genialität,0.0
niedergang,0.0032414910858995136
bombardierung,0.0
isolation,0.0
verlobung,-0.010869565217391304
spenden,0.019788699074866363
populär,0.0016207455429497568
geschmacklosigkeit,0.0
gewinnbringend,0.0
unzivilisiert,0.0
flüchtig,0.009462737952625911
begeisterung,-0.010733664193603592
nützen,0.0005436040951508504
abdankung,0.0
gauner,-0.0014848445191620442
sensationell,0.0
kostspielig,-0.0015527950310559005
potent,0.0016207455429497568
minderwertigkeit,0.0
unerträglich,-0.017080745341614908
zugänglichkeit,0.0
verfall,-0.005463724493391182
neu,0.04371482931838083
launisch,-0.003105590062111801
uneinsichtig,0.0
nachhaltig,-0.003105590062111801
wohlwollen,-0.013975155279503106
ablenken,6.79505118938563e-05
blühen,0.22380885269335696
zerstört,6.79505118938563e-05
undurchsichtig,0.0016207455429497568
ungeduldig,-0.013771303743821538
himmlisch,0.03843230619003996
flau,0.01013217632906168
rücksichtslos,-0.006007328588542033
vitalität,0.0
wiederkehr,0.010200126840955535
bedürftige,-0.0015527950310559005
hochwertigkeit,0.0
absenkung,0.0
vereinen,0.04875826731228042
unverhältnismäßig,0.0016207455429497568
sympathisch,0.0
annäherung,-0.004658385093167702
außergewöhnlich,-0.003105590062111801
anerkannt,-0.004658385093167702
verweigerung,0.0
unangenehm,-0.012422360248447204
würgen,0.00702658626694988
überschwemmen,0.0016207455429497568
aktiv,0.0
heucheln,0.0033094415977933706
tyrannisch,-0.003105590062111801
verkrüppeln,0.0
renovierung,0.0
flexibel,0.0
hörenswert,0.0
puppig,0.0
reif,0.0071071202069722395
angriff,-0.010665713681709734
treu,0.16866575394867975
gewalt,0.039869333682313726
chaos,0.0033094415977933706
absteigen,-0.006143229612329746
diffus,0.0
erschüttert,-0.0015527950310559005
weichheit,0.0016207455429497568
einflussreich,0.0
mitmenschlich,0.0
befürchtung,-0.004658385093167702
fehlermeldung,0.0
charakterstark,0.0
einmalig,0.0
schlitterbahn,0.0
dissens,0.0
schlimm,-0.03489887957155943
quicklebendig,0.0
dunkel,0.29097919204324674
matt,0.11136585562277904
pleite,0.0
irre,0.077690085265309
abbau,-0.0015527950310559005
logisch,0.0016207455429497568
unrentabilität,0.0
vorbereitung,-0.010869565217391304
unterwerfen,-0.00762807413149179
wohltat,6.79505118938563e-05
durchdacht,0.0016207455429497568
mobilisieren,0.0
menschenwürde,0.0032414910858995136
oberflächlichkeit,-0.0015527950310559005
schulden,-0.002901738526430232
befriedigen,-0.018497639348883096
zeitverschwendung,-0.0015527950310559005
enthusiastisch,6.79505118938563e-05
reich,0.12402478432004194
verschwörung,-0.0015527950310559005
bestmöglich,0.0
praktikabilität,0.0
bizarr,0.0
überparteilichkeit,0.0
geschenk,-0.0133636006724584
ausfallen,-0.004658385093167702
überfluten,-0.003105590062111801
grauenvoll,0.0033094415977933706
vernünftig,-0.018497639348883096
konkurs,-0.0015527950310559005
genehm,-0.054211925063168805
heilung,-0.0029696890383240884
barbarisch,0.0
wohlstand,-0.0015527950310559005
ermorden,-0.012218508712765638
kurseinbruch,0.0
anspruchsvoll,-0.0015527950310559005
schmuggel,0.0
kürzung,0.0
anschießen,0.0016207455429497568
sprung,-0.0045803678387710475
ambivalent,0.0
scheiß,0.0
unzweifelhaft,-0.003105590062111801
ehebrechen,0.0
manipulieren,0.0
festigkeit,-0.0014848445191620442
schmerzen,0.047477274328799945
hilfreich,-0.0015527950310559005
legal,0.0016207455429497568
nutzlos,0.00175664656673747
ertrag,-0.03935341312904557
ertrinken,0.01013217632906168
verdammen,-0.006007328588542033
statisch,-0.0015527950310559005
funktionsfähigkeit,0.0
beschneidung,0.0
launenhaftigkeit,0.0
verkleinerung,0.0
verherrlichung,0.0
hilfsbereit,0.0
vorsorgen,0.0
betäuben,0.006822734731268309
anständig,-0.021739130434782608
bedarfsgerecht,0.0
belastbar,0.0
erneuern,0.0033094415977933706
gruselig,-0.0015527950310559005
missbrauchen,-0.003105590062111801
unbedingt,-0.017080745341614908
agil,0.0016207455429497568
diskretion,-0.003105590062111801
besserung,-0.009316770186335404
zerstörung,0.0002038515356815691
ausbeuten,-0.003105590062111801
friedlich,0.021613296153497687
kreativität,0.0
überragend,0.0
kapitulieren,0.0
dilettantisch,0.0
unwichtig,0.0
faulheit,-0.0015527950310559005
erleichtern,-0.00918086916254769
richtigstellen,0.0
exzellenz,-0.0015527950310559005
abstimmen,0.0
schirmherr,0.0
zusammenbrechen,6.79505118938563e-05
abschätzig,0.0
güte,0.004736402347564353
vielfältig,-0.00452248406937999
mangeln,-0.006143229612329746
erfolg,-0.0722339108287949
lindern,0.006618883195586741
genießbar,0.0
demütigen,-0.004658385093167702
unsinn,-0.015459999798665152
vergammelt,0.0
imponierend,-0.0015527950310559005
hungrig,0.0020963991262067504
gewaltfrei,0.0
entlassung,-0.004658385093167702
wille,-0.03724694726033603
ordnungsmäßigkeit,0.0
erschaffen,-0.006812667988765515
verminderung,0.0
reibungslos,0.0
anteilig,0.0
bejubelt,0.0
unangefochten,-0.0015527950310559005
vermehrt,0.0
anspannen,-0.003105590062111801
negativ,0.0
fördern,-0.00762807413149179
herrlichkeit,0.03147367043498394
elend,0.03148373717748673
entlassen,-0.0293672045662744
unbrauchbar,0.0
auflösen,-0.009248819674441548
aufwärtstrend,0.0
fehde,0.006550932683692884
trugschluß,0.0
abschreiben,-0.004658385093167702
gratulieren,-0.006211180124223602
verlangsamung,0.0
gnadenlos,0.0016207455429497568
anerkennung,-0.004590434581273845
wankelmütig,0.0016207455429497568
rechtlich,-0.004590434581273845
widernatürlichkeit,0.0
erlaubnis,-0.010869565217391304
vollkommen,-0.05265913003211291
lieb,0.29998892658324694
knurrig,0.0
aufrecht,-0.018225837301307668
zauberhaft,0.006550932683692884
fallen,-0.04107734278264896
strafbar,-0.0015527950310559005
heiterkeit,-0.007356272083916366
langweiler,0.0
genuss,-0.0002617353050726329
durchhalten,0.0
barmherzig,-0.01370335323192768
widersinnig,-0.0015527950310559005
vielseitig,0.0
herausragen,0.0
überlegung,-0.012422360248447204
gangster,0.0
erweiterung,0.0
stärke,0.004260748764307359
genießen,0.027426839948860943
teuflisch,6.79505118938563e-05
zweideutig,-0.003105590062111801
handlich,6.79505118938563e-05
nötigen,-0.017080745341614908
akzeptabel,0.0
bombardement,0.0
löblich,-0.0015527950310559005
bombig,0.0
vorteilhaft,-0.010869565217391304
glatt,0.015741868588743366
unbegründet,-0.003105590062111801
herrlich,0.04938995540433069
auflösung,-0.003105590062111801
ungeeignet,-0.0015527950310559005
hochgestellt,-0.0015527950310559005
missgelaunt,0.0
unaufhörlich,-0.01235440973655335
stiften,-0.0028337880145363767
schal,0.14521779397404794
zahlungsunfähig,0.0
verbessern,-0.006211180124223602
unterbelichten,0.0
tauglich,0.0016207455429497568
weise,-0.1039869333682314
wohltäter,0.0
rückläufig,0.0
höhepunkt,0.0
anteil,-0.009316770186335404
erschöpft,0.0020284486143128944
harmonisieren,0.0
traditionell,0.0
motivation,0.0
gelungen,0.0
schlecht,-0.009490421494508586
idyllisch,0.0016207455429497568
einträglich,0.0
verlierer,0.0
unscharf,0.0
beschuldigen,-0.0015527950310559005
scheiss,0.0
behaglich,0.0006795051189385625
menschenunwürdig,0.0
scheitern,-0.002901738526430232
teufelskreis,0.0
konsultieren,0.0
überzeugend,0.0
beanstandet,0.0
beschleunigung,-0.0015527950310559005
abbauen,0.0
mittellos,0.0
unübertroffen,0.0
potenz,0.0
annehmlichkeit,-0.003105590062111801
exorbitant,0.0
investition,0.0
energielosigkeit,0.0
zerrung,0.0
schockierend,0.0
behutsam,-0.007560123619597933
unparteiisch,0.0
kritik,0.004862236628849271
untergang,0.0020963991262067504
schande,0.010403978376637103
happig,0.0
unzulässig,-0.0015527950310559005
herzlos,-0.001348943495374331
stocken,0.008783232833687349
agilität,0.0
strahlend,0.012296525967162283
heilen,0.028436030884766
rückgrat,0.0
überraschend,-0.0014848445191620442
schnell,-0.0017742633661173568
absturz,0.0
bombardieren,0.0
abbrechen,-0.006211180124223602
ausdauern,-0.0015527950310559005
auseinanderfallen,0.0
ermutigend,0.0
verdrängen,0.0001359010237877126
ausradieren,0.0
unfähig,-0.0014848445191620442
rücksendung,0.0
handfest,0.0
wunderschön,0.0037171446691565083
leuchtend,0.10839616658445492
kooperieren,0.0
trott,-0.0015527950310559005
schutz,-0.005123971933921903
prächtigkeit,0.0
grundlegend,0.0
dufte,0.07267181412766642
monumental,0.0
exklusiv,0.0
anständigkeit,-0.0015527950310559005
widerstandsfähig,-0.0015527950310559005
allererste,0.0
sichern,-0.04806869545083906
oase,-0.001348943495374331
einschlagen,-0.015527950310559006
kollabieren,0.0
schreck,-0.06618631527024169
maximieren,0.0
klobig,0.0
ernsthaft,-0.026193663992268742
erfrischend,-0.004658385093167702
aufschrei,-0.009112918650653834
aufreibend,0.0
respektabel,-0.0015527950310559005
torheit,-0.004454533557486133
verschwendung,-0.004590434581273845
niedrig,-0.015188197751089724
qualifizieren,0.0
frechheit,0.0
ideal,0.006550932683692884
intolerant,0.0
fehlleistung,0.0
alarm,6.79505118938563e-05
problem,0.0
angemessenheit,0.0
schuldner,-0.0015527950310559005
umweltschädlich,0.0
dramatisch,-0.0015527950310559005
versicherung,-0.004658385093167702
bewunderung,-0.015527950310559006
leistungsunfähig,0.0
wohnlich,-0.0015527950310559005
entspannen,0.0
makel,-0.001348943495374331
bedrohen,0.006686833707480596
preisgünstig,0.0
nörgeln,0.0
schutzmaßnahme,0.0
zurückgeschickt,0.0
führend,0.00175664656673747
starr,0.10908573844589631
besitzen,-0.0360439715312522
unmöglich,-0.04955353997000111
bruch,-0.029027452006805118
überschäumen,0.0
schatz,0.026417649012955895
trostlos,-0.0026299364788548076
ehre,-0.039718332544771806
bekloppt,0.0
unwissenheit,-0.0015527950310559005
anspruch,-0.021739130434782608
verbündete,-0.006211180124223602
cleverness,0.0
inkorrekt,0.0
rückfall,-0.004658385093167702
stur,0.2586599152380281
bedarft,0.0
ersprießlich,0.0001359010237877126
triumphieren,-0.003105590062111801
renovieren,0.0
verletzlich,-0.0015527950310559005
verstopfen,-0.0014848445191620442
wohlgefallen,-0.005939378076648177
misstrauen,-0.018633540372670808
aktualisierung,0.0
konsolidierung,0.0
rücksichtslosigkeit,0.001688696054843613
wirtschaftskrise,0.0
beule,0.0
untreue,-0.003105590062111801
wohlhabend,-0.0015527950310559005
tabu,0.0
übersehen,-0.004590434581273845
feind,-0.016109304690095333
stilvoll,0.0
verteidigung,-0.003105590062111801
leiden,0.023692078480324535
drosseln,0.0016207455429497568
habgierig,0.0
unklarheit,0.0
erholen,-0.07129267040478372
fragwürdig,-0.0015527950310559005
flott,-0.006143229612329746
absperren,-0.0015527950310559005
bestrafung,-0.0015527950310559005
unwirksam,-0.003105590062111801
fleiß,0.0031156568046145916
positivität,0.0
selbstständigkeit,0.0
verlogen,0.0
schillernd,0.003377392109687226
sorgsam,0.001960498102419039
fein,0.013695803175050592
glühend,0.058153054753012474
infiltration,0.0
klären,-0.011257134803748861
leblosigkeit,0.0
grenzenlosigkeit,0.0
unwirtschaftlich,0.0
mittelmäßig,-0.004658385093167702
unanständig,-0.004658385093167702
wohlig,0.008171678226642642
unfreundlich,-0.0015527950310559005
leider,-0.03699527869776619
ungeübt,0.0
schuldhaft,0.0
unbehaglichkeit,0.0
fantastisch,0.0
ungeheuer,-0.011063350010570079
süß,0.37488800748965645
frei,0.007243021230759983
flink,0.015062363469804805
vorurteil,-0.0015527950310559005
mörderisch,0.00175664656673747
unterdrückung,-0.003105590062111801
peinlich,-0.024640868961212842
unklug,-0.003105590062111801
unschlagbar,0.0
zwang,0.0023682011737821765
sklavenarbeit,0.0032414910858995136
vorbereiten,-0.00452248406937999
unsicher,-0.010733664193603592
langsam,-0.002813654529530793
abmachen,-0.006211180124223602
hartnäckigkeit,0.0
tyrannei,0.0
geistlos,-0.004658385093167702
abgebrochen,-0.003105590062111801
wachsen,0.06350101170762153
wackeln,0.0001359010237877126
mustergültig,-0.0015527950310559005
loyal,-0.0015527950310559005
unerschrocken,0.001688696054843613
stimulation,0.0
sonnendurchflutet,0.0
übereinstimmung,-0.0015527950310559005
vital,0.0
unmenschlichkeit,0.0
sauer,0.0036491941572626505
widerspenstig,-0.006211180124223602
quälen,0.008181744969145435
zuverlässigkeit,0.0
traumhaft,0.016343356453285284
vorwurf,-0.0262616145041626
unordnung,-0.007763975155279503
übermäßig,0.0
ominös,0.0
leutselig,-0.0015527950310559005
stillstand,-0.0015527950310559005
zweifel,-0.053522353201727456
entfremden,0.00175664656673747
überleben,6.79505118938563e-05
leichtgläubig,-0.0015527950310559005
desinteressiert,0.0
erfolgreich,-0.0015527950310559005
majestätisch,0.0001359010237877126
rational,0.0
qualifikation,0.0
gehandicapt,0.0
umständlich,-0.006211180124223602
komfortabel,0.0
scheußlich,-0.003105590062111801
scheisse,0.0
aufgebracht,0.0016207455429497568
vernunft,-0.015527950310559006
tatkräftig,-0.003105590062111801
satt,0.01331578364557013
ineffizienz,0.0
misslingen,-0.004658385093167702
gnadenlosigkeit,0.0
harsch,0.001688696054843613
härte,0.003377392109687226
unerreicht,0.0016207455429497568
düster,0.08819976443822543
dummkopf,-0.0015527950310559005
allumfassend,0.0016207455429497568
gepflegt,0.001688696054843613
unbeliebtheit,0.0
aufmunterung,0.0
unfair,0.0
fehlerhaft,0.0
zusammenbruch,0.0
belasten,0.0016207455429497568
rückwärts,0.011956773407693003
gönnen,-0.009918258050877315
tierisch,-0.0015527950310559005
genauigkeit,-0.003105590062111801
perfektionismus,0.0
vorwerfen,-0.007763975155279503
gemeinschaftlich,-0.006211180124223602
grässlich,0.0052019891883185515
schädlich,-0.015527950310559006
fähig,-0.03395763914754824
groggy,0.0
empfehlenswert,0.0
optimal,0.0
kostbar,-0.00904496813875998
unaufgefordert,0.0
verurteilen,-0.0015527950310559005
aussichtsreich,0.0
glaubwürdigkeit,0.0
geordnet,-0.007696024643385647
