herr,-0.1515195747807967
kind,0.19957820348913297
auge,0.05810020435487273
frau,-0.15075450235058435
wort,-0.1534901396257185
mensch,0.19173621107945676
jahr,0.04226773508360426
gesicht,0.009387237383854996
mutter,0.05009966075077765
seite,-0.1661289348379758
hand,0.04979262510444249
weib,0.06034760461862146
vater,-0.04402941502159316
augenblick,-0.20786061588330632
welt,0.43293536144638955
bett,0.00861964826801695
gedanke,-0.04741687387378318
leute,-0.15580297371573532
mädchen,-0.028453647684145905
name,-0.051551788356805614
scheik,-0.06055900621118013
luft,0.19041495112596513
anselmus,-0.027950310559006212
tür,-0.11645711064356684
geld,-0.08998409454684558
sohn,-0.01522594803547521
tod,0.26517309763733554
zug,-0.09628084198234296
sache,-0.16526571166836124
stadt,-0.001104824989681591
pferd,-0.07465999577196815
bild,0.10574861330622023
peter,-0.02254446983500609
seele,0.33546664384871694
boden,-0.07700806346074475
doktor,-0.041789564814721604
gräfin,-0.0231560244420508
richter,-0.0422551516554758
schwester,-0.019089060470922223
straße,-0.04453526883235853
brust,0.2430061306461842
freude,0.09390760743730936
blut,0.28366067024371583
dame,-0.06440198516162156
stirn,0.10490300693598559
tier,-0.1404788749408579
woche,-0.05825875554929181
antwort,-0.2047550258211945
kleid,-0.009674139545184562
brief,-0.08026968803164984
bruder,0.0276407582270453
gestalt,0.06600511390519143
tochter,-0.05420185832066601
geschäft,-0.06284919013056565
bauer,-0.024562851706816193
hund,-0.015623584364335558
person,-0.07298136645962733
volk,0.02306039038827426
gesellschaft,-0.06973987537372782
knabe,0.058231072007409124
bella,-0.0371311797215539
höhe,-0.008481230558603545
lust,0.27645036592608996
stuhl,-0.01814782004691102
familie,-0.07446621097878937
verhältnis,-0.06359664576139806
blume,0.25968923965893875
baum,0.22524588018563074
tor,-0.07868669277308556
teufel,-0.012140491458368985
thür,0.005222122673324142
geschichte,-0.04063440611252604
gefühl,-0.05655999275194539
lippe,0.14244188972890262
wange,0.13676424695732708
hütte,-0.041079859468274665
wunsch,0.020682122471989292
haupt,0.0494981728862357
arbeit,-0.10186285070014195
minute,-0.05569676958233086
bewegung,-0.06967192486183396
miene,-0.015857636127525495
gespräch,-0.04766099237947592
gendarm,-0.023291925465838508
großmama,-0.01856558986077695
faust,-0.009102851908151043
anblick,-0.051843723889386635
hilfe,-0.044487451805470264
richterin,-0.03254074514028006
befehl,-0.0691283207666831
hoffnung,0.013529701923754495
wesen,-0.05324048441164925
wohnung,-0.04779689340326364
treppe,-0.025242356825754757
ausdruck,-0.032404844116492346
leib,0.025257456939508982
soldat,-0.04104210918388919
stube,-0.05163987235370506
blatt,0.1224493391183547
fräulein,-0.03321018351671583
jacopone,-0.026397515527950312
gelegenheit,-0.08385093167701864
diener,-0.07992993547218055
eindruck,-0.05124223602484472
traum,0.36314515236014777
großvater,-0.03571428571428571
schönheit,0.07004187764881162
natur,0.07734026596333692
gewalt,0.039869333682313726
waffe,0.0018346638211341193
herd,0.032628829137179495
mitte,-0.10102731107241009
lied,0.4553237967726023
nase,-0.033481985564291245
meer,0.25130364315411174
großmutter,-0.013771303743821538
erinnerung,-0.006065212357933093
körper,-0.048466331779699404
gegenstand,-0.04185751532661546
freundin,-0.035510434178604146
leidenschaft,-0.0298327914070286
mantel,0.028038394555905656
kaiser,-0.004376516303089481
grund,0.07595357218357712
schuh,0.005144105418927493
arzt,-0.050970433977269296
hadschi,-0.029503105590062112
konrektor,-0.013975155279503106
abenteuer,-0.04016881927177185
kamel,-0.026329565016056454
messer,-0.009850307538983461
eltern,-0.016197388686994777
araber,-0.043478260869565216
schatz,0.026417649012955895
kuss,0.10731902513665603
richtung,-0.05880235964444265
unglück,-0.06737167419994564
wille,-0.03724694726033603
wirt,-0.06858471667153225
heimat,0.08665703614967232
uhr,-0.04150769602464339
absicht,-0.0433423598457775
wahrheit,0.023380009462737952
schicksal,0.04073255685192829
kirche,-0.015178131008586934
kammer,0.0008934233971229291
lage,0.10971994322357231
alp,0.003387458852190023
krieger,-0.027270805440067648
jungfrau,0.003659260899765447
offizier,-0.040372670807453416
engel,0.08112536114438729
küche,-0.040372670807453416
zeichen,-0.019360862518497647
kampf,0.08030995500166102
kapitel,-0.04813664596273292
geheimnis,-0.036111922043146054
kunst,0.020546221448201583
mama,-0.038683974752609804
doctor,-0.00918086916254769
gruß,0.09576995480032616
glied,0.0892190221166333
gefahr,-0.04239105267926352
gesang,0.11805268933025961
neigung,-0.03409354017133596
herd|herde,0.0012231092140894129
fluss,0.008725349064296284
registrator,-0.012422360248447204
anfang,-0.09559378680652728
freundschaft,-0.033753787611866676
gewand,0.0674119411699568
gericht,-0.010247943867843806
unterhaltung,-0.031055900621118012
mond,0.24023022640103886
pascha,-0.01390720476760925
königin,0.030532430010972746
christ,0.002378267916284968
aufregung,-0.024844720496894408
sir,-0.019235028237212723
gatte,-0.028891550983017406
entschluss,-0.03409354017133596
krankheit,-0.015052296727302013
sprache,-0.01734248064668754
kranz,0.16363741606853438
feld,0.1185484763985222
thränen,0.17112958917623844
vogel,0.1016514491075833
führer,-0.03658757562640305
tuch,-0.020108318149330055
flut,0.1755941894762274
erscheinung,-0.026125713480374884
freiheit,0.03667565962330249
duft,0.3073502320384147
geschenk,-0.0133636006724584
strom,0.14283952605776298
zukunft,0.029115536003704562
prinz,-0.021467328387207184
löwe,0.0025041021975698886
kerl,-0.016129438175100916
streit,0.0276407582270453
verbindung,-0.027950310559006212
flügel,0.10630983420075099
gegend,-0.04462335282925798
held,0.04066460634003443
gott,0.2733070255795927
spaß,-0.030716148061648726
bube,-0.001610678800446963
land,0.22419893896534018
verlegenheit,-0.037267080745341616
knecht,0.021419511360318916
bank,-0.03455912701209016
meinung,-0.029435155078168254
entfernung,-0.024844720496894408
archivarius,-0.018633540372670808
schüler,-0.01836173832509538
schnee,0.11353020526087965
empfindung,-0.021603229410994896
krone,0.044109948961615505
ordnung,-0.04441950129357641
beamter,-0.015527950310559006
erstenmal,-0.012218508712765638
hundertpfund,-0.009316770186335404
thut,0.01918721121032445
türke,-0.018225837301307668
sünde,0.03148373717748673
antlitz,0.0759812557254598
felsen,0.08490038958293485
sicherheit,-0.016944844317827196
zweck,-0.021263476851525614
papier,-0.031929190533235355
monat,-0.03395763914754824
überraschung,-0.020186335403726708
stellung,-0.06521739130434782
geschöpf,-0.013635402720033824
glut,0.23339742492726778
höfling,-0.024776769985000554
inhalt,-0.040032918247984134
sonnenschein,0.06612088144397354
schleier,0.06058920643868851
fabrik,-0.01525614826298358
apone,-0.024844720496894408
flur,0.11285070014194105
schutz,-0.005123971933921903
weisheit,0.0014949112616648372
mark,0.020206468888732294
palma,-0.027950310559006212
leiche,0.1101251296093097
lampe,0.015741868588743366
geräusch,-0.028959501494911263
dieb,-0.02288422239447537
sessel,-0.010325961122240454
wolke,0.25731097174265377
genuss,-0.0002617353050726329
chef,-0.01390720476760925
pistole,-0.012286459224659492
angesicht,0.06652858451533669
viertelstunde,-0.02167117992288875
verwunderung,-0.017080745341614908
flasche,-0.030784098573542588
pater,-0.009316770186335404
vorstellung,-0.020186335403726708
güte,0.004736402347564353
engländer,-0.027950310559006212
bemerkung,-0.023291925465838508
jüngling,0.02425329937485529
kaffee,-0.03395763914754824
schluss,-0.06325689320192879
untersuchung,-0.021739130434782608
prophet,0.0008154061427262764
meliore,-0.043478260869565216
stemma,-0.026397515527950312
hälfte,-0.013635402720033824
auftrag,-0.030987950109224154
magd,-0.0006014878645419115
post,-0.04151776276714618
satz,-0.05076658244158773
wirtshaus,-0.010665713681709734
saal,0.0357344191992913
becher,0.041741747787833336
busen,0.07139082114418596
hornisse,-0.013975155279503106
korb,-0.03395763914754824
interesse,-0.018497639348883096
herrin,-0.0133636006724584
zelt,0.034249574680129256
bärnhäuter,-0.007763975155279503
schuss,-0.02011838489183285
möglichkeit,-0.027950310559006212
tasche,-0.04752509135568821
truppe,-0.012286459224659492
glanz,0.21469593404270312
umgebung,-0.023291925465838508
sattel,-0.014984346215408157
bote,-0.00741415585330743
anspruch,-0.021739130434782608
russe,-0.009248819674441548
sommer,0.12447778773266759
seufzer,0.009055034881262771
emir,-0.027950310559006212
jammer,0.037762867813604196
erregung,-0.02167117992288875
beziehung,-0.01701279482972105
sand,0.0719344252393368
farbe,0.044109948961615505
aufenthalt,-0.026397515527950312
anstrengung,-0.021739130434782608
bewohner,-0.0231560244420508
priester,0.029852924892034186
bach,0.008667465294905224
mörder,-0.011742855129508643
mamur,-0.004658385093167702
schwert,0.06801342903449872
prokurist,-0.003105590062111801
zeitung,-0.01856558986077695
sturm,0.2629785477717266
rittmeister,-0.015527950310559006
frucht,0.0910436191952646
gewohnheit,-0.015324098774877438
baron,-0.01059776316981588
kapelle,0.0053378902121062645
ansicht,-0.01701279482972105
gewehr,-0.01977863233236357
jugend,0.1437228827123831
gürtel,0.0037850951810503644
dolch,-0.010665713681709734
vorwurf,-0.0262616145041626
stimmung,-0.044827204364939546
könig,0.11164772441285725
einsamkeit,0.07233206156819715
kanzlei,-0.015527950310559006
instrument,-0.00918086916254769
wahl,-0.01943887977289429
brunnen,0.00021391827818435794
apfel,0.0041248477405196465
fahrzeug,-0.010733664193603592
lehrer,-0.027678508511430788
geschlecht,0.028775783444235276
gegenwart,0.002436151685676031
boot,0.007230437802631447
wirkung,-0.0340255896594421
bericht,-0.03523863213102872
ankunft,-0.020186335403726708
bedingung,-0.007696024643385647
ahnung,0.025670193382123476
gattin,-0.019710681820469714
angelegenheit,-0.024844720496894408
thüre,0.0028438547570391673
nachricht,-0.03571428571428571
erwartung,-0.012082607688977924
ruine,-0.018429688836989238
laune,-0.017886084741838386
student,-0.030919999597330303
mütze,-0.0009412404240111936
erzählung,-0.018633540372670808
rücksicht,-0.025989812456587172
sonntag,0.00021391827818435794
bräutigam,-0.004250682021804564
franzose,-0.016876893805933338
glocke,0.08665703614967232
fackel,0.010607829912318671
brücke,0.010675780424212529
professor,-0.012422360248447204
paradies,0.04119814369268248
reiter,-0.0015427282885531052
charakter,-0.029503105590062112
pfarrer,-0.0012809929834804758
puck,-0.004454533557486133
gesetz,-0.01423689058457574
hexe,-0.01984658284425743
figur,-0.016876893805933338
aufmerksamkeit,-0.026329565016056454
herrschaft,-0.013771303743821538
höflichkeit,-0.02011838489183285
spaziergang,-0.018633540372670808
hochzeit,0.007977893433463862
gesundheit,-0.01235440973655335
hofrat,-0.003105590062111801
chor,0.03397777263255383
bewusstsein,-0.013635402720033824
gulden,-0.01390720476760925
dämmerung,0.024922737751291064
kerze,0.028503981396659855
städtchen,-0.0026299364788548076
milch,-0.015120247239195866
präsident,-0.006211180124223602
aussicht,-0.020050434379938996
gouverneur,-0.010869565217391304
gasse,0.0548436131552191
vorschlag,-0.023291925465838508
vorbereitung,-0.010869565217391304
verzweiflung,-0.008433413531715273
musik,0.007841992409676157
gebiet,-0.03617987255503992
eifersucht,-0.00918086916254769
pforte,0.019051310186536736
achtung,-0.04320645882198979
gabe,0.0024462184281788257
schreck,-0.06618631527024169
gepäck,-0.013975155279503106
tempel,0.033366218025509126
seldwyler,-0.023291925465838508
witwe,-0.00431863253369842
katze,-0.01836173832509538
mahlzeit,-0.01701279482972105
spruch,-0.010383844891631515
zorn,-0.0029495555533184947
zufall,-0.007356272083916366
kleidung,-0.029503105590062112
bahnhof,-0.013975155279503106
kloster,-0.007016519524447082
leber,-0.00918086916254769
köpfchen,-0.0008053394002234815
insel,0.01560596756495566
apo,-0.03658757562640305
gegenteil,-0.015527950310559006
vergangenheit,0.0038530456929442205
wirtschaft,-0.034161490683229816
mitternacht,0.043158641795101524
geelhaar,-0.003105590062111801
blüte,0.11528685182761711
schmetterling,0.00871528232179349
theater,-0.021603229410994896
hügel,0.0919848596192758
begleiter,-0.019982483868045138
ohr,0.1323877306542376
erfahrung,-0.016944844317827196
papa,-0.01836173832509538
teppich,-0.010325961122240454
schott,-0.0029696890383240884
geschrei,-0.003707077926653715
asche,-0.08639278415897399
degen,0.0006115546070447064
nonne,-0.01836173832509538
ange,-0.047333823248135176
kunde,-0.007685957900882848
spott,0.016489324219575788
klugheit,-0.013771303743821538
trost,0.05168013932371625
sekunde,-0.01701279482972105
umprecht,-0.0015527950310559005
veränderung,-0.012422360248447204
wachtmeister,-0.010801614705497448
erlaubnis,-0.010869565217391304
liebling,0.013645469462536619
überzeugung,-0.01235440973655335
hölle,0.015945720124424936
salamander,-0.004590434581273845
meisterin,-0.009316770186335404
fleck,0.0028438547570391673
schnur,-0.0022901839193855238
haustür,-0.02011838489183285
vorsicht,-0.03989701722419642
brett,0.004464600299988925
handlung,-0.031055900621118012
bewunderung,-0.015527950310559006
trennung,-0.005803477052860464
rand,0.20039109294623353
verwirrung,-0.018633540372670808
pflicht,-0.02246645258060944
gift,-0.007821858924670563
kelch,0.049709574478794406
alm,0.037035545667777364
seligkeit,0.040053051732989724
büchse,-0.012082607688977924
segel,0.02350584374402287
pfennig,-0.013839254255715394
harfe,0.01891540916274903
gedächtnis,-0.007560123619597933
spannung,-0.010869565217391304
dunkelheit,-0.003910929462335282
ereignis,-0.01701279482972105
altar,0.027358889436967092
dummheit,-0.010869565217391304
versammlung,-0.023291925465838508
einfall,-0.032404844116492346
villa,-0.01390720476760925
einladung,-0.023291925465838508
vorhang,0.0006795051189385625
ursache,-0.023291925465838508
einfluss,-0.010869565217391304
fleisch,0.007841992409676157
station,-0.01390720476760925
zunge,0.004872303371352062
berührung,-0.01235440973655335
klöterjahn,-0.012422360248447204
bescheid,0.007036653009452672
verlust,-0.0026299364788548076
regiment,-0.019914533356151284
major,-0.01390720476760925
dienstmädchen,-0.006211180124223602
wonne,0.11521890131572327
frevel,0.007230437802631447
gebäude,-0.012082607688977924
begleitung,-0.02167117992288875
säbel,-0.0012130424715866197
brand,0.07159467267986752
herrlichkeit,0.03147367043498394
möbel,-0.010801614705497448
bier,-0.0433423598457775
jungfer,-0.013771303743821538
tanne,0.014664727140944467
conducteur,-0.010869565217391304
gemüt,0.03580236971118516
neid,0.00813392794225716
haufe,-0.006608816453083949
list,-0.0031634738315028596
gebirge,-0.00863726506739684
linie,-0.013839254255715394
frauenzimmer,-0.01235440973655335
haltung,-0.055900621118012424
schrift,-0.03786856860988353
pfad,0.0981960397434994
kasten|kaste,-0.007696024643385647
tigris,-0.015527950310559006
abgrund,0.0155380170530618
sprung,-0.0045803678387710475
lilie,0.044371684266688145
schnuck,-0.0015527950310559005
betrachtung,-0.015527950310559006
netz,0.017362614131693127
überlegung,-0.012422360248447204
bedürfnis,-0.020186335403726708
sehnsucht,0.19274288532973613
eitelkeit,-0.008977017626866124
segen,0.1356770387670254
landstraße,-0.009248819674441548
ausgang,-0.010801614705497448
onkel,-0.012286459224659492
buchstabe,-0.006143229612329746
schwierigkeit,-0.007763975155279503
rückkehr,-0.07912459607195707
fabrikleiter,-0.009316770186335404
auskunft,-0.013975155279503106
mönch,0.01013217632906168
begegnung,-0.017080745341614908
sitte,-0.004988070910134191
kummer,0.03357006956119069
kaste,-0.01194670666519021
beschäftigung,-0.015527950310559006
gruft,0.050718765414699454
kater,-0.010733664193603592
käfer,-0.023020123418263084
flug,0.0476911926069843
beschreibung,-0.012422360248447204
eifer,-0.037800618097989666
ruhm,0.05085466643848717
brille,-0.010733664193603592
wald,0.33754290948991816
moment,-0.013839254255715394
brot,0.011627087590726518
schlummer,0.10515467549855542
freiherr,0.0001359010237877126
partie,-0.015527950310559006
bauerntanz,-0.004658385093167702
doktorin,-0.006211180124223602
eigentum,-0.016944844317827196
nummer,-0.010869565217391304
kraut,0.02370969527970444
selbstmord,-0.0014848445191620442
klarheit,0.005473791235893978
lunge,0.016081621148212648
konsul,-0.010869565217391304
großherrn,-0.010869565217391304
beduine,-0.02011838489183285
geschmack,-0.018633540372670808
kristall,0.0010192576784078464
kanapee,0.0001359010237877126
thalberg,-0.013975155279503106
„und,0.0020963991262067504
jobst,-0.010869565217391304
coupé,-0.006211180124223602
carlitos,-0.004658385093167702
kätzchen,-0.00762807413149179
nachbarin,-0.010733664193603592
staat,-0.002018381871810103
scheibe,0.009055034881262771
finsternis,0.015062363469804805
schauer,0.1312904557214331
erfüllung,0.0020284486143128944
gewissheit,-0.010733664193603592
töchterchen,-0.015459999798665152
gespenst,0.015470066541167945
reichtum,-0.005871427564754322
öffnung,-0.021739130434782608
bezirksrichter,-0.017080745341614908
abteilung,-0.010869565217391304
geschick,0.012714295781028215
verfolger,-0.003037639550217945
anzahl,-0.015527950310559006
gerechtigkeit,-0.004250682021804564
häuptling,-0.009248819674441548
honig,-0.00708447003634094
botschaft,0.0008154061427262764
schwanz,-0.006143229612329746
liebchen,0.02633963175855925
amrain,-0.013975155279503106
rätin,-0.009316770186335404
schild,0.00845354701672086
karte,-0.012014657177084066
vaterland,0.02654348329424082
gemeinde,-0.007696024643385647
zeugnis,-0.017080745341614908
strick,-0.0017465798242346786
unruhe,-0.021739130434782608
orgel,0.013305716903067335
kamerad,-0.02153527889910104
rechnung,-0.021603229410994896
schüssel,-0.006211180124223602
wirtin,-0.006007328588542033
adresse,-0.009316770186335404
frühling,0.2570970534644694
verzeihung,-0.012422360248447204
hintergrund,-0.00607527910043589
flöte,0.024990688263184915
hahn,0.005745593283469401
dirne,0.03768485055920755
entschuldigung,-0.015527950310559006
aktuar,-0.004658385093167702
partei,-0.01856558986077695
korridor,-0.009316770186335404
geruch,-0.008909067114972266
pilger,0.01202472391958686
sieger,0.010336027864743249
thale,0.02195304871296697
adam,-0.012014657177084066
aufgabe,-0.006211180124223602
beinchen,-0.00918086916254769
bedienerin,-0.004658385093167702
erzherzog,-0.021739130434782608
lichtenfels,-0.006211180124223602
armut,0.0037850951810503644
hradschecks,-0.012422360248447204
pelz,-0.005871427564754322
mord,-0.007278254829519715
mitteilung,-0.010869565217391304
aufforderung,-0.012422360248447204
meldung,-0.007763975155279503
pergament,-0.00762807413149179
wäsche,-0.01235440973655335
gruppe,-0.005939378076648177
norden,0.0037171446691565083
wanderung,-0.009316770186335404
aug,0.09274741536386233
resultat,-0.009316770186335404
beispiel,-0.034161490683229816
verbeugung,-0.010869565217391304
zettel,-0.013975155279503106
zelle,0.01344161792685505
einödpater,-0.007763975155279503
vorteil,-0.024844720496894408
schreibtisch,-0.009248819674441548
flinte,-0.009112918650653834
general,-0.00607527910043589
sandal,-0.0029696890383240884
bord,0.013509568438748905
esel,-0.08528544248366673
rappen,-0.00607527910043589
fell,-0.0133636006724584
bande,0.04119814369268248
drache,0.009996275305273966
telegramm,-0.007763975155279503
fieber,0.046671934928576464
inspektor,-0.010869565217391304
rothfuß,-0.009316770186335404
phantasie,-0.0009412404240111936
damm,-0.0032993748552905752
widerspruch,-0.002697886990748662
passagier,-0.00607527910043589
bekanntschaft,-0.010869565217391304
polizei,-0.02011838489183285
seil,-0.008773166091184554
nebenzimmer,-0.010801614705497448
einsicht,-0.007696024643385647
landschaft,-0.01215055820087178
vorfall,-0.013975155279503106
schrank,0.017838267714950118
gegner,-0.010733664193603592
dienerschaft,-0.0014168940072681884
vorgang,-0.009316770186335404
puls,0.03754894953541984
erlebnis,-0.020186335403726708
wurst,-0.010801614705497448
neugierde,-0.007763975155279503
ausgabe,-0.009316770186335404
besitzer,-0.013975155279503106
ausweg,-0.01235440973655335
sonnenstrahl,0.03457926049709574
religion,-0.006143229612329746
stätte,0.013645469462536619
achsel,-0.02322397495394465
schaf,-0.1589840643466181
jäger,0.002436151685676031
schlucht,0.024515034679927925
zufriedenheit,-0.006143229612329746
moslem,-0.012422360248447204
dattel,-0.006211180124223602
rache,0.010220260325961128
sohle,-0.003842978950441424
entscheidung,-0.013975155279503106
kapitän,-0.007696024643385647
gipfel,0.01830385455570432
regierung,-0.013975155279503106
lanze,0.02931938753938613
dankbarkeit,-0.009248819674441548
emin,-0.030987950109224154
fläschchen,-0.004590434581273845
heilge,-0.007152420548234796
gunst,0.007298388314525301
anstalt,-0.015527950310559006
erzherzoge,-0.006211180124223602
wohnzimmer,-0.013975155279503106
sofa,-0.015527950310559006
wendung,-0.018497639348883096
unterredung,-0.009316770186335404
firma,-0.010461862146028166
geländer,-0.006143229612329746
trupp,-0.021603229410994896
begräbnis,-0.003105590062111801
schnurrbart,-0.006143229612329746
direktor,-0.009316770186335404
krug,0.010539879400424817
tänzerin,-0.00452248406937999
anlass,-0.043478260869565216
schimmer,0.1194796500800306
knopf,-0.002697886990748662
schreiber,-0.00762807413149179
verfolgung,0.0018245970786313253
geduld,-0.016662975527748973
strumpf,-0.00918086916254769
thue,-0.01856558986077695
hengst,-0.002697886990748662
verfügung,-0.010869565217391304
säule,0.013849320998218183
leiter,-0.03334608454050354
anführer,-0.012422360248447204
bibel,0.013101865367385768
khan,-0.009316770186335404
geige,0.02512658928697263
england,-0.01390720476760925
kuchen,-0.016944844317827196
größe,-0.008433413531715273
bronn,0.01675105952464842
stall,0.006832801473771098
tätigkeit,-0.017080745341614908
geiger,0.0018925475905251822
spatz,0.0037171446691565083
schwabe,0.0004077030713631382
gerber,-0.012422360248447204
lombarde,-0.012422360248447204
zins,-0.00762807413149179
liebhaber,-0.017080745341614908
fuhrwerk,-0.010869565217391304
situation,-0.009316770186335404
handwerk,-0.005939378076648177
tasse,-0.012422360248447204
nachbarschaft,-0.012286459224659492
respekt,-0.015459999798665152
besen,-0.0012809929834804758
erklärung,-0.013771303743821538
einrichtung,-0.012422360248447204
stange,0.0006115546070447064
melodie,0.03626795655193936
hemd,0.010607829912318671
diebstahl,-0.007763975155279503
zerstreuung,-0.006211180124223602
jude,-0.0057355265409666095
narbe,-0.004454533557486133
mädel,0.021341494105922267
kleinigkeit,-0.006143229612329746
amareller,-0.004658385093167702
vermutung,-0.007696024643385647
deckel,-0.0028337880145363767
kniee,0.003999013459234729
hostie,-0.0014848445191620442
schauspiel,-0.007424222595810222
gewicht,-0.00884111660307841
sorgfalt,-0.00918086916254769
schiffer,0.01675105952464842
schande,0.010403978376637103
teilnahme,-0.013975155279503106
teufelsanbeter,-0.004658385093167702
haddedihn,-0.021739130434782608
mücke,0.07780585280409112
schürze,-0.007492173107704079
hausfrau,-0.007696024643385647
roman,-0.02605776296848103
kirchhof,0.021477395129709975
bischof,0.00033975255946928126
lamm,0.19181171164822775
zigeuner,-0.004386583045592277
postillon,-0.003037639550217945
vowinkel,-0.004658385093167702
arbeiter,-0.010801614705497448
zuversicht,-0.018497639348883096
hauptsache,-0.009316770186335404
revolver,-0.003037639550217945
vorsprung,-0.004590434581273845
prüfung,-0.00762807413149179
verlobung,-0.010869565217391304
abwesenheit,-0.013975155279503106
vorschrift,-0.004658385093167702
untersuchungsrichter,-0.003105590062111801
werkzeug,-0.004386583045592277
haushalt,-0.013975155279503106
verbrecher,-0.006143229612329746
steinbruch,-0.0014848445191620442
hose,-0.0012809929834804758
ewigkeit,0.10096187724614192
kanal,-0.00452248406937999
kahn,0.036132055528151644
weilchen,0.0005436040951508504
besinnung,-0.00918086916254769
gefangenschaft,-0.006211180124223602
wirklichkeit,0.0037171446691565083
jagd,-0.008365463019821415
gelächter,-0.005803477052860464
traube,0.018167953531916605
insekt,-0.017080745341614908
zimmerherren,-0.004658385093167702
buße,-0.0025619859669609515
geschwister,0.005269939700212408
rute,0.0023002506618883204
freundlichkeit,-0.00452248406937999
grashüpfer,-0.0015527950310559005
frosch,-0.0014168940072681884
gehöft,-0.004590434581273845
unsinn,-0.015459999798665152
gemahl,0.0004756535832569943
behörde,-0.006211180124223602
spuk,0.008307579250430353
korbe,-0.012422360248447204
ausnahme,-0.004658385093167702
pein,0.03344423527990577
fußboden,-0.010869565217391304
stückchen,-0.0011450919596927619
fassung,-0.021603229410994896
geständnis,-0.010869565217391304
ladenbauer,-0.006211180124223602
busch,0.06794547852260488
protokoll,-0.009248819674441548
fabrikherr,-0.009316770186335404
terrain,-0.004658385093167702
flüchtling,0.0001359010237877126
scheitel,0.00837552976232421
schweiß,0.01188882289579915
kinn,0.0021643496381006083
geier,0.01168497136011758
tabak,-0.001348943495374331
hitze,-0.007424222595810222
laster,-0.0009412404240111936
piaster,-0.004658385093167702
mittagsmahl,-0.006143229612329746
stab,0.006628949938089532
horizont,-0.003910929462335282
element,0.0006115546070447064
furche,0.02282633862508431
wimper,0.019652798051078654
million,0.006890685243162165
entschlusse,-0.007763975155279503
ifra,-0.006143229612329746
schlänglein,-0.006211180124223602
elfe,-0.016642842042743397
tugend,0.002640003221357601
alven,-0.007763975155279503
papst,0.0001359010237877126
birne,-0.00452248406937999
weinstube,-0.006211180124223602
rest,-0.009374653955726467
grausamkeit,-0.006211180124223602
truhe,-0.00431863253369842
antrag,-0.006143229612329746
kenntnis,-0.0262616145041626
köchin,-0.009316770186335404
feindschaft,-0.00762807413149179
eigenschaft,-0.018633540372670808
unschuld,-0.002687820248245869
frist,0.010336027864743249
schwalbe,0.026407582270453103
kehle,0.008443480274218065
überlegenheit,-0.009316770186335404
goldstück,-0.009248819674441548
bestürzung,-0.006211180124223602
takt,0.02296223964887202
bahre,0.008511430786111922
neffe,-0.007763975155279503
wissenschaft,0.0020284486143128944
bühne,-0.0012809929834804758
kreuzer,-0.006211180124223602
entdeckung,-0.006211180124223602
dienstbote,-0.006211180124223602
gebieterin,-0.007763975155279503
hauswesen,-0.006211180124223602
luftbahn,-0.004658385093167702
ratschillers,-0.003105590062111801
befriedigung,-0.00452248406937999
korn,0.07030361295388425
menschheit,0.0522036099338615
irrtum,0.00175664656673747
gehirn,0.0020963991262067504
signalement,-0.003105590062111801
getränk,0.011617020848223724
oase,-0.001348943495374331
schurke,0.0018245970786313253
drohung,-0.01235440973655335
strauß,0.031541620946877805
schnelligkeit,-0.009316770186335404
fehler,-0.00762807413149179
schelm,0.013577518950642761
bauch,-0.013771303743821538
umweg,-0.009248819674441548
bestie,-0.007696024643385647
rat,-0.27203861602424073
reinheit,-0.0028337880145363767
vigilie,-0.006143229612329746
flor,0.03809255363057068
armee,-0.0014848445191620442
schranke,0.031541620946877805
hausknecht,-0.006211180124223602
gedränge,-0.0026299364788548076
begierde,-0.004454533557486133
fahne,0.03592820399247008
capitel,-0.012422360248447204
bayer,-0.0029696890383240884
ursanner,-0.010869565217391304
strand,0.1104824989681589
nachtigall,0.108929703937103
vöglein,0.07644684256621401
lerche,0.1037956652606783
ritter,0.03843230619003996
wipfel,0.06854696638714677
thräne,0.2102313337427142
hain,0.05362050394112969
thau,0.08712262299042653
thor,0.08239628738536496
mägdlein,0.03741304851163212
knospe,0.07009976141820268
greis,0.039917150709202
sommernacht,0.04869031680038656
schooß,0.050311062343336314
schwarm,0.050582864390911746
saite,0.045788578273956326
wind,0.31429125099409083
laub,-0.04412504907536968
saat,0.06658646828472774
sänger,0.024854787239397203
blümlein,0.026067829710983825
strauch,0.06813926331578364
kindlein,0.018235904043810463
bund,0.025941995429698897
stund,0.09880004429366701
heide,0.13070910134189678
veilchen,0.045788578273956326
schaum,0.05044696336712403
schöpfung,0.023166091184553587
mai,0.1581636248326404
hinnen,0.02296223964887202
halm,0.06057913969618571
ruhn,0.05051491387901789
teich,0.03241491085899514
loos,0.03093006633983309
heimath,0.050311062343336314
wahn,0.03587032022307902
menschenherz,0.03417155742573261
blüthen,0.10210696920583469
pflug,0.013101865367385768
haide,0.04213938411669368
müd,0.18215518890242308
reigen,0.04558472673827476
falter,0.02924137028498948
kluft,0.02282633862508431
flieder,0.027756525765827433
brandung,0.02437913365614021
röslein,0.021137642570240697
hirn,0.04268298821184453
hammer,0.03120186838740852
qual,0.16322971299717126
heiland,0.018439755579492033
indeß,0.035724352456788504
ähre,-0.17501786846794246
bächlein,0.02437913365614021
muschel,0.019720748562972505
spielmann,0.017828200972447326
frost,0.053756404964917404
nachtwind,0.019448946515397084
höh'n,0.03241491085899514
dunst,0.02654348329424082
mühle,0.02924137028498948
pokal,0.022690437601296597
palast,0.0170908120841177
saft,0.019924600098654075
mast,0.0006115546070447064
fels,0.09618772461419209
fürst,0.021011808288955776
schaar,0.04213938411669368
scholle,0.04079044062131935
göttin,0.02437913365614021
moos,0.044507585290475854
trümmer,0.04106224266889477
garbe,0.014722610910335526
gefieder,0.03255081188278285
düne,0.017896151484341184
pfeil,0.012160624943374571
steg,0.005134038676424696
schifflein,0.014654660398441668
rothen,0.03093006633983309
abendschein,0.012965964343598054
saum,0.052067708910073784
gold,0.38787410531826005
hecke,0.0023682011737821765
harmonie,0.021137642570240697
bettler,0.021545345641603833
palme,0.024922737751291064
dämon,0.011752921872011435
gottheit,0.019584847539184796
osten,-0.02550409213082739
poesie,0.02127354359402841
sternlein,0.011345218800648298
gestirn,0.0036491941572626505
hafen,0.019720748562972505
huld,-0.05113401854293967
schmach,0.032017274530134796
riese,0.09839989127918097
gewölk,0.027620624742039725
markt,0.018575656603279745
wirbel,0.028436030884766
träumer,0.03133776941119623
klippe,0.013237766391173482
enkel,0.008647331809899635
thaten,0.02654348329424082
küste,0.021341494105922267
schwesterlein,0.006618883195586741
lorbeer,0.035724352456788504
rohr,0.029445221820671053
mütterlein,0.009792423769592398
drossel,0.014586709886547812
gebein,0.03093006633983309
goldner,0.02789242678961515
adler,0.040858391133213205
zaun,0.00871528232179349
mondenschein,0.016479257477072996
himmelan,0.016275405941391426
edelstein,0.014858511934123237
weltall,0.019448946515397084
glücke,0.059366097224599096
märchen,0.03971329917352044
linnen,0.009860374281486253
minne,0.02127354359402841
laube,-0.10058940777353859
balsam,0.018032052508128893
schmied,0.01688696054843613
lenze,0.05227156044575536
kämmerlein,0.014790561422229382
eiland,0.02823217934908443
dichtung,0.011413169312542154
gestein,0.019720748562972505
dämmrung,0.011413169312542154
kindheit,0.027620624742039725
seide,0.030260627963397325
mieder,0.008103727714748784
fürder,0.013101865367385768
junker,0.012965964343598054
sturmwind,0.02437913365614021
fluthen,0.017828200972447326
klee,0.016275405941391426
schlund,0.006822734731268309
gelände,0.010268077352849393
täuschung,0.008647331809899635
schilf,0.015198264493592519
schacht,0.01499441295791095
ringlein,0.008239628738536498
lenz,0.15829952585642812
hort,0.016275405941391426
dorn,0.0801639872353705
weihrauch,0.021341494105922267
brut,0.019720748562972505
lid,0.018575656603279745
fleiß,0.0031156568046145916
fiedel,0.017828200972447326
fessel,0.032017274530134796
schöpfer,0.03410360691383875
silber,0.11576250541087409
joch,0.021205593082134554
himmelszelt,0.017828200972447326
fremdling,0.02127354359402841
schädel,0.00992832479338011
scherbe,0.009792423769592398
erküren,0.02613578022287768
wurm,0.011956773407693003
fink,0.01810000302002275
leier,0.07375902231796813
erlösung,0.00992832479338011
page,0.0020284486143128944
blümchen,0.0052019891883185515
wölkchen,0.009792423769592398
zecher,0.012965964343598054
hirte,0.018235904043810463
friedhof,0.021137642570240697
abendsonne,0.019584847539184796
menschenbrust,0.021137642570240697
brause,0.0936735556741194
genosse,0.013917271510112045
zinne,0.009996275305273966
„herr,0.008171678226642642
pfühl,0.022758388113190454
vergessenheit,0.009792423769592398
mähne,0.00175664656673747
wanderstab,0.019448946515397084
gezweig,0.022690437601296597
schwall,0.01148111982443601
erinnrung,0.008171678226642642
venus,0.0020963991262067504
marmor,0.0461283308334256
storch,0.004998137652636983
sonnenglanz,0.019584847539184796
händchen,-0.0028337880145363767
cypressen,0.017828200972447326
zwerg,0.00857938129800578
räthsel,0.03079416531604538
liebchens,0.00837552976232421
hirt,0.0330944159779337
deutschland,0.0155380170530618
fee,-0.012752046065413695
töchterlein,0.012965964343598054
gefilde,0.016275405941391426
wucht,0.02768857525393358
noth,0.09265429799571157
zopf,-0.002697886990748662
zone,0.014654660398441668
poet,0.009860374281486253
vollmond,0.021205593082134554
erinn'rung,0.017828200972447326
rinde,-0.0007373888883296237
süd,0.035054914080352745
amsel,0.00837552976232421
trunk,0.08584163000694606
labe,0.045856528785850184
wildnis,-0.004386583045592277
nelke,0.014722610910335526
strudel,0.014654660398441668
kirchlein,0.006618883195586741
entflohn,0.014654660398441668
möwe,0.02106969205834684
thät,0.004396649788095067
männlein,0.005134038676424696
fensterlein,0.01620745542949757
nixe,0.014722610910335526
kuh,0.0004077030713631382
thäler,0.01641130696517914
moor,0.03410360691383875
morgenwind,0.008239628738536498
durst,0.031609571458771656
giebel,0.0053378902121062645
künstler,0.0037171446691565083
anbeginn,0.00506608816453084
gluthen,0.019448946515397084
dämmerschein,0.011345218800648298
wanderer,0.008307579250430353
menschenkind,0.011413169312542154
unterlass,0.00033975255946928126
heerde,0.02106969205834684
füßchen,0.008239628738536498
beschwerde,0.008443480274218065
schläfe,0.036064105016257786
widerhall,0.006958635755056022
abendrot,0.03896584354268802
gaul,0.00351329313347494
stroh,0.0010872081903017007
thurm,0.012965964343598054
lüftchen,0.009860374281486253
heini,-0.0014168940072681884
wahnsinn,-0.0007373888883296237
tross,0.006550932683692884
säugling,0.011413169312542154
traun,0.012965964343598054
ruderschlag,0.014586709886547812
wut,0.017498515155480836
reh,-0.025561975900218456
einstens,0.017896151484341184
gefunkel,0.02593192868719611
kuckuck,0.004930187140743126
heuen,0.12306089372539941
unendlichkeit,0.011413169312542154
stehn,0.21678226642640708
akkord,0.011617020848223724
schnitter,0.02106969205834684
kränzlein,0.009724473257698542
kiel,0.012965964343598054
theil,0.019323112234112164
alltag,0.01620745542949757
tagwerk,0.008171678226642642
horn,0.013587585693145554
sommertag,0.0035812436453687953
nord,0.014460875605262893
kämpfer,0.008171678226642642
beere,0.011752921872011435
geleit,0.03323031700172141
täubchen,0.012965964343598054
pfaffe,0.005134038676424696
winternacht,0.02106969205834684
herrgott,0.001960498102419039
hauptmann,-0.012218508712765638
fahn,0.05213565942196765
gewimmel,0.01951689702729094
feiertag,0.009792423769592398
schwermut,0.018167953531916605
aeuglein,0.011345218800648298
zieh'n,0.027552674230145867
atemzug,-0.0010091909359050515
forst,0.02106969205834684
morgenschein,0.011345218800648298
bübchen,0.004862236628849271
wappen,0.009724473257698542
trauer,0.1022529369721252
abendwind,0.013033914855491912
lenznacht,0.011345218800648298
banner,0.019448946515397084
wang,0.14750797789343345
kindchen,0.001688696054843613
wehn,0.08434671874528121
pore,0.0032414910858995136
regenbogen,0.008443480274218065
nest,0.04991342601447597
fläche,0.006958635755056022
sphäre,0.011752921872011435
ozean,0.008307579250430353
henker,0.009860374281486253
sklave,0.011752921872011435
kühlung,0.008307579250430353
frühlingszeit,0.0032414910858995136
glorie,0.014654660398441668
morgenstern,0.008239628738536498
kron,0.060453305414900786
kissen,0.01898335967464288
krücke,0.003377392109687226
morgensonne,0.0035812436453687953
morgenthau,0.006482982171799027
tal,0.08495072329544881
knauf,0.006550932683692884
gebüsch,0.001960498102419039
bläue,0.009792423769592398
abendstern,0.009724473257698542
beet,0.01654720798896685
kiste,0.0034453426215810823
vaterhaus,0.012965964343598054
herzblut,0.014586709886547812
gemüth,0.04875826731228042
posaune,0.006754784219374452
reiher,0.00506608816453084
grenadier,0.0032414910858995136
übermut,0.008443480274218065
hauf,0.013111932109888563
apfelbaum,0.006618883195586741
stiel,-0.0012809929834804758
würfel,0.00837552976232421
anmut,0.004192798252413501
schwung,0.015198264493592519
stolberg,0.004862236628849271
voigtlandwald,0.0016207455429497568
wolf,0.005269939700212408
frevler,0.003377392109687226
priesterin,0.0033094415977933706
diele,0.008239628738536498
maien,0.06503367325367185
frühlingsnacht,0.008103727714748784
port,-0.01633328971078249
blättchen,0.009724473257698542
königskind,0.009724473257698542
wandrer,0.03916969507836959
mondschein,0.01148111982443601
weiher,0.014654660398441668
blitzstrahl,0.008103727714748784
halde,0.00992832479338011
heimlichkeit,0.00351329313347494
fichte,0.008511430786111922
retter,0.010064225817167823
fruh,0.00351329313347494
schläfer,0.017896151484341184
abglanz,0.0033094415977933706
wiegenlied,0.011345218800648298
lämpchen,0.006550932683692884
kanne,-0.001348943495374331
maiennacht,0.006482982171799027
gestade,0.016343356453285284
flachs,0.011345218800648298
kleinod,0.009996275305273966
ampel,0.01148111982443601
firmament,0.00506608816453084
brünnlein,0.008103727714748784
dorten,0.01148111982443601
siegel,0.0021643496381006083
sternenschein,0.006550932683692884
stift,-0.007356272083916366
herzschlag,0.008171678226642642
heiligtum,0.009860374281486253
englein,0.006482982171799027
thüren,0.0036491941572626505
sträußchen,0.004930187140743126
knieen,0.005212055930821344
wörtchen,0.0018245970786313253
heer,0.07949454885893473
schäferin,0.0016207455429497568
sünder,0.005405840724000122
leichentuch,0.008103727714748784
mütterchen,0.008171678226642642
dämm'rung,0.009724473257698542
jugendzeit,0.011413169312542154
tyrann,0.0018925475905251822
gans,0.00351329313347494
wanderschaft,0.00175664656673747
leichnam,-0.001348943495374331
vergänglichkeit,0.004930187140743126
herr'n,0.0032414910858995136
vogt,0.004862236628849271
sumpf,0.00837552976232421
hase,-0.0012809929834804758
schwan,0.09327591934525908
glüh'n,0.022690437601296597
zeh,-0.062285452550409195
blüthe,0.1393841166936791
blumenduft,0.006482982171799027
sonnengold,0.011345218800648298
wohllaut,0.008103727714748784
königssohn,0.0032414910858995136
husar,0.0033094415977933706
wanderlust,0.004862236628849271
falke,0.008103727714748784
geschmeide,0.00837552976232421
todesnacht,0.006550932683692884
ross,0.08415293395210244
traumgesicht,0.006482982171799027
vorzeit,0.012965964343598054
schemen,0.009792423769592398
scheit,-0.0018824808480223873
trauerweide,0.0032414910858995136
amor,0.005134038676424696
möve,0.008103727714748784
widerschein,0.00351329313347494
münster,0.006482982171799027
koralle,0.006686833707480596
bereich,-0.002901738526430232
dickicht,0.004998137652636983
verheißung,0.006550932683692884
abendhimmel,0.004930187140743126
selbstsucht,0.0035812436453687953
liebeslied,0.009724473257698542
asyl,0.004862236628849271
beil,0.0006115546070447064
umschlungen,0.019788699074866363
glöckchen,0.016343356453285284
lindenbaum,0.006482982171799027
stoppel,0.004862236628849271
schmelz,0.03140571992309009
äuglein,-0.00452248406937999
sachse,0.005134038676424696
lohe,0.009860374281486253
geißel,0.009792423769592398
schätzchen,0.0001359010237877126
lerchenschlag,0.009724473257698542
psalm,0.01620745542949757
stengel,0.0034453426215810823
maitag,0.009724473257698542
helm,0.00021391827818435794
wiederhall,0.008171678226642642
saitenspiel,0.004930187140743126
lichtlein,0.004862236628849271
zwist,0.003377392109687226
schütz,0.011491186566938802
weihnacht,0.006890685243162165
denker,0.008103727714748784
inner,-0.07011737821758257
bügel,0.0002718020475754252
traurigkeit,0.0037171446691565083
rathaus,-0.004590434581273845
flügelschlag,0.008239628738536498
spange,0.011549070336329867
herbstwind,0.006482982171799027
sonnenblume,0.0032414910858995136
rösslein,0.0016207455429497568
gondel,0.003377392109687226
glühn,0.06186013267966618
athmen,0.017828200972447326
bitterkeit,0.00175664656673747
strang,0.008103727714748784
schmaus,0.01951689702729094
gebrause,0.01620745542949757
bitt,-0.08521749197177284
knäblein,0.006550932683692884
aufgethan,0.011345218800648298
schlamm,0.016343356453285284
verrat,-0.009306703443832609
bug,0.004998137652636983
sommerabend,0.004862236628849271
fund,0.009122985393156629
wrack,0.0016207455429497568
firnen,0.0032414910858995136
pfühle,0.009724473257698542
erdball,0.003377392109687226
harm,0.02863988242044757
höh,0.0944512115324602
föhren,0.001688696054843613
ginster,0.008103727714748784
majestät,0.006618883195586741
plätzchen,-0.004386583045592277
morgenstrahl,0.008103727714748784
seel,0.3486364597279966
labung,0.001688696054843613
balde,0.009724473257698542
odem,0.03626795655193936
ruhestatt,0.008103727714748784
pfand,0.008307579250430353
zurücken,0.016275405941391426
mündchen,0.004930187140743126
stäubchen,0.004862236628849271
sonnenblick,0.0033094415977933706
rosenduft,0.008171678226642642
harfner,0.004862236628849271
gezweige,0.006482982171799027
innere,-0.016401240222676344
sporn,0.0034453426215810823
thorheit,0.008171678226642642
ostern,0.009724473257698542
köpflein,0.0032414910858995136
draht,0.00033975255946928126
windstoß,0.0052019891883185515
sommerzeit,0.006482982171799027
fittich,0.006618883195586741
sternennacht,0.004862236628849271
rippe,0.01378137048632433
überfluss,-0.0027658375026425198
bär,0.009279019901949931
lämmlein,0.0001359010237877126
kies,0.009860374281486253
gespiele,0.006550932683692884
wandervogel,0.008103727714748784
schrein,0.050582864390911746
sphinx,0.008171678226642642
mahnung,0.008307579250430353
schaft,-0.20918942589367506
meile,0.013101865367385768
raupe,0.006482982171799027
helfer,0.00175664656673747
stündlein,0.008103727714748784
weizenfeld,0.006482982171799027
frohsinn,0.0001359010237877126
