akzeptieren,0.0
prall,-0.004156222824696916
aggressiv,0.0
gründlich,-0.0025022592800995787
anfällig,0.0
verschlechterung,-0.001445086705202312
entnervt,0.0
schwierig,-0.03895766194349242
extravagant,0.0
ungehobelt,0.0
wohlergehen,-0.010115606936416185
bewegungslos,-0.005780346820809248
vergelten,-0.007046396235101539
erbost,-0.008670520231213872
gütlich,5.967909697000709e-05
grauenhaft,-0.004305420567121933
schlagen,0.13718092997084247
schwinden,0.0940883591658567
sicherstellen,0.0
gefeiert,-0.001445086705202312
eindrucksvoll,0.0
unkompliziert,0.0
brutal,0.0029796920558596346
teuerungsrate,0.0
rettung,0.00047743277576005674
hemmung,0.0
einheitlich,-0.004335260115606936
großartig,-0.017341040462427744
einnehmen,-0.04470816921581667
einweihen,-0.004305420567121933
rechtsgültig,-0.001445086705202312
ausgezeichnet,-0.011560693641618497
trüb,0.2646853206472624
amateurhaft,0.0
finanzieren,0.0
ärgernis,-0.002890173410404624
misten,-0.001445086705202312
übellaunig,0.0
abschaffen,-0.002890173410404624
clever,0.0
alt,-0.003457124831619751
abgetakelt,0.0
bereitschaft,-0.010115606936416185
antipathie,-0.001445086705202312
zufrieden,-0.08884938701041828
beteiligung,0.0
trefflich,-0.06048476477910209
aufstieg,-0.002830494313434617
verlangsamen,0.0
glorios,0.0
ansprechend,0.0
unwiderstehlichkeit,-0.001445086705202312
verbot,-0.009936569645506165
infiltrieren,0.0
erpressen,0.0015047658021723192
bequem,-0.0762315207939025
mitfühlen,0.0015047658021723192
präzision,0.0
verblassen,0.022183572902279743
merkwürdigkeit,-0.0072254335260115606
führung,-0.04615325592101898
verfeinerung,-0.001445086705202312
einschüchterung,0.0
inkompetent,0.0
zurückhalten,-0.02745664739884393
gewinnen,-0.026574249322215984
vergeudung,0.0
einfältig,-0.017311200913942743
charisma,0.0
einsparung,0.0
unlogisch,0.0
weiterempfehlen,0.0
reichhaltig,-0.001445086705202312
geizkragen,0.0
schadhaft,-0.004335260115606936
langatmig,0.0
partner,-0.001445086705202312
widerwärtig,-0.004275581018636929
kaltherzig,-0.001445086705202312
enthauptung,0.0
unersetzlich,0.0
erhebend,-0.004245741470151925
rührig,-0.002890173410404624
abdämpfung,0.0
erbärmlich,-0.011441335447678481
abstürzen,-0.008670520231213872
sabotieren,0.0
überhöhen,0.0014749262536873156
genuß,0.004514297406516958
heiraten,-0.06499906218561904
inspirieren,0.0
einsinken,-0.002890173410404624
mitgefühl,-0.001325728511262298
sorglosigkeit,-0.008670520231213872
überschuß,0.0
versklavung,0.0
groteske,0.0
schmerzvoll,0.0015644448991423265
heillos,-0.007195593977526556
retten,-0.011275086534690601
gedankenlos,-0.002740975667979607
zweifeln,-0.02177860760141183
angenehm,-0.11843743072961958
kommunikativ,0.0
missbrauch,-0.0014152471567173085
fälschen,0.0
stümperhaft,0.0
bitterkeit,0.0016838030930823398
desaster,0.0
attraktiv,0.0
veredelung,0.0
gönner,-0.011560693641618497
abschreckung,0.0014749262536873156
fehler,-0.021527102835609664
fraglich,-0.002890173410404624
boomen,0.0
klage,0.230361314304227
kostenintensiv,0.0
überschwänglich,0.0
miserabel,-0.004335260115606936
müde,0.2550173069381213
untergehen,-0.021258546899244633
umbruch,0.0
ungleich,-0.004275581018636929
möglich,-0.3622990093269903
übermaß,-0.002830494313434617
seriösität,0.0
unfehlbar,-0.005720667723839241
unsachgemäß,0.0
sparsam,-0.024566473988439308
unverbesserlich,-0.0072254335260115606
immobilität,0.0
bescheidenheit,-0.012975940798335805
illegalität,0.0
mangel,-0.02998874622742851
erneuerung,-0.001445086705202312
favorit,0.0014749262536873156
fälschung,-0.001445086705202312
eingehen,-0.04187767490238205
androhung,-0.001445086705202312
durchfallen,0.0
kaputt,-0.004335260115606936
erhöhen,0.004693334697426978
erbittert,-0.004245741470151925
debil,2.9839548485003546e-05
geräumigkeit,0.0
lobenswert,-0.001445086705202312
beeinträchtigen,-0.001445086705202312
crash,0.0
anpassung,0.0
superschnell,0.0
eignung,-0.001445086705202312
anzünden,-0.01863692942520504
unregelmäßigkeit,-0.001445086705202312
neutralisieren,0.0
behindern,-0.004335260115606936
kultiviert,0.0
veritabel,0.0
blindheit,0.0029796920558596346
alarmieren,-0.001445086705202312
plausibel,-0.002890173410404624
bitter,0.06843061026139445
folgenschwer,-0.001445086705202312
duften,0.12475915221579961
öde,0.11948607771923543
besonders,-0.12265333265128651
melodramatisch,0.0
ablehnung,-0.005780346820809248
einsam,0.29950381093662076
ordnungsgemäß,-0.002890173410404624
not,0.13887325864920624
gerührt,-0.0011168516718672722
schubs,0.0
sucht,0.31557880198475624
flucht,-0.014433815881460255
strittig,0.0
konkurrenzfähig,0.0
abrutschen,0.0
anheben,-0.001325728511262298
hoffen,0.04530922297815747
beitritt,0.0
verdienen,-0.07192610022678056
unsterblichkeit,0.008879397070608898
unerschrockenheit,-0.001445086705202312
unverkrampft,0.0
versöhnlich,-0.014450867052023121
beitragen,-0.007195593977526556
renommiert,0.0
heranwachsen,-0.008670520231213872
unliebsam,-0.002890173410404624
rebell,0.007404470816921581
blutig,0.08593363684416935
explodieren,0.0
ausgehungert,0.0
engagieren,-0.008670520231213872
arm,0.17617695704810132
stören,-0.008875134277968183
meisterlich,-0.002830494313434617
unaufholbar,0.0
rückendeckung,0.0
diskriminierung,0.0
produktivität,0.0
zersetzen,0.0015047658021723192
beseitigen,-0.004335260115606936
brüchig,-0.0014152471567173085
zusammenschlagen,-0.0028006547649496137
rücksicht,-0.0517545654509182
gütig,0.0051110883762170295
schlagend,-0.001295888962777294
übergewicht,-0.002890173410404624
bedeuten,-0.08180299077531672
wackelig,-0.002890173410404624
ungünstig,0.0
bösartigkeit,0.0
wertsteigerung,0.0
interesse,-0.04907326887990861
entbehrungsreich,0.0
schenkung,0.0014749262536873156
charismatisch,0.0
abstoß,-0.01300578034682081
ehrfurcht,-0.014331508858083108
immens,0.0
entmutigung,0.0
hochheben,0.0
ankurbelung,0.0
enttäuscht,-0.004245741470151925
verwirklichen,0.0
provozieren,0.0
ehrwürdig,-0.010055927839446178
unterstellen,-0.001445086705202312
schwerfällig,-0.011471174996163486
gratulation,-0.002890173410404624
unheilvoll,0.003039371152829642
zumutung,-0.004335260115606936
abdanken,0.0
sterben,0.2691143622009651
leistungsfähig,0.0
eindeutigkeit,0.0
geisteskrank,-0.001445086705202312
speziell,-0.008670520231213872
bosheit,0.0001790372909100217
steuerhinterziehung,0.0
gräßlich,-0.004305420567121933
kränklich,-0.007195593977526556
bunt,0.2360947704059884
zuschuß,0.0
schimpfend,-0.002890173410404624
undiplomatisch,0.0
bemerkenswert,0.0
farce,0.0
rausgeschmissen,0.0
bescheuert,0.0
einheit,0.0051110883762170295
zerschlagung,0.0
verdächtige,-0.004305420567121933
ruhm,0.09213173734376864
sinn,0.15312377444711583
ersticken,-0.013883915630808055
veraltet,0.0015047658021723192
beteiligen,-0.014450867052023121
verdorben,-0.0028006547649496137
unbehagen,-0.008670520231213872
eintönig,0.014808941633843163
nützlich,-0.025892202499701603
verbundenheit,-0.001445086705202312
verboten,-0.0013854076082323048
bezaubernd,-0.0028006547649496137
highlight,0.0
würdevoll,-0.005750507272324245
glänzen,0.18425068630961514
bescheiden,-0.0027537640459017465
degradierung,0.0
vernachlässigung,-0.005780346820809248
konsequent,0.0
aufbesserung,-0.004335260115606936
verarschen,0.0
intelligenz,0.0
unterlaufen,-0.004335260115606936
vertrautheit,-0.002890173410404624
profan,0.0
fluch,0.06802990775316725
gastfreundlich,0.0029498525073746312
mächtig,0.025465923235630128
grotesk,0.004424778761061947
stimulieren,0.0
lebensfeindlich,0.0014749262536873156
unruhig,-0.06638446979385135
entschlüsseln,0.0
wunderbar,0.11403396593176121
liberal,-0.007195593977526556
anheitern,-0.002890173410404624
zugreifen,-0.0014152471567173085
eifern,-0.0012660494142922914
pünktlichkeit,-0.001445086705202312
blauäugig,-0.001445086705202312
schlottern,0.0015346053506573227
unerklärlich,-0.007195593977526556
sackgasse,0.0
ausreichend,-0.001445086705202312
dürr,0.06106876737088002
hinzunehmen,0.0
beitreten,0.0
uninformiert,0.0
individuell,0.0
faszinierend,0.0
weitreichend,0.0
beschränkung,-0.004335260115606936
beilegen,-0.0028603338619196204
umtauschen,0.0
willkommen,-0.0017861101164594953
aussetzen,-0.018756287619145055
trist,-0.0013854076082323048
verhandelung,0.0
auftrieb,0.0
gefallen,-0.11625914369021434
wüten,-0.009697853257626135
exquisit,0.0
unschuldig,-0.044529131924906644
gunst,0.011100312036421298
übergewichtig,0.0
demütigung,-0.004335260115606936
bergab,0.0076133476563166064
anmaßung,-0.002890173410404624
geringwertig,0.0
artig,-0.11530854093133493
herausfordern,-0.002890173410404624
gnade,0.06343888007911742
aufstocken,0.0
effizient,0.0
bund,0.05329343359421625
einbruch,-0.00999624874247617
unverständlich,-0.008610841134243865
abgleiten,-0.001445086705202312
treue,0.1125590396780739
bösartig,0.0
gewünscht,-0.007165754429041554
gültig,-0.06623527205142633
abschießen,2.9839548485003546e-05
unstimmigkeit,0.0
stabilität,0.0
majestät,0.029617883267686326
komplikation,0.0
schramme,-0.002890173410404624
niederlage,-0.002890173410404624
fadenscheinig,-0.001445086705202312
unseriös,0.0
progressiv,0.0
verschleudern,-0.004335260115606936
ruchlos,0.00011935819394001419
ermordung,-0.001445086705202312
unvergleichlich,-0.010115606936416185
verfassungswidrig,0.0
heuchelei,0.0044844578580319535
beeindruckend,0.0
gesundung,0.0
lohnend,2.9839548485003546e-05
magisch,0.013483213122580865
verteidiger,-0.002890173410404624
malerisch,-0.004305420567121933
teuerung,-0.008670520231213872
uneinigkeit,-0.002890173410404624
unverhofft,-0.0012063703173222848
gewachsen,-0.0028603338619196204
unverantwortlichkeit,0.0
angetrunken,0.0
lebensfähigkeit,0.0
aufschreien,-0.0027708152164646095
scharf,-0.04969563660545297
belastbarkeit,0.0
sagenhaft,0.0
glücklich,-0.08294541920302828
entwirren,2.9839548485003546e-05
vertrauter,0.0
ergebnislos,-0.001445086705202312
doppelspiel,-0.001445086705202312
defizit,0.0
experte,0.0
apokalyptisch,0.0014749262536873156
abnehmen,-0.027396968301873922
trottelig,0.0
gefährlich,-0.07499531092809522
zusammenstoß,-0.004335260115606936
bedenklich,-0.0258623629512166
eingeschränkt,0.0014749262536873156
grandios,0.0014749262536873156
rehabilitieren,-0.001445086705202312
verworren,0.03262741487203097
unerträglichkeit,0.0
verstricken,0.0030095316043446383
todesstrafe,-0.002890173410404624
renitent,0.0
unterdrücken,-0.02167630057803468
hemmen,0.02838167340187904
verzicht,-0.0024425801831295738
sicherheit,-0.054793936603747845
kompensieren,0.0
überlastung,0.0
wohltuend,-0.001445086705202312
stürzen,0.03871041997033098
murren,0.012008286868893549
mist,-0.007046396235101539
auffallen,-0.0476878612716763
rutschen,-0.007165754429041554
brisant,0.0
klarheit,0.007881903592681636
steigflug,0.0
willkürlich,-0.06496922263713403
fit,0.035726465121830614
rechtmäßigkeit,0.0
grundsätzlich,0.0
ruckeln,0.0
verstimmen,-0.018756287619145055
unvollkommenheit,0.0
vielseitigkeit,0.0
durchschlagend,0.0
interessieren,-0.02023121387283237
sensibel,0.0
vielversprechend,-0.001445086705202312
hochtreibend,0.0
rückstand,-0.001445086705202312
erschöpfen,-0.0142718297611131
unzufrieden,-0.01300578034682081
abgedroschen,0.0
unerwiesen,0.0
lebendig,0.00931420191996181
unumstritten,0.0
widerruf,8.951864545501086e-05
gewaltsam,-0.027426807850358927
eigenartig,-0.011560693641618497
handikap,0.0
dämpfen,0.023837536446877076
mangelhaft,0.0014749262536873156
vage,0.0015047658021723192
vermeiden,-0.038927822395007416
aufstockung,0.0
ausreichen,-0.005750507272324245
intensiv,-0.001445086705202312
kopfschmerz,-0.0072254335260115606
schrumpfen,0.007404470816921581
scheidung,-0.018666768973690046
einfallsreich,0.0
schurke,-0.008521322488788854
nachlassen,-0.005780346820809248
milde,0.03145088410319369
sorgenschwer,0.004424778761061947
kontinuität,0.0
rivalität,-0.001445086705202312
frustriert,0.0
laune,-0.03688594472010504
gestiegen,-0.004215901921666923
standhaft,0.00011935819394001419
vorsichtig,-0.08941633843163334
befallen,0.003218408443739662
herrisch,0.005959384111719269
hilflos,-0.015657237369345406
diffamieren,0.0
verlässlich,0.0
mobil,-0.011560693641618497
erbe,0.08504271318225998
unermesslich,0.016403226081470493
rückversicherung,0.0
besser,-0.054346343376472796
kollision,0.0
unstetig,0.0
innovation,0.0
reizvoll,-0.005690828175354238
aufschwung,2.9839548485003546e-05
verstand,-0.01795061981004996
mißfallen,0.0
unterliegen,0.00026855593636503083
funkeln,0.09296724470134873
negativität,0.0
leichtsinn,-0.037482735689805105
fertigen,-0.04040274864869473
tragisch,-0.004275581018636929
lückenlos,-0.001445086705202312
ruppig,-0.004335260115606936
attacke,0.0014749262536873156
unnütz,-0.021586781932579673
entwirrung,0.0
lächerlich,-0.03031698126076355
abwechslungsreich,0.0
stürmisch,0.006824731017784372
außerordentlich,-0.05346820809248555
todesfall,-0.004335260115606936
unglaubwürdig,0.0
verrückt,0.0016838030930823398
glücklos,0.004424778761061947
pannenhilfe,0.0
kostengünstig,0.0
brüderlichkeit,0.0014749262536873156
sexy,0.0
verurteilung,-0.002890173410404624
inkompetenz,0.0
leid,0.12643016693095988
ausgrenzen,0.0
aussichtslos,-0.001445086705202312
einheitlichkeit,0.0
boshaft,-0.014331508858083108
wertig,0.0
entlohnen,-0.001445086705202312
konstant,-0.008670520231213872
skandalös,-0.002890173410404624
tolerant,0.0
abrutsch,0.0
aufbringen,-0.015895953757225433
schimmlig,0.0
einnahme,-0.008670520231213872
leblos,-0.0012660494142922914
drastisch,0.0
hundertprozentig,0.0
rosarot,0.004424778761061947
gammeln,0.0
klaglos,0.0029796920558596346
übertreten,-0.004335260115606936
wermutstropfen,0.0
befreiung,-0.004215901921666923
vorzeigbar,0.0
streng,-0.10565331560011595
grenzenlos,0.006138421402629291
unbeliebt,0.0
dekadenz,0.0
tot,0.06993963885620746
verzweifelt,-0.034532883182430474
auslöschung,0.0
wrack,0.007374631268436578
fies,0.0
grottenübel,0.0
verdacht,-0.02595188159667161
überzeugung,-0.027426807850358927
dämlich,0.0014749262536873156
humorvoll,-0.001445086705202312
rückständig,-0.001445086705202312
erfolgserlebnis,0.0
wahnsinn,-0.0007587770900472288
champion,0.0
belanglos,0.0
mager,-0.01117277951131345
nervenaufreibend,0.0
wachsend,0.00032823503333503923
zwangslage,0.0
abspaltung,0.0
pflichtwidrig,0.0
verheeren,0.007404470816921581
entbindung,0.0
packend,0.0014749262536873156
wertschätzen,0.0
tätig,-0.0952862038978976
sturheit,0.0
verzögern,-0.0014152471567173085
exakt,-0.002890173410404624
ekelig,0.0
widernatürlich,0.0
locker,-0.01141149589919348
nähe,-0.14621805036915786
produktiv,0.0
herrschaftlich,-0.001445086705202312
geschmacklos,-0.004335260115606936
unbotmäßig,0.0
meckern,-0.008670520231213872
witz,-0.017861101164594946
einsparen,0.0
konsolidieren,0.0
fragil,0.0014749262536873156
prügeln,0.0030095316043446383
adrett,0.0
rutsch,-0.00713591488055655
glaube,-0.13530530120892797
geistlosigkeit,0.0
haft,-0.2742254505771821
lebensfähig,0.0
sparen,-0.010993742220403432
dummheit,-0.02155694238409467
schwierigkeit,-0.02167630057803468
hoffnungsfroh,0.0029498525073746312
rost,0.17561000562688628
klein,-0.06624806042934839
entziehen,-0.03299827783177315
festlichkeit,-0.0028603338619196204
halbfertig,0.0
freundschaft,-0.05579143008167511
zustimmung,-0.010115606936416185
dezimierung,0.0
morbid,0.0
verhängnisvoll,-0.010085767387931181
schmerzerfüllt,0.0014749262536873156
verschlechtern,0.0014749262536873156
verdrießlich,-0.008581001585758863
zusammenarbeit,0.0
lautstark,0.0
präferenz,0.0
qual,0.2685133084386243
beliebtheit,0.0
hinreißend,-0.0028603338619196204
löschung,0.0
geiz,-0.006837519395706516
sprengung,-0.004335260115606936
entschädigen,-0.011560693641618497
rentabilität,0.0
vergötterung,-0.001445086705202312
anpassen,0.0014749262536873156
unheilbarkeit,0.0
teuer,-0.05692107013146454
lösen,0.09503896192473614
leistungsfähigkeit,0.0
bedrücken,-0.008431803843333845
zuschießen,0.0
untrennbar,0.0
respekt,-0.027367128753388918
ungerechtigkeit,-0.002890173410404624
hervorragend,-0.002890173410404624
super,-0.004335260115606936
verständlich,-0.04606373727556397
ehrgeizig,0.0014749262536873156
lösung,0.012217163708288573
kommunikation,0.0
unverschämtheit,-0.002890173410404624
vergebung,0.00011935819394001419
unpraktisch,-0.001445086705202312
überglücklich,-0.0028006547649496137
zusammenstoßen,-0.004335260115606936
überwältigen,-0.01878612716763006
unsauber,-0.001445086705202312
unbestimmt,-0.01586611420874043
gewaltig,0.047155012191586965
bedarfsorientiert,0.0
froh,0.2366190939007963
schillern,0.014838781182328167
kämpfen,0.03008252766552423
belohnung,0.0030095316043446383
historisch,2.9839548485003546e-05
unterirdisch,-0.0014152471567173085
konkurrenz,-0.002890173410404624
großzügigigkeit,0.0
zuflucht,-0.001295888962777294
entzückend,0.004633655600456971
langweilen,-0.005720667723839241
unzumutbar,0.0
stau,0.09620696710829202
zerren,0.007673026753286613
favorisieren,0.0
epochal,0.0
beschädigung,-0.002890173410404624
unterlassung,0.0
zensur,0.0
privilegiert,0.0
einschüchtern,-0.008670520231213872
verwöhnen,-0.0014152471567173085
kauf,-0.10547427830920593
schlapp,0.0015644448991423265
einflußreich,0.0
gesund,-0.011125888792265587
gehorsam,-0.0374230565928351
neustart,0.0
rückgang,0.0
geldstrafe,0.0
unbedacht,0.0015644448991423265
maßlosigkeit,0.0
zittern,0.24275751530342557
unbeschwert,0.0014749262536873156
reparatur,-0.001445086705202312
stabil,0.0
auftrag,-0.05771394956263747
herunter,-0.06826009855576584
schwunghaft,0.0
blödheit,0.0
faschistisch,0.0
unglaubwürdigkeit,0.0
schaurig,0.041417293297184854
diffizil,0.0
berauschend,0.01628386788753048
gewissenhaft,-0.011560693641618497
häßlich,0.0029796920558596346
sauberkeit,-0.001445086705202312
alptraum,0.0
korruption,-0.001445086705202312
reinigen,-0.027158251913993896
drift,0.0
unerhört,-0.011321977253738468
rechtmäßig,-0.008670520231213872
gedenken,0.03121643050795439
leidende,-0.004275581018636929
verherrlichen,2.9839548485003546e-05
wiedervereinigung,0.0
reduzieren,-0.001445086705202312
verwendbar,0.0
klischee,0.0
günstig,-0.050488516036625915
aufmerksamkeit,-0.051993281838798235
erzeugnis,-0.002890173410404624
missgeschick,0.00014919774242501752
vererben,0.0015346053506573227
transparent,0.0
ungewollt,2.9839548485003546e-05
versöhnen,0.0253721417975344
geblitzt,0.0
überschaubarkeit,0.0
auferstehen,0.013423534025610858
entrüsten,-0.007165754429041554
verringern,-0.0072254335260115606
fitness,0.0
formvollendet,0.0
genehmigung,-0.004335260115606936
trost,0.11002694084948932
auftreiben,-0.005750507272324245
solidarisch,0.0
überholen,5.967909697000709e-05
abnutzung,-0.001445086705202312
zurückschicken,-0.005780346820809248
konfrontieren,0.0
fruchtbar,0.02091752348798745
flach,0.030035636946476374
seicht,8.951864545501086e-05
dahinschwinden,0.0014749262536873156
riesengroß,0.004514297406516958
ausbrechen,-0.033236994219653176
höflichkeit,-0.04181799580541204
geschmackvoll,-0.004335260115606936
beunruhigen,-0.02167630057803468
fremd,0.12375313315259096
befall,0.0017733217385373506
optimistisch,0.0
explosiv,0.0
beängstigend,-0.002890173410404624
denkwürdig,0.0
heilsam,-0.008610841134243865
ungehorsamkeit,0.0
schwäche,-0.024118880761164252
schmerzlich,0.029008303920064114
toll,0.0795437106757379
drohung,-0.015806435111770423
vergeuden,0.008879397070608898
unzüchtig,0.0
kontraproduktiv,0.0
desinteresse,0.0
frivol,2.9839548485003546e-05
unfug,-0.002890173410404624
vorzüglich,-0.01150101454464849
grenzdebil,0.0
konfliktfrei,0.0
vorteil,-0.04332276160758436
düsternis,0.0
gedrängt,0.00014919774242501752
streiten,0.02036762323733525
müll,-0.0069270380411615255
anklagen,-0.010026088290961174
terror,0.0
ramponieren,0.0
suchtfaktor,0.0
beunruhigt,-0.002890173410404624
gammelig,0.0
bereitstellung,0.0
gebrechen,0.0014749262536873156
glanzvoll,0.0029498525073746312
verwunden,-0.011232458608283459
missglücken,0.0
brilliant,0.0
grausig,0.007493989462376592
unattraktiv,0.0
stagnieren,0.0
ungeschicklichkeit,-0.001445086705202312
wiederbelebung,0.0
ausbauen,0.0
verhöhnen,0.019353078588845125
finster,0.1262511296400498
gediegen,-0.005780346820809248
armut,0.010772077003086262
unabhängig,-0.011530854093133494
furcht,-0.04039848585605402
einstürzen,-0.002890173410404624
schenken,0.020086278923048068
trübsal,0.008879397070608898
warm,0.28728664722833225
illuster,0.0
unsolid,0.0
phänomenal,-0.001445086705202312
unehrlichkeit,-0.001445086705202312
ehren,-0.02740975667979606
einstellen,-0.027426807850358927
sorgenfrei,0.0
lasch,-0.05013044145480588
preissturz,0.0
unvollkommen,-0.001445086705202312
hochhalten,0.0
versenkung,0.0029498525073746312
nachteil,-0.004335260115606936
aufhebung,-0.001445086705202312
optimalität,0.0
mau,0.03877009906730097
ungerechtfertigt,-0.002890173410404624
aufhören,-0.03751257523829011
berauben,-0.002532098828584583
unvorhergesehen,-0.0028603338619196204
minderung,-0.001445086705202312
zusammenhanglos,0.0
wutschäumend,0.0
aufwendig,0.0
verräterisch,-0.002830494313434617
glücklosigkeit,0.0
wiederherstellen,-0.001445086705202312
rechtswidrigkeit,0.0
unwillig,-0.005660988626869234
bessern,-0.019783620645557318
bekräftigung,0.0
florieren,0.0
beschruppt,0.0
erniedrigen,-0.008670520231213872
schön,0.2929305846846386
stumpfsinnig,2.9839548485003546e-05
verlieren,0.023338789707913477
erlauben,-0.09790782137193718
sachgemäß,-0.002890173410404624
arschloch,0.0
hilfsbereitschaft,0.0
kippen,-0.001445086705202312
erhalten,-0.1994944327928112
echtheit,0.0
geliebt,0.09512848057019113
leicht,-0.1859259638174161
veredeln,-0.002830494313434617
stattlich,-0.005541630432929219
erstrebenswert,0.0
gravierend,0.0
entfremdung,0.0
konflikt,-0.001445086705202312
diktatorisch,0.0
hochruf,0.0
dämpfer,0.0
abschluß,0.0
besorgnis,-0.024566473988439308
abtragen,-0.002890173410404624
abgrund,0.04354868961754225
last,0.10610943441267245
goldig,0.03846744078981022
zusammengehörigkeit,-0.002890173410404624
bekennend,-0.001445086705202312
abspalten,0.0
egoistisch,-0.001445086705202312
langeweile,8.951864545501086e-05
verletzung,-0.005750507272324245
zurückgegeben,0.0014749262536873156
heilig,0.22328507852064045
modernisieren,0.0
zukunftsweisend,0.0
eignen,-0.025981721145156615
anstrengen,-0.02023121387283237
schlägerei,0.0
gefährdung,-0.001445086705202312
trotten,-0.001445086705202312
ausbildung,-0.004335260115606936
protestieren,-0.008670520231213872
verrückter,0.0029498525073746312
glanz,0.3883404095691169
unstetigkeit,0.0
elendig,-0.005780346820809248
verschimmelt,0.0
ungeheuerlich,-0.0013854076082323048
trauer,0.1817612154074377
kunstvoll,0.0015942844476273298
verschlingen,0.025879414121779458
prominent,0.0
wichtig,-0.07334134738349787
wiedervereinigen,0.0
zuneigung,-0.008670520231213872
verbittert,0.0029796920558596346
menschlich,-0.011752519310450668
krude,0.0
gehässig,-0.004335260115606936
doppeldeutigkeit,0.0
findig,-0.008610841134243865
frieden,0.1602511637423909
verzwickt,-0.002890173410404624
individualität,0.0
aufschlagen,-0.021258546899244633
lieblos,0.00445461830954695
kooperation,0.0
fahrlässigkeit,-0.001445086705202312
unumschränkt,-0.0014152471567173085
traurigkeit,0.00038791413030504415
monoton,0.0015047658021723192
wehklagend,-0.0014152471567173085
auszeichnen,-0.02167630057803468
unabhängigkeit,-0.005780346820809248
ausschließen,2.9839548485003546e-05
unüblich,0.0
universell,0.0
verantwortungsbewußt,0.0
erheblich,-0.010115606936416185
dussel,0.0
verfehlung,0.0
talentiert,0.0
zielgerichtet,0.0
unbesiegbar,0.0014749262536873156
geruhsam,-0.002890173410404624
schauerlich,0.014808941633843163
profiliert,0.0
reichtum,-0.009608334612171122
stark,0.04745767046907767
riskieren,-0.001445086705202312
aufblasen,-0.005780346820809248
irrsinnig,0.00011935819394001419
gemeinschaft,-0.017311200913942743
gedeihlich,-0.0028603338619196204
vergeben,0.05479819939638855
erklimmen,0.0016539635445973373
hysterie,0.0
addieren,0.0
seriös,0.0
lakonisch,-0.001445086705202312
provokation,-0.001445086705202312
entführung,-0.004305420567121933
unruhe,-0.03468208092485549
fremdartig,-0.010115606936416185
aussterben,-0.0027708152164646095
aufbereiten,0.0
trennung,0.0005669514212150659
spielerisch,-0.0028603338619196204
strapaze,-0.004335260115606936
höflich,-0.09799734001739219
schaden,-0.07033181577915323
konkurrieren,0.0
neidisch,0.009028594813033915
aufblähen,0.0
bestrafen,-0.02167630057803468
verängstigen,0.0
hämisch,0.005989223660204273
verhasst,-0.009817211451566152
größe,-0.012140433440755709
jubel,0.1755929544563234
ausbruch,-0.01300578034682081
naiv,-0.01872644807066005
unterbrechen,-0.0967014510546149
wohltätigkeit,0.0
krise,0.0
fahrlässig,-0.001445086705202312
knuffig,0.0
mißglücken,0.0
unwirksamkeit,0.0
verletzbar,0.0
sorge,0.0035381178917932854
notfall,-0.004335260115606936
wertverlust,0.0
erzeugen,-0.054793936603747845
fortschritt,-0.00864068068272887
rauh,0.12130202738417994
gewährleistung,0.0
rosig,0.06534434838951694
verwirren,0.0008653469060651009
unglaublich,-0.0072254335260115606
dreckig,0.0
einschränkung,-0.005780346820809248
bewundert,-0.001445086705202312
verteidigen,-0.03176206796596586
wachsam,-0.005690828175354238
pracht,0.27947721111054274
protest,-0.012856582604395792
schräglauf,0.0
ruin,-0.019932818387982332
seltsam,0.001270312206933022
unnötig,-0.01300578034682081
korrupt,-0.001445086705202312
abstimmung,0.0014749262536873156
protzig,0.0
ziellosigkeit,0.0
denkfaul,0.0
bewegend,-0.0014152471567173085
auseinandersetzung,-0.008670520231213872
fehleranfällig,0.0
schmerzhaft,0.0001790372909100217
nervös,-0.014361348406568112
verbund,-0.003917506436816889
unbeschreiblich,-0.03176206796596586
widrigkeit,0.0
schlaff,0.04000204614046754
wärmstens,0.0
tolerieren,0.0
klimatisiert,0.0
beisteuern,-0.0014152471567173085
schwung,0.03301532900233601
integer,0.0
mühe,-0.07383156853718006
trägheit,-0.0013555680597473014
pessimistisch,0.0
kulanz,0.0
fidel,0.00011935819394001419
revolution,-0.004335260115606936
heben,0.11255477688543314
krüppel,-0.002830494313434617
schrott,0.0
effektiv,0.0
verdrängung,0.0
verbindlich,-0.010115606936416185
vergnügen,-0.09342336351390523
sonnig,0.07723327706447047
lähmung,0.0
garantiert,0.0
gültigkeit,-0.010115606936416185
verantwortungsvoll,0.0
abhängigkeit,-0.005780346820809248
befriedigend,-0.0028603338619196204
schwindlig,-0.0013854076082323048
befriedigung,-0.02014169522737736
relevanz,0.0
missraten,-0.0014152471567173085
kränkung,-0.004335260115606936
verzichten,-0.0010571725748972673
andrang,0.0
wärmen,0.0774123143553805
exzellent,0.0
laienhaft,0.0
eifrig,-0.04738946578682626
stornierung,0.0
beschränken,-0.015836274660255428
zerbrechen,0.0493588759868365
ineffizient,0.0
begünstigung,-0.002890173410404624
aufschwingen,0.0029498525073746312
ungeschminkt,-0.001445086705202312
sinnlos,-0.005541630432929219
verband,-0.005750507272324245
gesundheit,-0.02444711579449929
langlebig,0.0
schönheit,0.1417890088154552
wunde,0.1623015670025747
wahr,-0.12877896567599367
aktualisieren,0.0
lädiert,0.0
ärgern,-0.04750882398076628
gedränge,0.004872371988336999
intervenieren,0.0
knorke,0.0
chaotisch,0.0029498525073746312
erschrecken,-0.07423227104540725
lob,-0.023445359523931314
optimismus,0.0
inkonsistent,0.0
nett,-0.018069978003989975
romantisch,-0.005750507272324245
vorbildlich,0.0
unerwünscht,0.0
stehlen,-0.0003410234112571839
pflicht,-0.04713369822838337
angebot,-0.004335260115606936
erstechen,0.0016539635445973373
ehrlich,-0.0428453288318243
blockierung,0.0
zurückgehen,-0.005750507272324245
absenken,0.0014749262536873156
dusselig,0.0
vereinigung,-0.011560693641618497
missachtung,0.0
frech,0.0003751257523829099
fülle,0.11003120364213004
lukrativ,0.0
überschwemmung,0.0
unerfreulich,0.0
unsittlich,0.0
authentisch,0.0
triumph,-0.0022933824407045528
spielend,0.022541647484099783
anomalie,0.0
isolieren,0.0
faszination,0.0
abweisen,-0.015836274660255428
beleidigt,-0.011560693641618497
sabotage,0.0
kollegial,0.0
qualität,-0.0072254335260115606
hinterlistig,-0.001445086705202312
untergraben,2.9839548485003546e-05
rebellion,0.0
wert,0.06530598325575052
dominierung,0.0
haarig,0.00023871638788002837
beglückend,0.001713642641567344
stattlichkeit,-0.001445086705202312
spürbar,0.0
freundlichkeit,-0.01728136136545774
spektakulär,0.0
bedeutsam,-0.0072254335260115606
trostlosigkeit,-0.001445086705202312
undemokratisch,0.0
schonungslos,-0.001445086705202312
vermeidung,-0.002890173410404624
immobil,0.0
vernichtung,0.011888928674953536
fortdauernd,-0.001445086705202312
ausgeweitet,0.0
ausbau,-0.002890173410404624
spaß,-0.040014834518389684
liquidation,0.0
uneinholbar,0.0
übel,-0.06699404914147356
beherrscht,-0.004305420567121933
archaisch,0.0
krumm,-0.003977185533786894
erweitert,-0.002890173410404624
hochtrabend,-0.001445086705202312
trennen,0.0032354596143025216
verdient,0.0016241239961123331
kollidieren,0.0
ausbeute,-0.004335260115606936
kranken,0.007941582689651644
stupide,0.0
lernen,-0.016978703087967006
steigend,0.007673026753286613
verehrt,-0.020171534775862362
verwerfung,0.0
rentabel,0.0
träge,0.05263696352754617
zufriedenheit,-0.014391187955053113
ergiebig,-0.002890173410404624
unterbrechung,-0.011560693641618497
deinstallieren,0.0
gallig,0.0
stil,0.44998465394649345
kümmerlich,-0.007165754429041554
dilemma,0.0
verleumden,0.0
provisorium,0.0
brillanz,0.0
ausgeglichen,0.0
schlamperei,0.0
unzusammenhängend,-0.0072254335260115606
gefahr,-0.06834961720122086
töricht,-0.012707384861970775
auferstehung,0.011888928674953536
qualitativ,0.0
feige,0.012217163708288573
funktionierend,-0.001445086705202312
unglück,-0.12883438198032296
leichtsinnig,-0.03468208092485549
phantasievoll,0.0
gutgehend,0.0
raub,0.10162497655464048
vergeltungsmaßnahme,0.0
ermutigung,0.0
einkaufen,-0.008670520231213872
bombastisch,0.0
keim,0.0814491789861374
grimmig,0.0006266305181850743
gerechtigkeit,-0.008401964294848841
dreck,0.0029796920558596346
flaute,0.0
ruhe,0.29121267925043054
charmant,0.0014749262536873156
bedrängung,0.0
intakt,-0.001445086705202312
prächtig,0.0026386686446024515
spaßig,0.0
konsultation,0.0
jähzornig,-0.002890173410404624
gestresst,0.0
auskurieren,0.0
notstand,0.0
annullieren,0.0
ungesund,5.967909697000709e-05
instabil,0.0
vereidigen,0.0
melodrama,0.0
scheusslich,0.0
drosselung,0.0
gewalttätige,0.0
ergaunern,0.0
einwandfrei,0.0
empfehlung,-0.010115606936416185
träne,0.04121267925043057
verlockend,0.0089092366190939
arrogant,0.0
partnerschaftlich,0.0
ausschließung,0.0
sturz,0.018176547820007844
sympathisieren,0.0
intervention,0.0
alkoholisiert,0.0
entschwinden,0.03855695943526523
brutalität,0.0
luxuriös,-0.001445086705202312
trophäe,-0.0013854076082323048
beauftragen,-0.004335260115606936
heil,0.32692209320169835
kongenial,0.0
armselig,-0.007165754429041554
abführen,-0.005780346820809248
vergeltung,-0.002890173410404624
vertreiben,-0.008073729261513805
cool,0.0
bestechung,-0.001445086705202312
ausgleiten,-0.002890173410404624
verschönerung,-0.001445086705202312
niedergeschlagenheit,-0.001445086705202312
besteuerung,0.0
misstrauensantrag,0.0
konsistenz,0.0
unbesiegbarkeit,0.0
ungenauigkeit,0.0
schwächlich,8.951864545501086e-05
wiedergutmachung,0.0
abstumpfung,0.0
bekümmert,0.00026855593636503083
garantie,-0.002890173410404624
schelte,0.0038450389619247363
unlauter,2.9839548485003546e-05
verwerflich,0.0
galant,-0.010085767387931181
uneingeschränkt,0.0
hungertod,0.004424778761061947
hinterhalt,-0.005750507272324245
ermunternd,-0.002890173410404624
vorantreiben,0.0
einbuße,0.0
enorm,-0.001445086705202312
fehlverhalten,0.0
unqualifiziert,0.0
heimsuchung,0.0
beschädigen,-0.0072254335260115606
diebstahl,-0.015895953757225433
zensieren,0.0
grauen,0.09426313366412604
einschrumpfen,0.0
loyalität,0.0
schleppend,0.003039371152829642
aufbereitung,0.0
ergänzung,0.0
flüchtiger,0.0
gemein,-0.09394342421607244
beheben,-0.004335260115606936
glamourös,0.0
ehebruch,-0.001445086705202312
schuldlos,0.00020887683939502417
banal,-0.002890173410404624
erschweren,-0.004215901921666923
fehlen,-0.11217538834040958
lähmen,0.00029839548485003503
diplomatisch,-0.004335260115606936
aufwühlen,2.9839548485003546e-05
unvereinbar,0.0
gammlig,0.0
ergebnisreich,0.0
begnadigen,-0.0014152471567173085
verbinden,-0.04555646495131891
abstieg,0.0
geschickt,-0.05461489931283782
vergöttern,0.0015346053506573227
bonus,0.0
schuldlosigkeit,0.0
bürde,0.007583508107831602
zerstörerisch,0.0
mobilität,0.0
kulant,-0.002890173410404624
abreißen,-0.01300578034682081
weinen,0.3015158490630382
abstoßend,-0.002890173410404624
hochattraktiv,0.0
vollständig,-0.059248554913294796
nachlässigkeit,-0.001445086705202312
schädigen,-0.023121387283236993
gut,-0.20278530871144307
erzielen,-0.0013555680597473014
umtausch,0.0
energisch,-0.018756287619145055
einbrecher,-0.004335260115606936
heiter,0.050821013862601655
vereinfachen,0.0
attraktivität,0.0
bombe,5.967909697000709e-05
hartnäckig,-0.017311200913942743
invasion,0.0
ausgewogen,0.0
groß,-0.10979248725424995
ungewohnt,-0.017311200913942743
leidenschaftlich,-0.031672549320510855
kraft,0.22963237676266476
ungeliebt,0.0029498525073746312
erholung,-0.010085767387931181
perfektion,0.0
knuddelig,0.0
zuvorkommend,-0.002890173410404624
freundschaftlich,-0.01300578034682081
liquidieren,-0.001445086705202312
versuchung,-0.004305420567121933
motivieren,0.0
spektakel,-0.004335260115606936
mangelbehaftet,0.0
verzückt,0.004424778761061947
verehrung,-0.017341040462427744
glanzlos,0.0
ungezogen,-0.0014152471567173085
energielos,0.0
gewalttätig,-0.002890173410404624
schelten,0.008120619980561662
ermöglichen,-0.010115606936416185
überlegt,-0.008670520231213872
mord,0.00019608846147288472
vorhersehbar,0.0
zeitsparend,0.0
traumatisch,0.0
befangenheit,-0.0072254335260115606
verzögerung,0.0
verrücktheit,2.9839548485003546e-05
bedeutungslosigkeit,0.0
ekelerregend,0.0
reklamation,0.0
lässig,-0.04143008167510699
nah,-0.013048408273227952
reifen,-0.03484832983784336
frustrierend,0.0
unregelmäßig,-0.005780346820809248
verfluchen,0.001982198577932373
kräftig,-0.03502310433611267
wohlwollend,-0.011560693641618497
relevant,0.0
ingeniös,0.0
störungsfrei,0.0
gefährden,-0.005750507272324245
hinhauen,0.0
leichtsinnsfehler,0.0
respektieren,-0.001445086705202312
arbeitslose,0.0
explosion,0.0
skandal,-0.0013555680597473014
versenken,0.034042662028748276
verharmlosen,0.0
zenit,0.008849557522123894
hochkarätig,0.0
spott,0.023854587617439943
jähzorn,-0.002890173410404624
magern,-0.001445086705202312
unermüdlich,-0.007076235783586543
mißmutig,0.0
scheiden,0.1356250106569816
grottenschlecht,0.0
gleichgültigkeit,-0.008670520231213872
zornig,-0.029839548485003496
eindeutig,0.0
fruchtlos,-0.004215901921666923
kriegerisch,-0.005690828175354238
duft,0.5138881784234487
rechtswidrig,-0.001445086705202312
ungebeten,0.0029498525073746312
widrig,-0.011530854093133494
niederschmetternd,0.0
etabliert,0.0
repräsentativ,-0.001445086705202312
kümmern,-0.02502685559363651
ausfall,-0.005690828175354238
abbruch,-0.001445086705202312
verfehlen,-0.005690828175354238
gefecht,0.00032823503333503923
folgewidrig,0.0
unkritisch,0.0
wütend,-0.0142718297611131
freisprechen,0.0029498525073746312
auszeichnung,-0.002890173410404624
ungeteilt,2.9839548485003546e-05
geil,0.005929544563234266
brüderlich,0.0030095316043446383
gelohnt,-0.001445086705202312
arbeitslos,-0.002890173410404624
meisterwerk,0.0
allerbeste,0.0014749262536873156
intelligent,-0.002890173410404624
zwingen,0.007349054512592268
unbefriedigend,-0.002890173410404624
beschämen,-0.0040070250822718985
brandneu,0.0
praktikabel,0.0
unerbittlichkeit,0.0
keimig,0.0
qualitätsverbesserung,0.0
dauerhaft,-0.002890173410404624
bewundern,-0.02131822599621464
klug,-0.0513496001500503
ungesetzlich,-0.001445086705202312
ordentlich,-0.12283236994219653
zivilisiert,0.0
zufriedenstellend,-0.001445086705202312
abnahme,-0.001445086705202312
erhaltung,-0.06358381502890173
qualitätsminderung,0.0
ängstigen,-0.02294234999232697
gewährleisten,-0.001445086705202312
aggression,0.0
undurchführbar,-0.001445086705202312
erfreuen,-0.00789469197060378
leidenschaft,-0.02156973076201682
erhältlich,0.0
verkehrswidrig,0.0
unbarmherzig,0.0030095316043446383
weglassen,0.0
totalitär,0.0
spröde,0.0089092366190939
paradies,0.07443262229952087
sparsamkeit,-0.008670520231213872
berühmt,-0.046033897727078964
tragfähig,0.0
lüge,0.18998840520401727
abgründig,0.0029498525073746312
beleidigen,-0.03465224137637049
meisterhaft,-0.001445086705202312
konkurrenzkampf,0.0
beenden,-0.03450304363394547
bedeutungslos,-0.001445086705202312
farblos,0.0089092366190939
beschleunigen,-0.011560693641618497
garnichts,2.9839548485003546e-05
schubsen,0.0
unvergleichbar,0.0
krachen,0.022571487032584787
furchterregend,0.0
akkurat,0.0
giftig,-0.0012063703173222848
besorgniserregend,0.0
verschwenderisch,8.951864545501086e-05
kontinuierlich,0.0
beschwerde,0.016522584275410507
betrügerisch,0.0
umsichtig,-0.002890173410404624
ehrwürdigkeit,-0.001445086705202312
rückschritt,0.0
erzürnt,2.9839548485003546e-05
irrational,0.0
positiv,-0.001445086705202312
zwecklos,-0.010085767387931181
einzigartigkeit,0.0
humanitär,0.0
ärger,-0.0777064470475898
verwirrung,-0.020171534775862362
sichtbar,-0.005643937456306369
fatal,-0.011530854093133494
charakterschwach,0.0
unbestimmtheit,-0.001445086705202312
hart,0.03717581461967365
erhöhung,-0.008670520231213872
geschicklichkeit,-0.010115606936416185
exotisch,-0.002890173410404624
senken,0.12998959878595667
helligkeit,-0.0014152471567173085
erlösen,0.047436356505874126
stilllegung,0.0
revolte,0.0
verwundung,-0.005780346820809248
ärgerlich,-0.027396968301873922
verschwinden,-0.0463578699677733
verbesserung,0.0
unselig,0.006108581854144287
verdienst,-0.002651457022524596
harmonisierung,0.0
kompatibilität,0.0
achtlos,0.0061981004995992975
stoßen,-0.10353470765768066
abgestanden,0.0
rosten,0.011888928674953536
heiligtum,0.01495813937626818
streik,0.0
tod,0.3796315242041366
breitgefächert,0.0
katastrophe,-0.008670520231213872
verdorbenheit,0.0
verspätet,-0.004335260115606936
hübsch,-0.09628369737582484
realistisch,0.0
unvernünftig,-0.00864068068272887
hammer,0.05622623493102802
betrug,-0.0012063703173222848
missmutig,-0.008670520231213872
inbrünstig,0.007493989462376592
zulegen,-0.0072254335260115606
erlösung,0.0177886336897028
hinausgehend,0.0
befangen,-0.034144969052125426
nennenswert,0.0
solidarität,0.0
würdigen,-0.00999624874247617
beschweren,0.007523829010861596
warmherzig,0.0
zusammenrechen,0.0
schlüssig,-0.011560693641618497
existenzbedrohend,0.0
passend,-0.010115606936416185
nachteilig,-0.001445086705202312
kompetenz,0.0
unmoral,0.0
panne,0.047125172643101954
befremdlich,-0.001445086705202312
fähigkeit,-0.010026088290961174
elegant,-0.017311200913942743
verachten,-0.009608334612171122
angreifer,-0.004335260115606936
beträchtlich,-0.008670520231213872
heiß,0.2385330877964772
vereinfachung,0.0
doof,0.0
ehrenwert,-0.0028603338619196204
korrektheit,0.0
original,-0.008670520231213872
bedenken,-0.027797670810101115
messbar,0.0
absurdität,0.0
lohnen,0.005140927924702034
untragbar,0.0
oberflächlich,-0.017341040462427744
gedeihen,0.004842532439851995
sklave,0.025342302249049396
unsterblich,0.041417293297184854
rückständigkeit,0.0
zerschunden,0.0014749262536873156
diskret,-0.004335260115606936
witzig,-0.01150101454464849
anpassungsfähigkeit,0.0
friedvoll,0.0029796920558596346
spannend,-0.004305420567121933
intellekt,0.0
nötigung,0.0
furchtbar,-0.027678312616161098
entmutigen,-0.002890173410404624
traumatisieren,0.0
helfen,-0.09814227496717651
gelassenheit,-0.008670520231213872
turbulenz,0.0
naivität,-0.004335260115606936
klar,0.1814670827152284
aufmerksam,-0.1299981243712381
überfüllung,0.0
begriffsstutzig,0.0
vermindern,-0.002890173410404624
übereinkunft,0.0
unterlassen,-0.01728136136545774
vertrauensvoll,0.0
zersetzend,0.0
abweichung,0.0
bewährt,-0.004215901921666923
beifallsruf,0.0
phantasie,-0.015448360529950383
ehrfürchtig,0.0015047658021723192
aufsteigen,-0.018577250328235033
schwach,0.0603995089262878
absperrung,0.0
knappheit,0.0
profit,-0.0014152471567173085
verletzt,-0.001325728511262298
unpopulär,0.0
zaudern,0.012038126417378553
modernität,0.0
planmäßig,-0.001445086705202312
übertreiben,-0.01150101454464849
groll,0.09484287346326326
deinstalliert,0.0
willensstark,0.0
heimzahlen,0.0014749262536873156
lebhaft,-0.11705202312138728
ungeschickt,-0.01872644807066005
anerkennenswert,0.0
geschäftig,0.010682558357631253
kahl,0.04631950483400686
ausweiten,0.0
vergrößern,-0.011560693641618497
dumm,-0.04351458727641652
bösewicht,2.9839548485003546e-05
schwund,0.0164629051784405
funktionieren,-0.002890173410404624
abschwächen,-0.001445086705202312
bankrott,0.0
prestige,0.0
beförderung,-0.001445086705202312
schuftig,0.0
annähern,-0.001445086705202312
fesch,-0.0014152471567173085
unpassend,-0.001445086705202312
lückenhaft,-0.001445086705202312
ersparnis,-0.004335260115606936
krass,0.0
gewalttätiger,0.0
unmoralisch,0.0
mürrisch,-0.012856582604395792
abschwächung,0.0
respektvoll,-0.002890173410404624
sprengstoff,0.0
beschränkt,-0.005601309529899227
geduld,-0.044631438948283794
gelassen,-0.04154943986904701
ungleichheit,0.0
genesen,0.02392705509233209
beachtenswert,0.0
unterstützung,-0.004335260115606936
unachtsam,0.0
zufließen,-0.001445086705202312
unzurechnungsfähig,-0.001445086705202312
umstritten,0.0
verschmutzung,0.0
ungültig,0.0
vergrößerung,-0.004335260115606936
böse,-0.0620747864340887
unbewiesen,0.0
kriechen,-0.0003111838627721797
schwer,0.2832583081828568
unredlich,-0.001445086705202312
entsetzlich,-0.04886439204051358
schimmelig,0.0
überschreiten,-0.002651457022524596
unrühmlich,0.0
aggressor,0.0
belastung,0.0
schwächen,-0.002890173410404624
tiefgreifend,0.0
zögern,-0.019276348321312253
ungeduld,-0.050279639197230885
bevormundung,-0.001445086705202312
einkauf,-0.02023121387283237
sicher,-0.22256892935700034
zweitklassig,0.0
fleißig,-0.024148720309649256
lebensgefahr,-0.002890173410404624
dezimieren,0.0
unwirtlich,0.00445461830954695
bonität,0.0
kränken,-0.00370862959742186
überflüssig,-0.028871894555561238
anpassungsfähig,0.0
solid,-0.004275581018636929
verräter,-0.0012660494142922914
missglück,-0.001445086705202312
ablenkung,-0.001445086705202312
beispielhaft,0.0
systematisch,0.0
aktuell,0.0
wüste,0.04393660374784729
annullierung,0.0
miesepetrig,0.0
geglückt,0.0
modernisierung,0.0
stilsicher,0.0
erschlagen,0.017447610278445616
robustheit,0.0
desolat,0.0
abwertung,0.0
blind,0.09393489863079099
triumphal,0.0
fesselnd,5.967909697000709e-05
wiederkehren,0.010682558357631253
banalität,0.0
unbefugt,0.0
defizitär,0.0
gehörig,-0.03465224137637049
trugschluss,0.0
unterentwickelt,0.0
anfälligkeit,0.0
stornieren,0.0
glaubwürdig,0.0
ernüchterung,-0.001445086705202312
hinfällig,-0.008670520231213872
bestätigung,-0.008670520231213872
beruhigung,-0.010055927839446178
terrorismus,0.0
diktator,0.0
räuber,-0.03706498201101505
motiviert,0.0
disziplinlos,0.0
scheußlichkeit,0.0
abwerten,0.0
nervosität,-0.002890173410404624
unfähigkeit,0.0014749262536873156
krank,0.013325489794874412
missverständnis,-0.004305420567121933
klassisch,-0.001445086705202312
abrupt,0.0
gestank,0.0014749262536873156
unvereinbarkeit,0.0
erschütternd,0.0015942844476273298
geschätzt,-0.005780346820809248
ratlosigkeit,-0.0072254335260115606
superlativ,0.0
beleidigung,-0.01300578034682081
erstklassig,0.0
propaganda,0.0
beisteuerung,0.0
perfektionist,0.0
verletzen,-0.03588845124217777
pompös,0.0
pünktlich,-0.005750507272324245
unbequem,-0.02014169522737736
nähren,0.028680068886729075
diffamierung,0.0
freiwillig,-0.04187767490238205
gewichtig,-0.004275581018636929
stillstehen,-0.004305420567121933
magie,0.0029796920558596346
faschist,0.0
strafverfahren,0.0
läppisch,-0.002890173410404624
würdig,-0.15956911691987655
zurückbleiben,-0.023061708186266988
füllen,0.025512813954678
vermitteln,0.0014749262536873156
mühsam,-0.01686360768666769
vollständigkeit,0.0
schnäppchen,0.0
problematisch,0.0014749262536873156
talent,-0.010055927839446178
vorsorglich,0.0
unwahrheit,-0.008670520231213872
beruhigend,-0.011560693641618497
rivale,0.0
selbstständig,0.0
grausam,-0.00913090183641107
störung,-0.0010870121233822715
bedrohung,0.0
trauern,0.08758760038876669
undiszipliniert,0.0
verehren,-0.008342285197878836
reizend,0.008031101335106657
erleiden,-0.014122632018688082
sinnlosigkeit,2.9839548485003546e-05
konfrontation,0.0
beeindrucken,0.0
krankheit,-0.04588469998465394
flexibilität,0.0
kollaps,0.0
scheiße,0.0
konjunkturaufschwung,0.0
raffiniert,0.0
genesung,-0.001325728511262298
glanzlosigkeit,0.0
unerbittlich,-0.01719184272000273
glück,0.275691851245588
unwürdig,-0.010085767387931181
rückhaltlos,-0.008670520231213872
hunger,0.03800705918461303
erfüllen,-0.026305693385850926
unbezahlbar,-0.001445086705202312
ende,0.007830750080993099
feindlich,-0.013943594727778064
beilegung,0.0
unzuverlässigkeit,0.0
meisterschaft,5.967909697000709e-05
hochwertig,0.0
beschwerlichkeit,0.0
unverantwortliche,-0.001445086705202312
praktisch,-0.014421027503538117
professionell,0.0
kontroverse,0.0
depressiv,0.0
zulässig,-0.001445086705202312
erschüttern,-0.00521339539959418
bedrohlich,-0.001445086705202312
durcheinander,-0.0271880914624789
androhen,0.0
bedeutung,-0.02595188159667161
anstrengung,-0.05635838150289017
unschön,-0.0013854076082323048
aufblühen,0.005959384111719269
schmutzig,-0.002532098828584583
versklaven,0.0
abwärtstrend,0.0
minderwertig,0.0
stilllegen,0.0
versagen,0.0008653469060651009
züchtigen,-0.002830494313434617
betrunken,-0.00713591488055655
tradition,0.0
schlachtfeld,-0.0012660494142922914
verwendbarkeit,0.0
wissen,-0.12428598223268028
empathisch,0.0
erkennbar,-0.010055927839446178
unbedeutend,-0.01878612716763006
gewinn,0.0016582263372380557
unpersönlich,0.0
bedeutend,-0.05777362865960748
heraufsetzen,0.0
schuldig,-0.13391563080805496
frohlocken,0.016403226081470493
heirat,-0.11259740481184033
fertigkeit,-0.012975940798335805
kreativ,0.0
ungerecht,-0.021586781932579673
inkonsequent,0.0
mißachten,0.0
verbieten,-0.04759834262622129
profitabel,0.0
faszinieren,0.0
vertrauenswürdigkeit,0.0
applaus,0.0058997050147492625
unmut,-0.006986717138131534
golden,0.16580558255324226
überhöhung,0.0
sinnvoll,0.0014749262536873156
unübersichtlich,0.0
destruktiv,0.0
progression,0.0
vulgär,0.0
ausgleich,-0.010085767387931181
annehmbar,0.0
schnelligkeit,-0.02023121387283237
tadellos,-0.010085767387931181
rehabilitation,0.0
sorgen,0.041630432929220584
umgänglich,-0.002890173410404624
bedrängen,0.013363854928640851
schadensbild,0.0
tragödie,2.9839548485003546e-05
liberalismus,-0.001445086705202312
tödlich,-0.008372124746363837
famos,-0.004305420567121933
aufgeregt,-0.02730744965641891
drängelnd,0.0
genervt,0.0
gekränkt,-0.004245741470151925
kampf,0.16442017494500993
aufgeben,-0.0476580217231913
begünstigen,-0.011560693641618497
sehenswert,0.0
rebellisch,-0.001445086705202312
zerstreuen,-0.005392432690504205
reparieren,-0.001445086705202312
ununterbrochen,-0.02023121387283237
genial,-0.008670520231213872
fiasko,0.0
epidemie,0.0
standhaftigkeit,0.0
überschreitung,0.0
deformation,0.0
untauglich,0.0
verderblich,0.0044844578580319535
angreifen,-0.028871894555561238
schocken,0.0
siegeszug,0.0
fehltritt,-0.001445086705202312
beknackt,0.0
beeinträchtigung,-0.002890173410404624
verzerrung,0.0
ausgleichszahlung,0.0
angemessen,-0.005780346820809248
mögen,-0.04820792197384349
steigerung,-0.004335260115606936
konjunkturrückgang,0.0
sanft,0.26619008644943476
korrekt,2.9839548485003546e-05
wundersam,0.06661039780380924
förderung,-0.001445086705202312
achtlosigkeit,-0.001445086705202312
subvention,0.0
wachstum,0.0014749262536873156
feuern,0.0061981004995992975
unvermeidlich,-0.004305420567121933
verführerisch,-0.0028006547649496137
verheißungsvoll,-0.001445086705202312
pest,0.0016539635445973373
beschissen,0.0
dominieren,0.0
eigenkapital,0.0
streit,0.07492710624584378
lohn,0.07975258751513292
schick,-0.00024297918052074152
euphorisch,0.0
offensichtlich,0.0
kacken,0.0
höhnisch,0.001833000835507359
gastfreundlichkeit,0.0
erschlossen,-0.0011168516718672722
trotzen,0.03124200726379866
fehlanzeige,0.0
überwältigt,0.0029498525073746312
unsicherheit,-0.004335260115606936
gebrechlich,2.9839548485003546e-05
befreien,0.008359336368441696
gefesselt,-0.010055927839446178
fortschreiten,5.967909697000709e-05
beifall,-0.002532098828584583
stoß,-0.09399884052040172
flüchtling,0.00014919774242501752
leer,0.1837434139853701
verachtung,-0.010026088290961174
hoffnungslos,0.00047743277576005674
zerschmettern,-0.0011466912203522764
beheizbar,0.0
leistung,-0.015895953757225433
bedrückung,0.0014749262536873156
weitgehend,0.0
zugänglich,-0.002830494313434617
benefiz,0.0
vertraut,0.005528842055007074
unklar,-0.005750507272324245
recht,-0.29159633058809487
insturz,0.0
mies,0.0
unermeßlich,0.0014749262536873156
abschuß,0.0
apathisch,2.9839548485003546e-05
diszipliniert,0.0
abfallen,-0.005750507272324245
kränkeln,-0.005780346820809248
spezialität,0.0
empathie,0.0
genau,-0.13801217453578188
verleumdung,-0.0028006547649496137
ausrottung,0.0
bahnbrechend,0.0
niedergeschlagen,-0.0072254335260115606
symbiose,0.0
verdammt,-0.008312445649393832
aufwerten,0.0
gemütlich,-0.023031868637781984
flair,0.0
verwelken,0.016343546984500485
enttäuschen,-0.0072254335260115606
stagnation,0.0
glasklar,0.0
festlich,0.013632410865005884
bedauern,-0.03450304363394547
geldgeber,0.0
skrupellos,-0.002890173410404624
fürchten,-0.1347639265435572
gering,-0.08598905314849864
bestürzung,-0.01300578034682081
mut,0.14126894811328794
aufstand,-0.001445086705202312
uneinig,-0.002890173410404624
konsens,0.0
grausamkeit,-0.014421027503538117
kontrovers,0.0
zuversichtlich,-0.01300578034682081
legitimität,0.0
enträtseln,2.9839548485003546e-05
überdurchschnittlich,0.0
glamour,0.0
unvollständigkeit,0.0
bewirken,-0.010085767387931181
verabscheuungswürdig,0.0
weiträumig,0.0
gegner,-0.011351816802223472
grau,0.338376217027299
mittellosigkeit,0.0
enthaupten,0.0
abweisung,-0.001445086705202312
schlimmer,-0.007195593977526556
schmuggeln,0.0
stinken,-0.0028006547649496137
hoch,0.2468796357869968
perfekt,-0.001445086705202312
verfallen,-0.010963902671918428
mindern,-0.0013555680597473014
sorgfältigkeit,0.0
abmachung,0.0
vertrauen,-0.006492233191808611
atemberaubend,0.0
absurd,-0.001445086705202312
begrenzung,0.0
freundlich,-0.07354596143025219
imposant,2.9839548485003546e-05
zwiespältig,0.0
vielzahl,-0.001445086705202312
abschaffung,0.0
verdecken,0.0031587293467696554
beschwichtigen,-0.011471174996163486
fehlkonstruktion,0.0
unberechtigt,-0.004335260115606936
rein,0.26390522959401164
feindselig,-0.01872644807066005
unparteilichkeit,-0.001445086705202312
stabilisieren,0.0
egoist,-0.004335260115606936
ausdauer,-0.012975940798335805
unverantwortlich,-0.002890173410404624
verhandeln,-0.008610841134243865
niederträchtig,-0.004305420567121933
ehrlichkeit,-0.00864068068272887
freuen,-0.01700854263645199
abstoßen,-0.01300578034682081
dreist,0.0076133476563166064
primitiv,-0.001445086705202312
hinreichend,-0.008670520231213872
humor,-0.0041860623731819185
klettern,-0.019813460194042322
heikel,-0.002890173410404624
dankbarkeit,-0.024476955342984295
rat,-0.3300680341705458
vagheit,0.0
unverwundbarkeit,0.0
manipulation,-0.001445086705202312
unsportlich,0.0
hauptsächlich,-0.015895953757225433
unbestritten,-0.0014152471567173085
hektisch,0.0
steigern,-0.010026088290961174
ermahnung,-0.004335260115606936
drängen,0.11236721400924174
rammen,-0.002890173410404624
größtmöglich,0.0
erliegen,0.006556175081419341
koordinieren,0.0
hell,0.41419424693505213
lächeln,0.2437422204034307
beachtlich,0.0
beliebt,-0.011560693641618497
erfahrung,-0.044738008764301666
gönnerschaft,0.0
wettbewerbswidrig,0.0
genie,0.02451105768411002
ausgestorben,0.0
anstößig,0.0
kapitalverbrechen,0.0
schuldnerin,-0.001445086705202312
schlicht,0.04767507289375415
partnerschaft,0.0
bestens,-0.004335260115606936
integrieren,0.0
aufbessern,0.0
aufruhr,0.004514297406516958
lästig,-0.017251521816972735
funktionsfähig,0.0
wirksamkeit,0.0
bedürftig,-0.0028006547649496137
kentern,0.0029498525073746312
chic,-0.03830545466946306
gemeinsam,-0.009966409193991166
unhöflich,-0.01878612716763006
ausführlich,-0.01878612716763006
überrunden,0.0
narr,0.03520640441966341
verzweiflung,0.006824731017784372
fruchtbarkeit,0.008849557522123894
bündnis,-0.0014152471567173085
kapitulation,0.0
markant,-0.001445086705202312
rücksichtsvoll,-0.002890173410404624
belohnen,-0.005571469981414223
ablaufen,-0.014421027503538117
frustration,0.0
angestrengt,-0.011560693641618497
gleichstellen,0.0
jammer,0.08128719286579023
harmonie,0.029707401913141335
kostenlos,-0.001445086705202312
zerfressen,0.0029796920558596346
menschenwürdig,0.0
korrektur,0.0014749262536873156
toleranz,0.0
unzumutbarkeit,0.0
kompliziert,-0.001445086705202312
maximum,0.0
schädigung,-0.011530854093133494
prunkvoll,0.0
brillant,0.0015047658021723192
vertrauenswürdig,0.0
maximal,0.0
wirr,0.1469597762886422
handicap,0.0
leere,0.03463945299844835
genügend,-0.020201374324347366
untröstlich,-0.001445086705202312
handgemenge,0.0014749262536873156
unheilbar,-0.010085767387931181
konstanz,0.0014749262536873156
weich,0.22698091974014017
erbrechen,-0.06736491210121573
zoll,0.0033377666376796754
kläger,-0.0013555680597473014
human,-0.002890173410404624
kompatibel,0.0
kriminell,0.0
hinterlassen,-0.020111855678892357
strenge,-0.028722696813136224
wahnsinnig,-0.012826743055910788
kunstreich,-0.0013555680597473014
gefestigt,0.0014749262536873156
schlau,-0.00358927140348185
arbeitslosigkeit,-0.001445086705202312
abriss,0.0014749262536873156
freudlos,0.004514297406516958
meiden,-0.0030819990792367857
planlos,5.967909697000709e-05
blüte,0.23302555970467373
legalität,0.0
sündenbock,0.0
dynamisch,0.0
heimsuchen,2.9839548485003546e-05
wertvoll,-0.004305420567121933
kompliment,-0.010055927839446178
liebenswürdig,-0.053438368544000546
wiedergewinnen,-0.002890173410404624
üppig,0.047525875151329146
hurrageschrei,-0.001445086705202312
diskreditieren,0.0
weisheit,0.020188585946425225
heuchlerisch,0.00011935819394001419
revanchieren,-0.001445086705202312
wiedergutmachen,-0.001445086705202312
kündigen,-0.014241990212628099
treffend,-0.02745664739884393
verstehen,-0.19809197401401607
ultimativ,0.0
künstlerisch,-0.004335260115606936
zuversicht,-0.024297918052074277
herausgehoben,0.0
ausgleichen,-0.007195593977526556
unfreundlichkeit,-0.001445086705202312
aufrichtigkeit,-0.005780346820809248
erleichterung,-0.011560693641618497
schmeichelnd,0.02386737599536208
ausgeflippt,0.0
zweifellos,-0.014450867052023121
luxus,-0.005750507272324245
engstirnig,0.0
amateur,0.0
begeistern,0.009058434361518918
dieb,-0.04579518133919893
unberührt,0.008968915716063907
abschreibung,0.0
degradieren,0.0
gehaltszulage,0.0
fertig,-0.1497519054683104
katastrophal,0.0
verwickeln,-0.010115606936416185
ungehorsam,-0.010115606936416185
hungern,0.0151073371186932
herabsetzen,0.0
anbieten,-0.01872644807066005
menschlichkeit,0.007434310365406585
rückzug,-0.008610841134243865
verstoß,0.017997510529097822
anreicherung,0.0
spitze,-0.011215407437720606
vorwärts,-0.015908742135147577
großspurig,0.0
hinterlist,-0.004305420567121933
zwietracht,0.0030095316043446383
plausibilität,0.0
umfangreich,-0.004335260115606936
schlag,0.17755810186369292
weitläufig,-0.0072254335260115606
zurückgewinnen,-0.0014152471567173085
rache,0.00508551162037274
sintflut,0.007374631268436578
vertrag,-0.036037648984602794
enttäuschung,-0.011441335447678481
legendär,0.0
schrecklich,-0.05148600951455318
ruhig,-0.18684246423516976
begnadigung,0.0
edel,0.14024161508687574
nutzbringend,-0.001445086705202312
einsamkeit,0.12629375756645694
beschwerlich,-0.010115606936416185
entschlüsselung,0.0
behämmert,0.0
inkonsistenz,0.0
belästigung,-0.001445086705202312
unverwundbar,0.0029498525073746312
beschneiden,-0.0013854076082323048
provisorisch,-0.001445086705202312
schlechtigkeit,-0.0072254335260115606
vertreibung,0.0
sorglos,-0.011202619059798455
gammler,0.0
blockieren,0.0
umgetauscht,0.0
verlöbnis,0.0
versklavt,0.0
unübertrefflich,-0.001445086705202312
fairness,0.0
reinfall,0.0
radikal,-0.002890173410404624
heruntermachen,0.0
inkonsequenz,0.0
souverän,-0.0028603338619196204
abhängig,-0.01728136136545774
abschuss,0.0
unzuverlässig,0.0
unhöflichkeit,-0.008670520231213872
finanzierung,0.0
erholsam,0.0
bedrückt,0.0015942844476273298
konzertiert,0.0
einweihung,0.0
befördern,-0.01586611420874043
schaffen,0.08987245724418982
inspiration,-0.001445086705202312
konstruktiv,0.0
engagement,-0.001445086705202312
festakt,0.0
unterwürfig,0.0
präzise,0.0
umsorgen,0.0
niederschlagen,-0.002711136119494603
bedeppert,0.0
makelhaft,0.0
humanität,0.0
ausgewählt,0.0
verwirklichung,-0.002890173410404624
freispruch,0.0
misstrauisch,-0.011530854093133494
übertreibung,-0.001445086705202312
legitim,-0.0028603338619196204
verbannen,0.0178184732381878
ungemütlich,-0.002890173410404624
unrentabel,0.0
gabe,-0.04580796971712106
steigen,0.15140586901290776
fair,2.9839548485003546e-05
kurz,-0.13800791174314117
koordiniert,0.0
übermenschlich,-0.002890173410404624
entlohnung,0.0
ernsthaftigkeit,0.0
erarbeiten,-0.004335260115606936
liebling,0.004053915801319759
turbulent,0.0
vermittlung,0.0
übertreffen,-0.0014152471567173085
heftig,-0.1384000886660869
unaufrichtig,0.0
erreichen,-0.08927992906713045
disziplin,-0.001445086705202312
abstrich,0.0
frustrieren,0.0
ergiebigkeit,0.0
abstumpfen,0.0
erfreulich,-0.015836274660255428
zusammenhalt,-0.011471174996163486
vergeblich,-0.03727385885041008
untreu,-0.004275581018636929
feier,0.06872900574624448
wertlos,-0.0028603338619196204
wärme,0.10750763039882688
geisteskrankheit,0.0
kostspieligkeit,0.0
tristesse,0.0
ernüchternd,0.0
nerven,-0.022882670895356963
löschen,0.08113799512336521
augenweide,0.0029796920558596346
hungersnot,0.0029796920558596346
weltberühmt,0.0
ordnungswidrig,0.0
verächtlich,-0.023061708186266988
abgesichert,0.0
schmerz,0.35586645523215166
hochgradig,-0.002890173410404624
charme,0.0
schade,-0.09628369737582484
beschäftigungslose,0.0
knapp,0.012038126417378553
labil,0.0
jubiläum,-0.001445086705202312
ungezwungen,-0.0028603338619196204
unerquicklich,-0.0028603338619196204
exponiert,0.0
widersprüchlich,0.0
strahlen,0.2529157501662489
unerwartet,-0.051993281838798235
kur,-0.21294354357426637
fuchsteufelswild,0.0
kürzen,0.0016539635445973373
distanziert,0.0
verständnis,-0.025892202499701603
führen,-0.07340528927310858
kompromiss,0.0
zulage,0.0
erwürgen,0.0015942844476273298
dürre,0.004424778761061947
liebenswert,0.0014749262536873156
überlasten,0.0
fröhlich,0.10196599996589766
opposition,-0.002890173410404624
massaker,0.0
vererbung,0.0
überzeugt,-0.04335260115606936
hilflosigkeit,-0.002890173410404624
fabelhaft,-0.007195593977526556
prima,2.9839548485003546e-05
optimist,0.0
ziellos,0.0089092366190939
aufwärts,0.036084539703650664
voranbringen,0.0
bestechen,-0.007195593977526556
weitsichtig,0.0
nutzlosigkeit,0.0
verheerend,0.0029796920558596346
anstieg,-0.008670520231213872
missachten,5.967909697000709e-05
kooperativ,0.0
wahrheit,0.025568230259007285
zusammenhalten,-0.011471174996163486
umwerfend,0.0
stütze,-0.05115777448121813
namhaft,-0.001445086705202312
koordinierung,0.0
vertraulich,-0.01713216362303272
geeignet,-0.008670520231213872
gelähmt,0.0014749262536873156
merkwürdig,-0.06502890173410404
defekt,2.9839548485003546e-05
abzocke,0.0
redundanz,0.0
freikommen,0.0
abschrecken,-0.0072254335260115606
melancholisch,-0.005660988626869234
gesteigert,-0.004335260115606936
paradiesisch,0.0015047658021723192
repetiv,0.0
hingabe,-0.004335260115606936
idiot,-0.001445086705202312
vertrauenerweckend,-0.001445086705202312
erweitern,-0.008521322488788854
brechen,0.17472334475761764
entschluß,-0.001445086705202312
entgleiten,0.013334015380155847
trügerisch,0.00011935819394001419
ungeordnet,0.0
zorn,0.0028645966545603474
phantastisch,0.0046038160519719686
bevorzugt,-0.002890173410404624
tatenlos,0.0
mühelos,-0.004335260115606936
spende,0.07103517656487118
absolut,-0.012975940798335805
beleben,0.012455880096168603
traditionsreich,0.0
beseitigung,-0.002890173410404624
herzig,-0.012229952086210721
beunruhigung,-0.001445086705202312
stärken,-0.0067181612017665
versäumnis,-0.0072254335260115606
abschreckend,-0.002890173410404624
unbequemlichkeit,-0.005780346820809248
einfallsreichtum,0.0
unmenschlich,-0.004335260115606936
überlegenheit,-0.014450867052023121
unehrlich,-0.005780346820809248
ausbeuter,0.0
idiotisch,0.0
verderben,0.019041894726072955
unverzichtbar,0.0
riskant,0.0
schwächung,0.0
widerspruch,-0.008431803843333845
gigantisch,-0.0014152471567173085
bekannt,-0.08895169403379542
habgier,0.0014749262536873156
boom,0.0
unfall,-0.004305420567121933
hoffnungsvoll,0.0015942844476273298
stolz,0.28487390659368766
ansteigen,-0.005750507272324245
unbestreitbar,0.0014749262536873156
verwüsten,0.0015644448991423265
überschaubar,0.0
unantastbar,-0.004305420567121933
verdunkeln,0.012038126417378553
geschäftsauflösung,0.0
unglücklich,-0.08806077037188603
verrucht,0.007493989462376592
billig,-0.02294234999232697
verschmutzen,0.0
gründlichkeit,-0.005780346820809248
hochklassig,0.0
originalität,0.0
täuschen,-0.029750029839548484
närrisch,0.0032780875407096705
akzeptanz,0.0
verstrickung,2.9839548485003546e-05
verantwortung,-0.010115606936416185
geräumig,-0.0072254335260115606
schmuck,0.08959963851518406
freund,-0.1473732671747916
denkfehler,0.0
illoyal,0.0
zahlungsunfähigkeit,0.0
kompensation,0.0
allgemeingültig,0.0
versiert,-0.001445086705202312
missfallen,-0.0013555680597473014
mittelmäßigkeit,0.0
profitieren,2.9839548485003546e-05
fesseln,0.011607584360666362
sprengen,0.0288591061776391
besitz,-0.15602247344280185
entführen,0.010503521066721231
grob,-0.025713165208791584
überrascht,-0.03320715467116817
hindernis,-0.012946101249850801
affäre,0.0
traurig,0.06516957389124764
fad,0.17486401691476117
auseinandersetzen,-0.0072254335260115606
feiern,0.011249509778846319
flüssig,-0.0271880914624789
gnädig,-0.02797670810101114
blöd,0.019502276331270142
altmodisch,-0.008670520231213872
pikiert,2.9839548485003546e-05
upgraden,0.0
wünschenswert,-0.0028603338619196204
harmonisch,0.011888928674953536
kraftlos,0.00020887683939502417
anspannung,-0.002890173410404624
verkleinern,-0.004335260115606936
hohn,0.06091956962845499
überlegen,-0.11121199720360803
ertragreich,0.0
gezielt,-0.001445086705202312
schirmherrschaft,0.0
ausrotten,-0.004305420567121933
erschlaffen,0.019174041297935103
verlust,-0.012707384861970775
kälte,0.00210155677187239
göttlich,0.06115828601633502
verblüffend,-0.004335260115606936
brand,0.15190461575187136
wirkungsvoll,0.0
aufregung,-0.07225433526011561
erschreckend,8.951864545501086e-05
höchstmöglich,0.0
prachtvoll,-0.011441335447678481
anreichern,0.0
hingeben,-0.009608334612171122
abneigung,-0.005780346820809248
finanzkrise,0.0
expertise,0.0
süchtig,-0.013645199242928029
klasse,-0.043292922059099355
pflegen,-0.04752161235868842
attackieren,0.0
anklage,-0.01577659556328542
aussetzung,-0.008670520231213872
nachhaltigkeit,0.0
tadelnswert,-0.001445086705202312
rechthaberisch,0.0
offensive,0.0
ausschalten,-0.001445086705202312
schlotterig,0.0
modern,0.028262315207939023
einschlag,-0.018756287619145055
tadelsfrei,0.0
abschließen,-0.024536634439954304
prekär,0.0
ruinös,0.0
konsistent,0.0
sorgfältig,-0.04326308251061435
pflege,-0.06898903609732808
rüde,0.025252783603594387
entschädigung,-0.007195593977526556
unerlaubt,-0.001445086705202312
unfreiwillig,-0.004335260115606936
kalt,0.21561205176735385
sympathie,-0.005720667723839241
rätselraten,0.0
verfeinern,0.0
krieg,-0.08311166811601617
furchtlosigkeit,0.0
nervig,0.0015047658021723192
morden,-0.008163247906968811
beschwichtigung,-0.001445086705202312
ästhetisch,0.0015047658021723192
authentizität,0.0
stiftung,-0.008670520231213872
beschäftigungsloser,0.0
bereit,-0.22513086773406993
wichtigtun,0.0
unzufriedenheit,-0.002890173410404624
glückseligkeit,-0.007165754429041554
entziehung,0.0
heimtückisch,-0.010085767387931181
nachahmenswert,0.0
aktualität,0.0
anziehung,-0.002890173410404624
beschuldigung,-0.002890173410404624
anmaßen,-0.001445086705202312
betrügen,0.003934557607379749
wichtigtuer,-0.001445086705202312
autonomie,0.0
wiederherstellung,-0.002890173410404624
reichlich,-0.02405920166419425
langlebigkeit,0.0
unten,-0.00966375091650043
belehrbar,0.0
weitsichtigkeit,0.0
einfach,-0.09929322898016948
comeback,0.0
kostbarkeit,-0.005780346820809248
bildung,-0.03456272273091548
abnutzen,-0.002890173410404624
bestürzt,-0.010026088290961174
einhalten,-0.004335260115606936
erstaunen,-0.10802342830835338
vereinbarung,0.0
ungeahnt,8.951864545501086e-05
unterwerfung,0.0
rechtsgültigkeit,-0.001445086705202312
trauma,0.0015047658021723192
volltrunken,0.0
eleganz,-0.005780346820809248
wunschgemäß,0.0
leistungsstark,0.0
verbannung,0.0014749262536873156
schädigend,-0.002890173410404624
beschäftigungslos,0.0
fehlkauf,0.0
belästigen,-0.00864068068272887
zappeln,-0.005571469981414223
ausbeutung,-0.001445086705202312
erklärt,0.026727709857281703
abdämpfen,-0.001445086705202312
erfüllung,0.0049618906337920085
entspannung,0.0
planvoll,0.0
ruhmreich,0.0029498525073746312
einbrechen,-0.011321977253738468
freude,0.14714307637219293
niedlich,0.0001790372909100217
übergroß,0.00014919774242501752
neid,0.03163418418674441
rücktritt,0.0
nutzen,-0.07638071853632752
erosion,0.0
sensation,-0.001445086705202312
schmutz,0.012396200999198595
loswerden,-0.005780346820809248
behütet,0.0014749262536873156
freiheit,0.045799444131839645
verrat,-0.025964669974593763
zerrissen,-0.003977185533786894
hoffnung,0.037354851910583686
bestehen,-0.07722901427182977
anstand,-0.01728136136545774
glückwunsch,-0.007195593977526556
wiederbeleben,0.0
glorreich,0.005929544563234266
leichtigkeit,-0.0072254335260115606
ungenau,0.0015047658021723192
riesig,0.00640697733899432
vergewaltigen,0.0
qualifiziert,0.0
umjubelt,-0.001445086705202312
heuchler,-0.0012362098658072872
stifter,0.0014749262536873156
glänzend,0.004591027674049827
hass,0.07739952597745835
fest,0.011202619059798413
bedauerlich,-0.001445086705202312
kritisch,-0.001445086705202312
einschüchternd,-0.001445086705202312
lebensgefährlich,-0.002890173410404624
zufügen,-0.02745664739884393
versöhnung,0.00011935819394001419
eklatant,-0.001445086705202312
inflation,0.0
horror,0.0
zulässigkeit,0.0
geizhals,-0.0028603338619196204
angst,-0.044345831841355904
angesehen,-0.010115606936416185
besonnen,-0.011560693641618497
fehlerfrei,0.0
vergolden,0.006019063208689277
sauber,-0.05187392364485822
hässlich,-0.015388681432980375
finte,2.9839548485003546e-05
unwahr,-0.01878612716763006
aktivität,0.0
dankbar,-0.03842055007076235
erdrückend,-0.0028603338619196204
ungebührlich,-0.0028603338619196204
rückversichern,0.0
ermüdung,-0.005780346820809248
unkorrekt,-0.001445086705202312
angespannt,-0.001445086705202312
totschlag,-0.004335260115606936
übertrieben,-0.014450867052023121
monotonie,0.0
einzigartig,0.0
anlocken,0.0015047658021723192
vorwand,-0.01586611420874043
wohlgeordnet,-0.001445086705202312
wagen,-0.03969512507033607
herzlich,-0.041280883932681985
hektik,0.0
bußgeld,0.0
erfahren,-0.16572032670042797
wundervoll,0.005051409279247021
autonom,0.0
effektvoll,0.0
vergöttert,-0.001445086705202312
arroganz,0.0
besondere,-0.03468208092485549
agitation,0.0
empörung,-0.0027708152164646095
verzeihen,-0.06434259211894897
qualitätsvoll,0.0
verärgern,0.0
wegfallen,0.0
suboptimal,0.0
top,-0.05552287414531007
zugabe,-0.001445086705202312
dunkelheit,-0.003738469145906864
dekadent,0.0
verantwortlich,-0.005780346820809248
enttäuschend,-0.001445086705202312
machtlos,0.0030692107013146454
bedauernswert,-0.0072254335260115606
unbefriedigt,-0.004275581018636929
hassen,0.05531826009855576
eifer,-0.05693812130202739
interessenvertretung,0.0
aufmunternd,0.0
bewundernswert,0.0
vorbehaltlos,0.0
vernichten,-0.009429297321261104
fantasievoll,0.0
albtraum,0.0014749262536873156
erschütterung,-0.014450867052023121
linderung,5.967909697000709e-05
unschätzbar,0.0014749262536873156
wut,0.043578529166027245
pessimismus,0.0
wohltätig,-0.0072254335260115606
rezession,0.0
hochrangig,0.0
erniedrigung,-0.001445086705202312
schamlos,0.00011935819394001419
richtig,-0.1905724077957952
detailliert,0.0
gleichwertig,0.0
anziehen,-0.05476409705526284
kriminalität,0.0
gerechtfertigt,-0.004335260115606936
gefragt,-0.007195593977526556
kündigung,-0.00864068068272887
visionär,0.0
schwerwiegend,0.0
gift,0.021902228587992567
mißbrauchen,0.0
verspielen,2.9839548485003546e-05
überfallen,-0.0271880914624789
feuer,0.13502821968728151
innovativ,0.0
absinken,0.004424778761061947
unternehmerisch,0.0
erschießen,-0.01999249748495234
beneidenswert,-0.0014152471567173085
konkret,0.0
unsozial,0.0
erleuchten,0.015256534861118214
furchtlos,-0.0027708152164646095
macht,0.22133271949119304
zweifelhaft,-0.012916261701365797
begehrt,0.009058434361518918
rächen,-0.0008184561870172372
auskommen,-0.03754241478677511
toppen,-0.0014152471567173085
haarsträubend,-0.001445086705202312
zwieträchtig,0.0
mondän,-0.001445086705202312
unwirtschaftlichkeit,0.0
dienlich,-0.002890173410404624
falsch,-0.00959128344160827
beklagenswert,-0.001445086705202312
überfluß,0.0029498525073746312
reinigung,-0.01878612716763006
unrecht,-0.057505072723242456
entwürdigend,0.0
übersichtlich,-0.001445086705202312
einhaltung,0.0
begnadet,0.0014749262536873156
wiederaufleben,0.0
faul,0.01823622691697785
begrenzt,0.004663495148941975
ankurbeln,0.0
rabiat,-0.001445086705202312
aufwertung,0.0
erwünscht,-0.01722168226848773
ausgrenzung,0.0
garstig,-0.0028603338619196204
robust,-0.0014152471567173085
erstaunlich,-0.007195593977526556
pech,-0.002651457022524596
effizienz,0.0
wegweisend,0.0
wertlosigkeit,0.0
blockade,0.0
müdigkeit,-0.001027333026412263
ambivalenz,0.0
rasend,0.005081248827732025
besteuern,0.0
wutentbrannt,2.9839548485003546e-05
maßlos,-0.004275581018636929
unverzichtbarkeit,0.0
wertschätzung,-0.002890173410404624
verstärken,-0.0028603338619196204
vorzeitig,0.0
niedergleitend,0.0
betrüger,-0.008670520231213872
ungebrochen,0.0058997050147492625
abfällig,-0.001445086705202312
anhebung,0.0
kritiker,0.0014749262536873156
problemlos,0.0
beleidigend,-0.005780346820809248
schmücken,0.14402271215918971
erleuchtung,0.0015047658021723192
komplett,0.0
simpel,-0.0028603338619196204
welken,0.08581427865022934
mutlos,-0.0072254335260115606
möglichkeit,-0.046183095469503985
unverhältnismäßigkeit,0.0
kommod,8.951864545501086e-05
empören,-0.006986717138131534
bravourös,0.0
geschick,0.029055194639111992
genehmigen,-0.002890173410404624
hilfe,-0.08478268283117636
entlastung,0.0
lügner,-0.01872644807066005
miteinander,-0.07360990331986292
wohlbehalten,-0.001445086705202312
kompetent,0.0
depression,0.0
verstoßen,0.01941275768581513
risiko,0.0
aufrichtig,-0.046242774566473986
verirren,0.010622879260661244
abfuhr,0.0
deformieren,0.0
sinken,0.37399611233311164
verschönern,-0.004335260115606936
barriere,0.0
besorgt,-0.044738008764301666
skeptisch,0.0
dynamik,0.0
engagiert,0.0
unfein,0.0
abweichen,-0.0072254335260115606
privileg,0.0
infektion,0.0
gleichstellung,0.0
mutlosigkeit,-0.001445086705202312
täuschung,-0.0008184561870172372
erben,0.21660101965999962
fulminant,0.0
unbegrenzt,0.006019063208689277
schätzen,-0.0006394188961072189
illegal,0.0
flüchtend,-0.0014152471567173085
beunruhigend,-0.005780346820809248
gewinner,0.0015047658021723192
instabilität,0.0
komfort,0.0
verstärkung,-0.001445086705202312
blendend,0.019621634525210156
kurieren,-0.011560693641618497
upgrade,0.0
romantik,0.0014749262536873156
ermüden,-0.008282606100908828
unsolidarisch,0.0
schlank,0.10163776493256262
mißlingen,0.0
behinderung,0.0
belebtheit,0.0
liebe,0.33997902706020766
unwissend,-0.005660988626869234
stress,0.0
bärenstark,0.0
entlasten,0.0029796920558596346
herausforderung,-0.001445086705202312
abfall,-0.005690828175354238
töten,-0.07304295189864785
getreu,0.022481968387129778
vorsorge,-0.001445086705202312
einbehalten,0.0
zurückgeben,-0.010055927839446178
unfehlbarkeit,0.0
undankbarkeit,-0.004335260115606936
wirksam,-0.004335260115606936
widerstandsfähigkeit,0.0
aufrühren,-0.004335260115606936
überwältigend,-0.002890173410404624
bereitstellen,-0.002890173410404624
einschränken,-0.014450867052023121
wachsamkeit,-0.0028603338619196204
zuverlässig,-0.015895953757225433
zwangsmaßnahme,0.0
investieren,0.0
erschöpfung,-0.0072254335260115606
hurra,0.01923372039490511
verhängnis,-0.011441335447678481
bewunderer,-0.005780346820809248
moralisch,-0.014421027503538117
ziel,0.15400617252374374
begrenzen,2.9839548485003546e-05
senkung,-0.0013555680597473014
kinderleicht,0.0
interessant,-0.038987501491977425
zerstören,0.0007161491636400868
wunder,0.11252493733694818
streiken,0.0
verwüstung,-0.0028603338619196204
driften,0.0
unschuld,-0.02325353385509915
mild,0.31889951745187306
makellos,8.951864545501086e-05
vorsicht,-0.10796374921138337
vereiteln,-0.004335260115606936
inspirierend,0.0
vorankommen,-0.001445086705202312
ungedeckt,-0.001445086705202312
erstrangig,0.0
vermachen,0.0015047658021723192
wirkungslos,-0.001445086705202312
unsinnig,-0.014421027503538117
hysterisch,-0.001445086705202312
unsäglich,0.003218408443739662
brillieren,-0.001445086705202312
beschämung,-0.004335260115606936
überwinden,-0.014003273824748072
zielstrebig,0.0
geärgert,-0.001445086705202312
gerecht,-0.03980595767899467
entbinden,0.004514297406516958
ausbilden,-0.008670520231213872
qualvoll,0.0031587293467696554
wahren,-0.006402714546353605
bereicherung,0.0
zerschlagen,0.020887683939502445
unzureichend,-0.001445086705202312
stützen,-0.051336811772128156
erpressung,-0.002890173410404624
vernichtend,0.0015644448991423265
ansehnlich,-0.02023121387283237
anstrengend,-0.005780346820809248
moral,-0.014361348406568112
hölle,0.0248222415468822
geduldig,-0.029839548485003496
hochdruckgebiet,0.0
umfassend,0.005929544563234266
schlauheit,-0.005750507272324245
frust,0.0
reinheit,0.0032482479922246663
brennen,0.15222006240728425
wirtschaftlich,-0.001445086705202312
krach,0.02714546353607175
schäbig,-0.005780346820809248
missverstehen,-0.004335260115606936
aggressivität,0.0
premium,0.0
integrität,0.0
schuld,-0.076777158251914
anheiterung,0.0
kraftvoll,0.005959384111719269
unverlangt,0.0
großzügig,0.0
massiv,-0.002890173410404624
nachlässig,-0.025922042048186607
verschwenden,0.014928299827783178
unvollständig,0.0
überschwänglichkeit,0.0
verschleppen,0.0014749262536873156
applaudieren,0.0014749262536873156
schmackhaft,0.0
antiquiert,0.0
flüchtigkeit,0.0
fürchterlich,-0.016893447235152695
undankbar,-0.002830494313434617
greifbar,-0.0013854076082323048
kurzsichtig,-0.0014152471567173085
bevormunden,0.0
borniert,0.0
verbeulen,0.0
subventionieren,0.0
aufregen,-0.01728136136545774
unangemessen,0.0
bereichern,-0.0028603338619196204
unwiderstehlich,-0.02014169522737736
blöde,0.004424778761061947
entschlossen,-0.046123416372533976
terrorisieren,0.0
genialität,0.0
niedergang,0.0015346053506573227
bombardierung,0.0
isolation,0.0
verlobung,-0.01878612716763006
spenden,0.04295189864784217
populär,-0.0014152471567173085
geschmacklosigkeit,0.0
gewinnbringend,0.0
unzivilisiert,0.0
flüchtig,0.04694613535219193
begeisterung,-0.014241990212628099
nützen,-0.02110934915681962
abdankung,0.0
gauner,-0.0014152471567173085
sensationell,0.0
kostspielig,-0.0072254335260115606
potent,0.0014749262536873156
minderwertigkeit,0.0
unerträglich,-0.023091547734751992
zugänglichkeit,0.0
verfall,-0.010814704929493407
neu,0.03683052841577583
launisch,-0.002890173410404624
uneinsichtig,0.0
nachhaltig,-0.002890173410404624
wohlwollen,-0.02023121387283237
ablenken,0.0015047658021723192
blühen,0.3730540351595137
zerstört,-0.0013555680597473014
undurchsichtig,0.0014749262536873156
ungeduldig,-0.036037648984602794
himmlisch,0.07765103074326052
flau,0.01805718962606783
rücksichtslos,-0.009966409193991166
vitalität,0.0
wiederkehr,0.010891435197026275
bedürftige,2.9839548485003546e-05
hochwertigkeit,0.0
absenkung,0.0
vereinen,0.07687520248265044
unverhältnismäßig,-0.0014152471567173085
sympathisch,-0.005780346820809248
annäherung,-0.008670520231213872
außergewöhnlich,-0.005780346820809248
anerkannt,-0.004335260115606936
verweigerung,-0.001445086705202312
unangenehm,-0.033236994219653176
würgen,0.0077327058502566215
überschwemmen,0.0014749262536873156
aktiv,0.0
heucheln,-0.005660988626869234
tyrannisch,-0.0014152471567173085
verkrüppeln,0.0
renovierung,0.0
flexibel,0.0
hörenswert,0.0
puppig,0.0
reif,0.009237471652428941
angriff,-0.009966409193991166
treu,0.31194690265486724
gewalt,0.046980237693317634
verzweifeln,0.001982198577932373
chaos,0.010384162872781216
absteigen,-0.021586781932579673
diffus,0.0
erschüttert,0.00011935819394001419
weichheit,2.9839548485003546e-05
einflussreich,0.0
mitmenschlich,0.0
befürchtung,-0.0072254335260115606
fehlermeldung,0.0
charakterstark,0.0
einmalig,-0.004335260115606936
schlitterbahn,0.0
dissens,0.0
schlimm,-0.059708936518491997
quicklebendig,0.0
dunkel,0.4208399406619265
matt,0.20485276314218973
pleite,0.0
irre,0.18992872610704722
abbau,-0.001445086705202312
scham,-0.024788139205756475
logisch,-0.004305420567121933
unrentabilität,0.0
vorbereitung,-0.03468208092485549
unterwerfen,-0.02595188159667161
wohltat,-0.005750507272324245
durchdacht,0.0014749262536873156
mobilisieren,-0.001445086705202312
menschenwürde,0.0029498525073746312
oberflächlichkeit,-0.002890173410404624
schulden,-0.005481951335959214
befriedigen,-0.030227462615308544
zeitverschwendung,-0.001445086705202312
enthusiastisch,-0.0014152471567173085
reich,0.1542150493631388
verschwörung,-0.001445086705202312
bestmöglich,0.0
praktikabilität,0.0
bizarr,-0.001445086705202312
melancholie,5.967909697000709e-05
überparteilichkeit,0.0
geschenk,-0.041489760772077
ausfallen,-0.008670520231213872
überfluten,-0.004335260115606936
grauenvoll,0.013304175831670845
vernünftig,-0.04615325592101898
konkurs,-0.002890173410404624
genehm,-0.12563302470714613
heilung,-0.004245741470151925
barbarisch,-0.0014152471567173085
wohlstand,-0.004305420567121933
ermorden,-0.012886422152880796
kurseinbruch,0.0
anspruchsvoll,-0.008670520231213872
schmuggel,0.0
kürzung,0.0
anschießen,0.0014749262536873156
sprung,-0.026084028168533765
ambivalent,0.0
scheiß,0.0
unzweifelhaft,-0.005780346820809248
ehebrechen,0.0
manipulieren,0.0
festigkeit,-0.005690828175354238
schmerzen,0.08307330298224973
hilfreich,-0.004305420567121933
legal,0.0014749262536873156
nutzlos,-0.002711136119494603
ertrag,-0.05669940491414736
ertrinken,0.015047658021723191
verdammen,0.006287619145054307
statisch,-0.001445086705202312
funktionsfähigkeit,0.0
beschneidung,0.0
launenhaftigkeit,-0.001445086705202312
verkleinerung,0.0
verherrlichung,0.0
hilfsbereit,0.0
vorsorgen,0.0
betäuben,0.006377137790509319
anständig,-0.036127167630057806
bedarfsgerecht,0.0
belastbar,0.0
erneuern,-0.005660988626869234
panisch,-0.008581001585758863
gruselig,-0.001445086705202312
missbrauchen,-0.0014152471567173085
unbedingt,-0.03320715467116817
agil,0.0014749262536873156
diskretion,-0.002890173410404624
besserung,-0.015895953757225433
zerstörung,0.011888928674953536
ausbeuten,-0.004335260115606936
friedlich,0.03596518150971065
kreativität,0.0
überragend,0.0
kapitulieren,0.0
dilettantisch,0.0
unwichtig,0.0
faulheit,-0.002890173410404624
erleichtern,-0.021616621481064677
richtigstellen,0.0
exzellenz,-0.001445086705202312
abstimmen,0.0
schirmherr,0.0
zusammenbrechen,0.0030692107013146454
schämen,-0.029511313451668464
abschätzig,0.0
güte,0.011637423909151373
vielfältig,-0.007165754429041554
mangeln,-0.005720667723839241
erfolg,-0.12633212270022337
lindern,0.011978447320408547
genießbar,0.0
demütigen,-0.0072254335260115606
unsinn,-0.041847835353897044
vergammelt,0.0
imponierend,-0.002890173410404624
hungrig,0.00782222449571163
gewaltfrei,0.0
entlassung,-0.0072254335260115606
wille,-0.0839301243030334
ordnungsmäßigkeit,0.0
erschaffen,0.0038748785104097405
verminderung,-0.001445086705202312
reibungslos,0.0
anteilig,0.0
bejubelt,0.0
unangefochten,2.9839548485003546e-05
vermehrt,-0.0072254335260115606
anspannen,-0.01300578034682081
negativ,0.0
fördern,-0.01999249748495234
herrlichkeit,0.0391835899534503
elend,0.04630671645608471
entlassen,-0.04606373727556397
unbrauchbar,-0.002890173410404624
auflösen,-0.011471174996163486
aufwärtstrend,0.0
fehde,0.013304175831670845
trugschluß,0.0
abschreiben,-0.01300578034682081
gratulieren,-0.011560693641618497
verlangsamung,0.0
gnadenlos,0.0014749262536873156
anerkennung,-0.005750507272324245
wankelmütig,0.0029498525073746312
rechtlich,-0.012975940798335805
widernatürlichkeit,0.0
erlaubnis,-0.024536634439954304
vollkommen,-0.0721349770661756
lieb,0.23805139222807647
knurrig,0.0
aufrecht,-0.01836837348884001
zauberhaft,0.007434310365406585
fallen,-0.009113850665848133
strafbar,-0.004335260115606936
heiterkeit,-0.002532098828584583
langweiler,0.0
genuss,0.001163742390915136
durchhalten,0.0
barmherzig,-0.00966801370914113
widersinnig,-0.001445086705202312
vielseitig,0.0
herausragen,-0.001445086705202312
überlegung,-0.028901734104046242
gangster,0.0
erweiterung,0.0
stärke,-0.0031715177246917983
genießen,0.029813971729159214
teuflisch,-0.001325728511262298
zweideutig,-0.004335260115606936
handlich,-0.0028603338619196204
nötigen,-0.024566473988439308
mutig,-0.07316231009258786
akzeptabel,0.0
bombardement,-0.001445086705202312
löblich,-0.007195593977526556
bombig,0.0
vorteilhaft,-0.014450867052023121
glatt,0.039153750404965305
unbegründet,-0.002890173410404624
herrlich,0.08298804712943544
auflösung,-0.0072254335260115606
ungeeignet,-0.001445086705202312
hochgestellt,-0.001445086705202312
missgelaunt,0.0
unaufhörlich,-0.02730744965641891
stiften,-0.004126383276211912
schal,0.2777678312616161
zahlungsunfähig,0.0
verbessern,-0.014450867052023121
unterbelichten,0.0
tauglich,-0.0028603338619196204
weise,-0.13295223967125347
wohltäter,-0.004335260115606936
rückläufig,0.0
höhepunkt,-0.001445086705202312
anteil,-0.015895953757225433
erschöpft,0.004723174245911982
harmonisieren,0.0
traditionell,0.0
motivation,0.0
gelungen,-0.0014152471567173085
schlecht,-0.030862618718775048
idyllisch,0.0014749262536873156
einträglich,0.0
verlierer,0.0
unscharf,0.0
beschuldigen,-0.001445086705202312
scheiss,0.0
behaglich,-0.024148720309649256
liebevoll,-0.002532098828584583
menschenunwürdig,0.0
scheitern,-0.005690828175354238
teufelskreis,0.0
konsultieren,0.0
überzeugend,-0.004335260115606936
beanstandet,0.0
beschleunigung,-0.001445086705202312
abbauen,0.0
ekel,0.0034571248316196887
schock,2.9839548485003546e-05
mittellos,-0.001445086705202312
unübertroffen,0.0
potenz,-0.001445086705202312
annehmlichkeit,-0.008670520231213872
exorbitant,0.0
investition,0.0
energielosigkeit,0.0
zerrung,0.0
schockierend,0.0
behutsam,-0.007046396235101539
unparteiisch,0.0
kritik,0.0030095316043446383
untergang,0.007762545398741622
schande,0.016791140211775538
happig,0.0
unzulässig,-0.001445086705202312
herzlos,0.00014919774242501752
stocken,-0.0033803945640868277
agilität,0.0
strahlend,0.05354493836001842
heilen,0.023019080259859846
rückgrat,-0.001445086705202312
überraschend,-0.021646461029549677
schnell,0.025231469640390802
absturz,0.0014749262536873156
bombardieren,0.0
abbrechen,-0.014421027503538117
ausdauern,-0.0072254335260115606
auseinanderfallen,0.0
ermutigend,-0.001445086705202312
verdrängen,0.0001790372909100217
ausradieren,0.0
unfähig,-0.005750507272324245
rücksendung,0.0
handfest,-0.005780346820809248
wunderschön,0.015017818473238187
leuchtend,0.1957048101352158
kooperieren,0.0
trott,-0.011560693641618497
schutz,-0.033816734018790394
prächtigkeit,0.0
grundlegend,0.0
dufte,0.13520299418555085
monumental,0.0
exklusiv,0.0
anständigkeit,-0.001445086705202312
widerstandsfähig,-0.001445086705202312
allererste,0.0
sichern,-0.06768035875662864
oase,-0.004215901921666923
einschlagen,-0.018756287619145055
kollabieren,0.0
schreck,-0.055872423141848704
maximieren,0.0
klobig,0.0
ernsthaft,-0.06337493818950671
erfrischend,-0.0028603338619196204
aufschrei,-0.008372124746363837
aufreibend,-0.001445086705202312
respektabel,-0.002890173410404624
torheit,-0.009966409193991166
verschwendung,-0.007165754429041554
niedrig,-0.025713165208791584
qualifizieren,-0.001445086705202312
frechheit,-0.008670520231213872
ideal,0.012008286868893549
intolerant,0.0
fehlleistung,0.0
alarm,2.9839548485003546e-05
problem,0.0014749262536873156
angemessenheit,0.0
schuldner,-0.007195593977526556
umweltschädlich,0.0
dramatisch,-0.002890173410404624
versicherung,-0.014450867052023121
bewunderung,-0.030346820809248554
panik,0.0
leistungsunfähig,0.0
wohnlich,-0.005780346820809248
entspannen,0.0
makel,-0.0012362098658072872
bedrohen,0.006168260951114293
preisgünstig,0.0
nörgeln,0.0014749262536873156
schutzmaßnahme,0.0
zurückgeschickt,0.0
führend,-0.018696608522175046
starr,0.20832693914437225
besitzen,-0.08409637321602129
unmöglich,-0.0967014510546149
bruch,-0.05717683768990741
überschäumen,0.0029498525073746312
schatz,0.06518236226916979
trostlos,-0.006837519395706516
ehre,-0.063907787269596
bekloppt,0.0
unwissenheit,-0.001445086705202312
anspruch,-0.053438368544000546
verbündete,-0.007195593977526556
cleverness,0.0
inkorrekt,0.0
rückfall,-0.010085767387931181
stur,0.4575425852984807
bedarft,0.0
ersprießlich,-0.002830494313434617
triumphieren,-0.015895953757225433
renovieren,0.0
verletzlich,-0.0014152471567173085
verstopfen,-0.00864068068272887
langweilig,-0.01872644807066005
wohlgefallen,-0.012826743055910788
misstrauen,-0.03468208092485549
aktualisierung,0.0
konsolidierung,0.0
rücksichtslosigkeit,0.0029796920558596346
wirtschaftskrise,0.0
beule,2.9839548485003546e-05
untreue,-0.005780346820809248
wohlhabend,-0.002890173410404624
tabu,0.0
übersehen,-0.01150101454464849
feind,0.0023743755008781287
stilvoll,-0.001445086705202312
verteidigung,-0.005780346820809248
leiden,0.05435913175439494
drosseln,0.0029498525073746312
habgierig,0.0
unklarheit,0.0
erholen,-0.13716387880027964
fragwürdig,-0.001445086705202312
flott,0.0044844578580319535
absperren,-0.001445086705202312
bestrafung,-0.002890173410404624
gleichgültig,-0.06051460432758708
unwirksam,-0.002890173410404624
fleiß,0.026177809606629493
positivität,0.0
selbstständigkeit,0.0
verlogen,-0.004305420567121933
schillernd,0.01041400242126622
sorgsam,0.0032482479922246663
fein,0.04391528978464371
glühend,0.1308080549729739
infiltration,0.0
klären,-0.045211178747421005
leblosigkeit,0.0
grenzenlosigkeit,0.0
unwirtschaftlich,0.0
mittelmäßig,0.0
unanständig,-0.0072254335260115606
wohlig,0.011918768223438538
unfreundlich,-0.010115606936416185
leider,-0.05862192439510972
ungeübt,0.0014749262536873156
schuldhaft,0.0
unbehaglichkeit,0.0
fantastisch,0.0
ungeheuer,-0.007268061452418706
süß,0.5531314474738691
frei,0.0170000170511706
flink,0.025491499991474414
vorurteil,-0.0072254335260115606
mörderisch,0.007404470816921581
unterdrückung,-0.002890173410404624
peinlich,-0.041788156256927035
unklug,-0.004335260115606936
unschlagbar,0.0
zwang,0.0021612358688423983
sklavenarbeit,0.004424778761061947
vorbereiten,-0.02014169522737736
unsicher,-0.020171534775862362
langsam,-0.012195849745085002
abmachen,-0.0028603338619196204
hartnäckigkeit,-0.001445086705202312
tyrannei,0.005929544563234266
geistlos,-0.0028603338619196204
abgebrochen,-0.005780346820809248
wachsen,0.08184135590908315
wackeln,-0.002740975667979607
mustergültig,0.0
freudig,0.04862993844527427
loyal,2.9839548485003546e-05
unerschrocken,-0.0013854076082323048
stimulation,0.0
sonnendurchflutet,0.0
übereinstimmung,-0.001445086705202312
vital,0.0
unmenschlichkeit,0.0
sauer,-0.003887666888331885
widerspenstig,-0.005780346820809248
quälen,0.011726942554606379
zuverlässigkeit,0.0
traumhaft,0.025163264958139378
vorwurf,-0.04311388476818934
unordnung,-0.014450867052023121
übermäßig,-0.005780346820809248
ominös,0.0
leutselig,-0.0014152471567173085
stillstand,-0.002890173410404624
zweifel,-0.07101386260166759
entfremden,-0.0028006547649496137
überleben,-0.005750507272324245
leichtgläubig,-0.0014152471567173085
desinteressiert,0.0
erfolgreich,-0.001445086705202312
majestätisch,0.0015942844476273298
rational,0.0
qualifikation,0.0
gehandicapt,0.0
umständlich,-0.01300578034682081
komfortabel,0.0
scheußlich,-0.004335260115606936
scheisse,0.0
aufgebracht,-0.0028603338619196204
vernunft,-0.02300202908929698
tatkräftig,-0.001445086705202312
satt,0.05886490357563047
ineffizienz,0.0
misslingen,-0.004275581018636929
gnadenlosigkeit,0.0
harsch,0.0029796920558596346
interessiert,-0.004335260115606936
härte,-0.0011466912203522764
unerreicht,0.0015047658021723192
düster,0.1640748887411121
dummkopf,-0.005750507272324245
allumfassend,0.0029498525073746312
gepflegt,0.004514297406516958
unbeliebtheit,0.0
aufmunterung,-0.002890173410404624
unfair,0.0
fehlerhaft,-0.001445086705202312
zusammenbruch,-0.001445086705202312
belasten,0.0029498525073746312
ängstlich,-0.06581751837263629
rückwärts,0.01670162156632053
gönnen,0.001014544648490115
tierisch,-0.004335260115606936
genauigkeit,-0.0072254335260115606
perfektionismus,0.0
vorwerfen,-0.008670520231213872
gemeinschaftlich,-0.010115606936416185
grässlich,0.0077327058502566215
schädlich,-0.015895953757225433
fähig,-0.05337868944703054
groggy,0.0
empfehlenswert,0.0
optimal,0.0
kostbar,-0.04028339045475472
unaufgefordert,0.0
verurteilen,-0.010055927839446178
aussichtsreich,0.0
glaubwürdigkeit,0.0
geordnet,-0.00713591488055655
