liebreich,0.003813985287164392
angst,-0.03447389046732635
ängstlich,-0.037978518578469164
trauer,0.10829471249483517
traurig,0.03482903889487607
zornig,-0.014206469558401949
zorn,0.002882719020620969
verachtungsvoll,0.0
verachtung,-0.006459761203947844
schuld,-0.06505445964193372
schuldig,-0.0806948343208625
liebe,0.3164644042238702
geliebt,0.04620284033549013
liebevoll,-0.0027032812094001987
stolz,0.1805234898471211
scham,-0.008052338335583852
schämen,-0.011158156593301272
überrasschung,0.0
überrascht,-0.015881577434071245
sorge,-0.006877207031832366
sorgenvoll,-0.002124501088340908
ekel,0.00027315013992954516
ekeln,-0.0013875814125855652
angeekelt,-0.000722543352601156
neid,0.007214251941336083
neidisch,0.005230319346058332
neidvoll,0.0
glücklich,-0.06015479572842167
glück,0.19873349917575744
freude,0.08692723663640894
freudig,0.03230572795310976
freuen,-0.01139563215355191
erleichterung,-0.005780346820809248
erleichtert,-0.0028614207640962506
vergnügt,-0.016503486524593096
vergnügen,-0.04672092042545397
zufrieden,-0.04227064972461354
zufriedenheit,-0.007196680879703187
verzweiflung,-0.0002193720422046276
verzweifelt,-0.020159332257061437
verlegenheit,-0.03106936416184971
verlegen,-0.05693716162394947
aufregung,-0.033236994219653176
aufgeregt,-0.010043725320645252
aufregen,-0.010809397642708968
spannung,-0.01732666413927356
gespannt,-0.007081670294469694
erregung,-0.031054987838695522
erregt,-0.013670818406805217
hoffen,0.026999799796388668
hoffnung,0.02813925652046123
befriedigt,-0.002095748442032535
langweilig,-0.010809397642708968
langeweile,-0.0014019577357397522
mitgefühl,0.0015025919978190587
mitfühlen,0.0007512959989095293
enttäuscht,-0.0028470444409420645
enttäuschung,-0.00427775482299019
frust,0.0
frustriert,0.0
eifersucht,-0.014393361759406373
eifersüchtig,-0.00789047158599597
wut,0.017437947529615222
wütend,-0.008584262292288754
reue,0.054718415750486665
schock,-0.0007081670294469694
schockiert,0.0
zuneigung,-0.004335260115606936
verärgert,0.0
verärgerung,0.0
erwartungsvoll,-0.0014019577357397522
erwartung,-0.011445683056385002
vorfreude,-0.001445086705202312
scheu,0.09307444592585651
gelassen,-0.020044321671827944
gelassenheit,-0.004335260115606936
mut,0.10266398592611209
mutig,-0.0365909371658836
neugierde,-0.01300578034682081
neugierig,-0.03167689692921738
depression,0.0
depressiv,0.0
niedergeschlagenheit,-0.000722543352601156
niedergeschlagen,-0.0050578034682080926
lustvoll,0.0014738393515106854
lust,0.2629466776849647
rausch,0.3289068456856122
einfühlend,-0.002167630057803468
einfühlsam,0.0
euphorisch,0.0
euphorie,0.0
dankbarkeit,-0.01296265137735825
dankbar,-0.022111317467552107
hass,0.04092939201996925
entsetzt,-0.0020813721188783487
entsetzen,-0.016938503414110524
demütigung,-0.002167630057803468
demütig,-0.01365644208365103
demut,0.01271452668884525
interesse,-0.021647547931726307
interessiert,-0.000722543352601156
einsamkeit,0.06822789986411712
einsam,0.17482940096523697
empörung,-0.0006650380599844095
empört,-0.0006506617368302226
vertrauen,-0.005424665936846408
qualvoll,0.0022970169661911477
qual,0.15180172601070877
gleichgültigkeit,-0.002890173410404624
gleichgültig,-0.030983106222924595
fröhlichkeit,-0.004971545529282973
fröhlich,0.04522152316611362
schadenfroh,-0.0036127167630057803
schadenfreude,-0.001445086705202312
schmerz,0.24850326502272524
melancholie,2.87526463083733e-05
melancholisch,-0.003555211470389034
panik,0.0
panisch,-0.005014674498745533
fühlen,0.089508052870792
herz,0.436794229024412
seele,0.36086008749323784
schwermut,0.016370372421313593
unglück,-0.07021981930559164
wanderlust,0.007383573080707613
bitterkeit,0.0001150105852334932
weinen,0.19569317305685358
erschrecken,-0.032795055396765214
empfinden,-0.01051122205136288
bekümmern,-0.01362768943734266
befürchten,-0.013728323699421965
jauchzen,0.08657901014222975
verzweifeln,0.0017182368451318566
grausne,0.0
Lust,0.0
kichern,0.008235503341696449
leid,0.09295464323290492
heiter,0.022535152772394047
lache,0.13427326089086344
sehnsucht,0.19676820255493885
trost,0.0572422591486661
ohnmacht,-0.0013156997968146325
ohnmächtig,-0.0013444524431230065
akzeptieren,0.0
prall,-0.0028039154714795044
aggressiv,0.0
gründlich,-0.0012581945041978855
anfällig,0.0
verschlechterung,-0.000722543352601156
entnervt,0.0
schwierig,-0.02092500457912515
extravagant,0.0
ungehobelt,-0.000722543352601156
wohlergehen,-0.0036127167630057803
bewegungslos,-0.002890173410404624
vergelten,-0.0028039154714795044
erbost,-0.006502890173410405
gütlich,2.87526463083733e-05
grauenhaft,-0.0021532537346492815
schlagen,0.0816713593825209
schwinden,0.05384146003808127
sicherstellen,0.0
gefeiert,0.0
eindrucksvoll,0.0
unkompliziert,0.0
brutal,0.001488215674664872
teuerungsrate,0.0
rettung,0.0002300211704669864
hemmung,0.0
einheitlich,-0.001445086705202312
großartig,-0.0072254335260115606
einnehmen,-0.020188084903369808
einweihen,-0.0021532537346492815
rechtsgültig,-0.000722543352601156
ausgezeichnet,-0.005780346820809248
trüb,0.15583135614518595
amateurhaft,0.0
finanzieren,0.0
ärgernis,-0.002167630057803468
misten,0.0
übellaunig,-0.000722543352601156
abschaffen,-0.002167630057803468
clever,0.0
alt,-0.02400153773412106
abgetakelt,0.0
bereitschaft,-0.0036127167630057803
antipathie,-0.000722543352601156
beteiligung,0.0
trefflich,-0.030968729899770408
aufstieg,-0.0014163340588939388
verlangsamen,-0.000722543352601156
glorios,0.0
ansprechend,0.0
unwiderstehlichkeit,0.0
verbot,-0.0071391755870864404
infiltrieren,0.0
erpressen,-0.0006937907062927826
bequem,-0.04173499857301682
präzision,-0.000722543352601156
verblassen,0.012527634487840826
merkwürdigkeit,-0.001445086705202312
führung,-0.020910628255970964
verfeinerung,0.0
einschüchterung,0.0
inkompetent,0.0
zurückhalten,-0.016618497109826588
gewinnen,-0.007506038055724758
vergeudung,0.0
einfältig,-0.007211057202857373
charisma,0.0
einsparung,0.0
unlogisch,0.0
weiterempfehlen,0.0
reichhaltig,0.0
geizkragen,0.0
schadhaft,-0.002167630057803468
langatmig,0.0
partner,-0.000722543352601156
widerwärtig,-0.002138877411495095
kaltherzig,-0.000722543352601156
enthauptung,0.0
unersetzlich,0.0
erhebend,-0.0006794143831385961
rührig,-0.002167630057803468
abdämpfung,0.0
erbärmlich,-0.0028326681177878775
abstürzen,-0.004335260115606936
sabotieren,0.0
überhöhen,0.0007369196757553427
genuß,0.002976431349329744
heiraten,-0.04406076818551633
inspirieren,0.0
einsinken,-0.002890173410404624
sorglosigkeit,-0.004335260115606936
überschuß,0.0
versklavung,0.0
groteske,0.0
schmerzvoll,0.0015025919978190587
heillos,-0.0035983404398515933
retten,-0.0136170403090803
gedankenlos,-0.0006506617368302226
zweifeln,-0.012330093158574036
angenehm,-0.05921980226698642
kommunikativ,0.0
missbrauch,-0.0014307103820481253
fälschen,0.0
stümperhaft,0.0
desaster,0.0
attraktiv,0.0
veredelung,0.0
gönner,-0.006502890173410405
abschreckung,0.0007369196757553427
fehler,-0.007876095262841783
fraglich,-0.001445086705202312
boomen,0.0
klage,0.1271308905652983
kostenintensiv,0.0
überschwänglich,0.0
miserabel,-0.0036127167630057803
müde,0.15675516802194572
untergehen,-0.01063688176485873
umbruch,0.0
ungleich,-0.0014163340588939388
möglich,-0.2187149909908375
übermaß,-0.0014163340588939388
seriösität,0.0
unfehlbar,-0.002138877411495095
unsachgemäß,0.0
sparsam,-0.012283236994219654
unverbesserlich,-0.0036127167630057803
immobilität,0.0
bescheidenheit,-0.005765970497655062
illegalität,0.0
mangel,-0.015723437879375197
erneuerung,0.0
favorit,0.0007369196757553427
fälschung,-0.000722543352601156
eingehen,-0.02093938090227934
androhung,-0.000722543352601156
durchfallen,0.0
kaputt,-0.001445086705202312
erhöhen,0.0016176025830525517
erbittert,-0.002124501088340908
debil,0.0007369196757553427
geräumigkeit,0.0
lobenswert,0.0
beeinträchtigen,-0.001445086705202312
crash,0.0
anpassung,0.0
superschnell,0.0
eignung,0.0
anzünden,-0.009321181968044096
unregelmäßigkeit,-0.001445086705202312
neutralisieren,0.0
behindern,-0.000722543352601156
kultiviert,0.0
veritabel,0.0
blindheit,0.001488215674664872
alarmieren,-0.000722543352601156
plausibel,-0.000722543352601156
bitter,0.034282738615016975
folgenschwer,-0.000722543352601156
duften,0.06458643045480297
öde,0.069237969679802
besonders,-0.06566518714778008
melodramatisch,0.0
ablehnung,-0.002890173410404624
ordnungsgemäß,-0.001445086705202312
not,0.07406894671602185
gerührt,0.002325769612499521
schubs,0.0
sucht,0.1792796716660774
flucht,-0.005769697692546885
strittig,0.0
konkurrenzfähig,0.0
abrutschen,-0.000722543352601156
anheben,-0.0006650380599844095
beitritt,0.0
verdienen,-0.02946613790195135
unsterblichkeit,0.004435894377686243
unerschrockenheit,0.0
unverkrampft,0.0
versöhnlich,-0.005780346820809248
beitragen,-0.0028757970872504376
renommiert,0.0
heranwachsen,-0.0036127167630057803
unliebsam,-0.002890173410404624
rebell,0.0036989747019309
blutig,0.04807229480194751
explodieren,0.0
ausgehungert,0.0
engagieren,-0.002167630057803468
arm,0.15431651764986515
stören,0.0028683426974667886
meisterlich,2.87526463083733e-05
unaufholbar,0.0
rückendeckung,0.0
diskriminierung,0.0
produktivität,0.0
zersetzen,2.87526463083733e-05
beseitigen,-0.001445086705202312
brüchig,-0.0014307103820481253
zusammenschlagen,-0.002124501088340908
rücksicht,-0.03166252060606319
gütig,-0.005406562418800397
schlagend,-0.0013732050894313791
übergewicht,-0.000722543352601156
bedeuten,-0.04452453772134213
wackelig,-0.002167630057803468
ungünstig,0.0
bösartigkeit,0.0
wertsteigerung,0.0
entbehrungsreich,0.0
schenkung,1.437632315418665e-05
charismatisch,0.0
abstoß,-0.004335260115606936
ehrfurcht,-0.005722841528192501
immens,0.0
entmutigung,0.0
hochheben,0.0
ankurbelung,0.0
verwirklichen,-0.000722543352601156
provozieren,0.0
ehrwürdig,-0.005751594174500875
unterstellen,-0.000722543352601156
schwerfällig,-0.005737217851346689
gratulation,-0.001445086705202312
unheilvoll,0.0029620550261755573
zumutung,-0.002167630057803468
abdanken,0.0
sterben,0.16931847708946549
leistungsfähig,-0.000722543352601156
eindeutigkeit,0.0
geisteskrank,0.0
speziell,-0.002890173410404624
bosheit,-0.0020813721188783487
steuerhinterziehung,0.0
gräßlich,-0.0021532537346492815
kränklich,-0.0021532537346492815
bunt,0.12769902155809526
zuschuß,0.0
schimpfend,-0.002167630057803468
undiplomatisch,0.0
bemerkenswert,0.0
farce,0.0
rausgeschmissen,0.0
bescheuert,0.0
einheit,0.003986501165014634
zerschlagung,0.0
verdächtige,-0.0021532537346492815
ruhm,0.05114936041335656
sinn,0.09819614416363881
ersticken,-0.0026026469473208903
veraltet,0.0007512959989095293
beteiligen,-0.0072254335260115606
verdorben,-0.0035695877935432202
unbehagen,-0.0050578034682080926
eintönig,0.006675406051260644
nützlich,-0.014393361759406373
verbundenheit,0.0
verboten,-0.0014163340588939388
bezaubernd,-0.0028470444409420645
highlight,0.0
würdevoll,-0.0035983404398515933
glänzen,0.10460638692116662
bescheiden,-0.0006256362854136777
degradierung,0.0
vernachlässigung,-0.002890173410404624
konsequent,0.0
aufbesserung,-0.002167630057803468
verarschen,0.0
intelligenz,0.0
unterlaufen,-0.002167630057803468
vertrautheit,-0.001445086705202312
profan,-0.000722543352601156
fluch,0.03987246603992997
gastfreundlich,0.0014738393515106854
mächtig,0.02227265176072686
grotesk,0.002210759027266028
stimulieren,0.0
lebensfeindlich,0.0007369196757553427
unruhig,-0.03247132189758946
entschlüsseln,0.0
wunderbar,0.05920862068231094
liberal,-0.005043427145053906
anheitern,-0.001445086705202312
zugreifen,-0.0007081670294469694
eifern,-0.0028039154714795044
pünktlichkeit,-0.002890173410404624
blauäugig,-0.000722543352601156
schlottern,4.312896946256006e-05
unerklärlich,-0.0035983404398515933
sackgasse,0.0
ausreichend,-0.002167630057803468
dürr,0.03342015922576578
hinzunehmen,0.0
beitreten,0.0
uninformiert,0.0
individuell,0.0
faszinierend,0.0
weitreichend,0.0
beschränkung,-0.000722543352601156
beilegen,-0.0007081670294469694
umtauschen,-0.000722543352601156
willkommen,-0.006664756922998286
aussetzen,-0.007211057202857373
trist,-0.002138877411495095
verhandelung,0.0
auftrieb,0.0
gefallen,-0.0783727919032548
wüten,-0.008469251707055262
exquisit,0.0
unschuldig,-0.02010182696444469
gunst,0.007699852190099721
übergewichtig,0.0
bergab,0.0030770656114090505
anmaßung,-0.001445086705202312
geringwertig,0.0
artig,-0.06560768185516333
herausfordern,-0.001445086705202312
gnade,0.029559317774247
aufstocken,0.0
effizient,0.0
bund,0.028142983715353065
einbruch,-0.007167928233394814
unverständlich,-0.007196680879703187
abgleiten,-0.000722543352601156
treue,0.06727160814615715
bösartig,0.0
gewünscht,-0.003583964116697407
gültig,-0.036012157044824314
abschießen,-0.0007081670294469694
unstimmigkeit,0.0
stabilität,0.0
majestät,0.011905725397318975
komplikation,0.0
schramme,-0.001445086705202312
niederlage,-0.000722543352601156
fadenscheinig,0.0
unseriös,0.0
progressiv,0.0
verschleudern,-0.001445086705202312
ruchlos,-0.0006650380599844095
ermordung,-0.000722543352601156
unvergleichlich,-0.004335260115606936
verfassungswidrig,0.0
heuchelei,0.0029620550261755573
beeindruckend,0.0
gesundung,-0.000722543352601156
lohnend,1.437632315418665e-05
magisch,0.007455454696478547
verteidiger,-0.000722543352601156
malerisch,-0.0021532537346492815
teuerung,-0.002890173410404624
uneinigkeit,-0.001445086705202312
unverhofft,0.0015600972904358055
gewachsen,-0.0021532537346492815
unverantwortlichkeit,0.0
angetrunken,0.0
lebensfähigkeit,0.0
aufschreien,-0.0006650380599844095
scharf,-0.02701470857595597
belastbarkeit,0.0
sagenhaft,0.0
entwirren,0.0007369196757553427
vertrauter,0.0
ergebnislos,-0.000722543352601156
doppelspiel,-0.000722543352601156
defizit,0.0
experte,0.0
apokalyptisch,0.0007369196757553427
abnehmen,-0.015144657758315902
trottelig,0.0
gefährlich,-0.04472580624550074
zusammenstoß,-0.002167630057803468
bedenklich,-0.015101528788853345
eingeschränkt,0.0007369196757553427
grandios,0.0007369196757553427
rehabilitieren,-0.000722543352601156
verworren,0.014130860747739189
unerträglichkeit,0.0
verstricken,0.0015025919978190587
todesstrafe,-0.001445086705202312
renitent,0.0
unterdrücken,-0.00939306358381503
hemmen,0.014910909392957094
verzicht,0.000215644847312799
sicherheit,-0.023786425343221403
kompensieren,0.0
überlastung,0.0
wohltuend,-0.001445086705202312
stürzen,0.010740710765416744
murren,0.0016607315525151104
mist,-0.00352645882408066
auffallen,-0.023121387283236993
rutschen,-0.0050290508218997195
brisant,0.0
klarheit,0.005374082577600197
steigflug,0.0
willkürlich,-0.03465332827854712
fit,0.017150421066531495
rechtmäßigkeit,0.0
grundsätzlich,-0.000722543352601156
ruckeln,0.0
verstimmen,-0.010823773965863153
unvollkommenheit,0.0
vielseitigkeit,0.0
durchschlagend,0.0
interessieren,-0.010115606936416185
sensibel,0.0
vielversprechend,-0.001445086705202312
hochtreibend,0.0
rückstand,-0.000722543352601156
erschöpfen,-0.004249002176681816
unzufrieden,-0.0050578034682080926
abgedroschen,0.0
unerwiesen,0.0
lebendig,0.008968695822559963
unumstritten,0.0
widerruf,0.000765672322063716
gewaltsam,-0.012991404023666622
eigenartig,-0.0036127167630057803
handikap,0.0
dämpfen,0.011905725397318975
mangelhaft,0.0007369196757553427
vage,2.87526463083733e-05
vermeiden,-0.020188084903369808
aufstockung,0.0
ausreichen,-0.0035983404398515933
intensiv,-0.000722543352601156
kopfschmerz,-0.0036127167630057803
schrumpfen,0.0036989747019309
scheidung,-0.010058101643799439
einfallsreich,0.0
schurke,-0.002095748442032535
nachlassen,-0.002167630057803468
milde,0.017150421066531495
sorgenschwer,0.002210759027266028
kontinuität,0.0
rivalität,-0.000722543352601156
laune,-0.01845547173508377
gestiegen,5.75052926167466e-05
standhaft,-0.0013875814125855652
vorsichtig,-0.04109871315934077
befallen,-0.0005644037979051029
herrisch,0.0036989747019309
hilflos,-0.004942792882974599
diffamieren,0.0
verlässlich,0.0
mobil,-0.0072254335260115606
erbe,0.044968606369882536
unermesslich,0.008914917724835046
rückversicherung,0.0
besser,-0.025738410553712072
kollision,0.0
unstetig,0.0
innovation,0.0
reizvoll,-0.0006794143831385961
aufschwung,-0.0007081670294469694
verstand,-0.007531063507141306
mißfallen,0.0
unterliegen,0.0015744736135899912
funkeln,0.0493986437270245
negativität,0.0
leichtsinn,-0.01657536814036403
fertigen,-0.02309263463692862
tragisch,-0.0014163340588939388
lückenlos,-0.000722543352601156
ruppig,-0.002890173410404624
attacke,0.0007369196757553427
unnütz,-0.012240108024757093
entwirrung,0.0
lächerlich,-0.018049207491874716
abwechslungsreich,0.0
stürmisch,0.0055609747786046215
außerordentlich,-0.031791907514450865
todesfall,-0.002167630057803468
unglaubwürdig,0.0
verrückt,-0.0006075327673676634
glücklos,0.002210759027266028
pannenhilfe,0.0
kostengünstig,0.0
brüderlichkeit,0.0007369196757553427
sexy,0.0
verurteilung,-0.000722543352601156
inkompetenz,0.0
ausgrenzen,0.0
aussichtslos,-0.000722543352601156
einheitlichkeit,0.0
boshaft,-0.007167928233394814
wertig,-0.000722543352601156
entlohnen,0.0
konstant,-0.004335260115606936
skandalös,-0.001445086705202312
tolerant,0.0
abrutsch,-0.000722543352601156
aufbringen,-0.008670520231213872
schimmlig,0.0
einnahme,-0.0050578034682080926
leblos,0.0008088012915262758
drastisch,0.0
hundertprozentig,0.0
rosarot,0.001488215674664872
gammeln,0.0
klaglos,0.000765672322063716
übertreten,-0.001445086705202312
wermutstropfen,0.0
befreiung,-0.0006650380599844095
vorzeigbar,0.0
streng,-0.056448366636707124
grenzenlos,-0.0005356511515967298
unbeliebt,0.0
dekadenz,0.0
tot,0.024260311550896446
auslöschung,0.0
wrack,0.0036845983787767134
fies,0.0
grottenübel,0.0
verdacht,-0.018757374521321684
überzeugung,-0.014436490728868934
dämlich,0.0007369196757553427
humorvoll,-0.000722543352601156
rückständig,-0.000722543352601156
erfolgserlebnis,0.0
wahnsinn,-0.0068804017703110835
champion,0.0
belanglos,0.0
mager,-0.00414836791460251
nervenaufreibend,0.0
wachsend,-0.002009490503107416
zwangslage,0.0
abspaltung,0.0
pflichtwidrig,0.0
verheeren,0.002253887996728588
entbindung,0.0
packend,0.0007369196757553427
wertschätzen,0.0
tätig,-0.0433094721866068
sturheit,0.0
verzögern,-0.0007081670294469694
exakt,-0.001445086705202312
ekelig,0.0
widernatürlich,0.0
locker,-0.003540835147234847
nähe,-0.0824349018789322
produktiv,0.0
herrschaftlich,-0.000722543352601156
geschmacklos,-0.0036127167630057803
unbotmäßig,0.0
meckern,-0.004335260115606936
witz,-0.010392484271237554
einsparen,0.0
konsolidieren,0.0
fragil,0.0007369196757553427
prügeln,0.0015025919978190587
adrett,0.0
rutsch,-0.005014674498745533
glaube,-0.09853265661672936
geistlosigkeit,0.0
haft,-0.23918794007522542
lebensfähig,0.0
sparen,-0.0026170232704750777
dummheit,-0.010780644996400595
schwierigkeit,-0.010115606936416185
hoffnungsfroh,0.0014738393515106854
rost,0.09670153901201647
klein,-0.09846130745737153
entziehen,-0.016503486524593096
festlichkeit,-0.0021532537346492815
halbfertig,0.0
freundschaft,-0.025738410553712072
zustimmung,-0.005780346820809248
dezimierung,0.0
morbid,0.0
verhängnisvoll,-0.0035983404398515933
schmerzerfüllt,0.0007369196757553427
verschlechtern,1.437632315418665e-05
verdrießlich,-0.005014674498745533
zusammenarbeit,0.0
lautstark,0.0
präferenz,0.0
beliebtheit,0.0
hinreißend,-0.0007081670294469694
löschung,0.0
geiz,-0.004870911267203666
sprengung,-0.001445086705202312
entschädigen,-0.0036127167630057803
rentabilität,0.0
vergötterung,-0.001445086705202312
anpassen,1.437632315418665e-05
unheilbarkeit,0.0
teuer,-0.027043461222264344
lösen,0.05055247677425126
leistungsfähigkeit,0.0
bedrücken,-0.0034833298546181014
zuschießen,0.0
untrennbar,0.0
respekt,-0.013685194729959405
ungerechtigkeit,-0.001445086705202312
hervorragend,-0.001445086705202312
super,-0.001445086705202312
verständlich,-0.024480216049514187
ehrgeizig,0.0007369196757553427
lösung,0.005388458900754385
kommunikation,0.0
unverschämtheit,-0.002167630057803468
vergebung,-0.0013875814125855652
unpraktisch,-0.000722543352601156
überglücklich,-0.0006794143831385961
zusammenstoßen,-0.002167630057803468
überwältigen,-0.010115606936416185
unsauber,-0.002890173410404624
unbestimmt,-0.009378687260660842
gewaltig,0.032248222660493014
bedarfsorientiert,0.0
froh,0.15371750418510743
schillern,0.006689782374414831
kämpfen,0.02659726274807144
belohnung,5.75052926167466e-05
historisch,0.0007369196757553427
unterirdisch,-0.0021532537346492815
konkurrenz,-0.002890173410404624
großzügigigkeit,0.0
zuflucht,-0.002095748442032535
entzückend,0.0023113932893453343
langweilen,-0.0028614207640962506
unzumutbar,0.0
stau,0.07458649434957254
zerren,0.0009381881999139547
favorisieren,0.0
epochal,0.0
beschädigung,-0.002167630057803468
unterlassung,0.0
zensur,0.0
privilegiert,0.0
einschüchtern,-0.004335260115606936
verwöhnen,-0.0014307103820481253
kauf,-0.056347732374627806
schlapp,0.0015025919978190587
einflußreich,0.0
gesund,-0.012071319341798677
gehorsam,-0.01799170219925797
neustart,0.0
rückgang,0.0
geldstrafe,0.0
unbedacht,0.0015025919978190587
maßlosigkeit,0.0
zittern,0.14555388245918188
unbeschwert,0.0007369196757553427
reparatur,-0.000722543352601156
stabil,0.0
auftrag,-0.029581148487184836
herunter,-0.041375590494162146
schwunghaft,0.0
blödheit,0.0
faschistisch,0.0
unglaubwürdigkeit,0.0
schaurig,0.02361018227047934
diffizil,0.0
berauschend,0.0088574124322183
gewissenhaft,-0.005780346820809248
häßlich,0.001488215674664872
sauberkeit,-0.001445086705202312
alptraum,0.0
korruption,0.0
reinigen,-0.015752190525683565
drift,0.0
unerhört,-0.002052619472569975
rechtmäßig,-0.005780346820809248
gedenken,0.013443991974816952
leidende,-0.003583964116697407
verherrlichen,1.437632315418665e-05
wiedervereinigung,0.0
reduzieren,-0.000722543352601156
verwendbar,0.0
klischee,0.0
günstig,-0.024523345018976746
aufmerksamkeit,-0.026719727723088588
erzeugnis,-0.002167630057803468
missgeschick,0.0015169683209732454
vererben,4.312896946256006e-05
transparent,0.0
ungewollt,1.437632315418665e-05
versöhnen,0.015561571129787314
geblitzt,0.0
überschaubarkeit,0.0
auferstehen,0.006704158697569016
entrüsten,-0.0006937907062927826
verringern,-0.002167630057803468
fitness,0.0
formvollendet,0.0
genehmigung,-0.002167630057803468
auftreiben,-0.0028757970872504376
solidarisch,0.0
überholen,0.0007512959989095293
abnutzung,-0.001445086705202312
zurückschicken,-0.002167630057803468
konfrontieren,-0.000722543352601156
fruchtbar,0.010446262368962476
flach,0.01645663036023871
seicht,-0.0006794143831385961
dahinschwinden,0.0007369196757553427
riesengroß,0.0022682643198827742
ausbrechen,-0.015173410404624277
höflichkeit,-0.018742998198167497
geschmackvoll,-0.001445086705202312
beunruhigen,-0.011560693641618497
fremd,0.08252009490503107
befall,-0.0012869471505062603
optimistisch,0.0
explosiv,0.0
beängstigend,-0.002890173410404624
denkwürdig,0.0
heilsam,-0.0028614207640962506
ungehorsamkeit,0.0
schwäche,-0.011345048794305698
schmerzlich,0.01664352256124314
toll,0.041206269354790624
drohung,-0.007904847909150158
vergeuden,0.0029908076724839304
unzüchtig,0.0
kontraproduktiv,0.0
desinteresse,0.0
frivol,1.437632315418665e-05
unfug,-0.002890173410404624
vorzüglich,-0.0086417675849055
grenzdebil,0.0
konfliktfrei,0.0
vorteil,-0.023107010960082806
düsternis,0.0
gedrängt,-0.0013732050894313791
streiten,0.01018376135729529
müll,-0.00419149688406507
anklagen,-0.004292131146144377
terror,0.0
ramponieren,0.0
suchtfaktor,0.0
beunruhigt,-0.001445086705202312
gammelig,0.0
bereitstellung,0.0
gebrechen,0.0007369196757553427
glanzvoll,0.0014738393515106854
verwunden,-0.00705291764816132
missglücken,0.0
brilliant,0.0
grausig,0.0037421036713934596
unattraktiv,0.0
stagnieren,0.0
ungeschicklichkeit,0.0
wiederbelebung,0.0
ausbauen,0.0
verhöhnen,0.01038875707634573
finster,0.07771787051511964
gediegen,-0.0036127167630057803
armut,0.004651539224999042
unabhängig,-0.005043427145053906
furcht,-0.02600463876027108
einstürzen,-0.001445086705202312
schenken,0.020137501544123595
trübsal,0.005158437730287398
warm,0.15470254854937576
illuster,0.0
unsolid,0.0
phänomenal,-0.000722543352601156
unehrlichkeit,0.0
ehren,-0.018909657055473428
einstellen,-0.012268860671065467
sorgenfrei,-0.000722543352601156
lasch,-0.02435082914112651
preissturz,0.0
unvollkommen,-0.000722543352601156
hochhalten,0.0
versenkung,0.0014738393515106854
nachteil,-0.002167630057803468
aufhebung,0.0
optimalität,0.0
mau,0.015190981466257178
ungerechtfertigt,-0.000722543352601156
aufhören,-0.017312287816119373
berauben,0.0037852326408560196
unvorhergesehen,-0.0014307103820481253
minderung,0.0
zusammenhanglos,0.0
wutschäumend,0.0
aufwendig,0.0
verräterisch,-0.0006937907062927826
glücklosigkeit,0.0
wiederherstellen,-0.000722543352601156
rechtswidrigkeit,0.0
unwillig,-0.00427775482299019
bessern,-0.009899962089103386
bekräftigung,0.0
florieren,0.0
beschruppt,0.0
erniedrigen,-0.0036127167630057803
schön,0.2283646985657754
stumpfsinnig,-0.0007081670294469694
verlieren,0.013929059767167462
erlauben,-0.060521125740646865
sachgemäß,-0.001445086705202312
arschloch,0.0
hilfsbereitschaft,0.0
kippen,-0.000722543352601156
erhalten,-0.11926650934354516
echtheit,0.0
leicht,-0.13137084098295715
veredeln,-0.0014163340588939388
stattlich,-0.004220249530373444
erstrebenswert,0.0
gravierend,0.0
entfremdung,0.0
konflikt,-0.000722543352601156
diktatorisch,0.0
hochruf,0.0
dämpfer,0.0
abschluß,0.0
besorgnis,-0.011560693641618497
abtragen,-0.001445086705202312
abgrund,0.023940837703025627
last,0.0590180012864147
goldig,0.0214137995663675
zusammengehörigkeit,-0.000722543352601156
bekennend,-0.000722543352601156
abspalten,0.0
egoistisch,0.0
verletzung,-0.0035983404398515933
zurückgegeben,0.0007369196757553427
heilig,0.12360443174121766
modernisieren,0.0
zukunftsweisend,0.0
eignen,-0.012268860671065467
anstrengen,-0.00939306358381503
schlägerei,-0.000722543352601156
gefährdung,-0.000722543352601156
trotten,0.0
ausbildung,-0.002890173410404624
protestieren,-0.0050578034682080926
verrückter,0.0014738393515106854
glanz,0.23372919692793948
unstetigkeit,0.0
elendig,-0.002167630057803468
verschimmelt,0.0
ungeheuerlich,2.87526463083733e-05
kunstvoll,0.0022395116735744016
verschlingen,0.0187105183569673
prominent,0.0
wichtig,-0.043902628630820284
wiedervereinigen,0.0
verbittert,0.001488215674664872
menschlich,-0.00011873778012531574
krude,0.0
gehässig,-0.001445086705202312
doppeldeutigkeit,0.0
findig,-0.0050290508218997195
frieden,0.09329009077316931
verzwickt,-0.001445086705202312
individualität,-0.000722543352601156
aufschlagen,-0.011359425117459885
lieblos,0.0022251353504202146
kooperation,0.0
fahrlässigkeit,-0.000722543352601156
unumschränkt,-0.0007081670294469694
traurigkeit,0.001631978906206739
monoton,0.0014738393515106854
wehklagend,-0.0007081670294469694
auszeichnen,-0.011560693641618497
unabhängigkeit,-0.002890173410404624
ausschließen,-0.0014307103820481253
unüblich,0.0
universell,0.0
verantwortungsbewußt,0.0
erheblich,-0.0050578034682080926
dussel,0.0
verfehlung,0.0
talentiert,0.0
zielgerichtet,0.0
unbesiegbar,0.0007369196757553427
geruhsam,-0.001445086705202312
schauerlich,0.008120492756462956
profiliert,0.0
reichtum,-0.0026457759167834508
stark,0.014479087241918376
riskieren,-0.000722543352601156
aufblasen,-0.000722543352601156
irrsinnig,0.0015025919978190587
gemeinschaft,-0.014436490728868934
gedeihlich,-0.0021532537346492815
vergeben,0.02880802177533747
erklimmen,0.001545720967281618
hysterie,0.0
addieren,0.0
seriös,0.0
lakonisch,0.0
provokation,0.0
entführung,-0.0014307103820481253
unruhe,-0.019508670520231215
fremdartig,-0.0036127167630057803
aussterben,-0.0006650380599844095
aufbereiten,0.0
trennung,0.0009956934925307009
spielerisch,-0.0007081670294469694
strapaze,-0.002890173410404624
höflich,-0.04898918474533675
schaden,-0.03661968981219197
konkurrieren,0.0
aufblähen,-0.000722543352601156
bestrafen,-0.007947976878612716
verängstigen,0.0
hämisch,0.001545720967281618
verhasst,-0.0063591269418685386
größe,-0.0039039704209813397
jubel,0.09221186653660532
ausbruch,-0.0072254335260115606
naiv,-0.009364310937506656
unterbrechen,-0.044740182568654925
wohltätigkeit,0.0
krise,-0.000722543352601156
fahrlässig,-0.001445086705202312
knuffig,0.0
mißglücken,0.0
unwirksamkeit,0.0
verletzbar,0.0
notfall,-0.002167630057803468
wertverlust,0.0
erzeugen,-0.025231512048423714
fortschritt,-0.005043427145053906
rauh,0.06359073696227227
gewährleistung,0.0
rosig,0.03337703025630322
verwirren,0.0018763763998279094
unglaublich,-0.0036127167630057803
dreckig,0.0
einschränkung,-0.001445086705202312
bewundert,-0.000722543352601156
verteidigen,-0.01154631731846431
wachsam,-0.0035695877935432202
pracht,0.15369620592858269
protest,-0.004263378499836002
schräglauf,0.0
ruin,-0.012847640792124757
seltsam,0.003576509726913757
unnötig,-0.007947976878612716
korrupt,0.0
abstimmung,0.0007369196757553427
protzig,-0.000722543352601156
ziellosigkeit,0.0
denkfaul,0.0
bewegend,-0.0028757970872504376
auseinandersetzung,-0.004335260115606936
fehleranfällig,0.0
schmerzhaft,8.625793892512012e-05
nervös,-0.008627391261751313
verbund,0.000215644847312799
unbeschreiblich,-0.0166041207866724
widrigkeit,0.0
schlaff,0.019260545831718216
wärmstens,0.0
tolerieren,0.0
klimatisiert,0.0
beisteuern,-0.0007081670294469694
schwung,0.015777215977100117
integer,0.0
mühe,-0.05211310652110019
trägheit,-0.0006794143831385961
pessimistisch,0.0
kulanz,0.0
fidel,-0.0006650380599844095
revolution,-0.002167630057803468
heben,0.07626479696372057
krüppel,-0.0014163340588939388
schrott,0.0
effektiv,0.0
verdrängung,0.0
verbindlich,-0.006502890173410405
sonnig,0.03714788657400505
lähmung,0.0
garantiert,0.0
gültigkeit,-0.0050578034682080926
verantwortungsvoll,0.0
abhängigkeit,-0.0036127167630057803
befriedigend,-0.0028757970872504376
schwindlig,-0.0014163340588939388
befriedigung,-0.010072477966953626
relevanz,0.0
missraten,-0.0007081670294469694
kränkung,-0.000722543352601156
verzichten,0.0023545222588078948
andrang,-0.000722543352601156
wärmen,0.03867923121813248
exzellent,0.0
laienhaft,0.0
eifrig,-0.02875797087250438
stornierung,0.0
beschränken,-0.005751594174500875
zerbrechen,0.024663381055626786
ineffizient,0.0
begünstigung,-0.000722543352601156
aufschwingen,0.0014738393515106854
ungeschminkt,-0.000722543352601156
sinnlos,-0.003497706177772288
verband,-0.00432088379245275
gesundheit,-0.012948275054204062
langlebig,0.0
schönheit,0.0775309783141152
wunde,0.11294891400189977
wahr,-0.08064531587444249
aktualisieren,0.0
lädiert,0.0
ärgern,-0.028092932812519966
gedränge,0.0031489472271799823
intervenieren,0.0
knorke,0.0
chaotisch,0.0014738393515106854
lob,-0.01532462802594979
optimismus,0.0
inkonsistent,0.0
nett,-0.01266074859112033
romantisch,-0.0028757970872504376
vorbildlich,0.0
unerwünscht,0.0
stehlen,0.0005319239567049029
pflicht,-0.022866340661353457
angebot,-0.002167630057803468
erstechen,0.001545720967281618
ehrlich,-0.019986816379211195
blockierung,0.0
zurückgehen,-0.0014307103820481253
absenken,0.0007369196757553427
dusselig,0.0
vereinigung,-0.002890173410404624
missachtung,0.0
frech,-0.0020132176979992394
fülle,0.08002180941468132
lukrativ,0.0
überschwemmung,-0.000722543352601156
unerfreulich,-0.000722543352601156
unsittlich,-0.000722543352601156
authentisch,0.0
triumph,-0.0004206405663632357
spielend,0.011977607013089907
anomalie,0.0
isolieren,0.0
faszination,0.0
abweisen,-0.007919224232304345
beleidigt,-0.007947976878612716
sabotage,0.0
kollegial,0.0
qualität,-0.000722543352601156
hinterlistig,-0.000722543352601156
untergraben,-0.0007081670294469694
rebellion,0.0
wert,0.03930433504713303
dominierung,0.0
haarig,0.0001150105852334932
beglückend,-0.0013156997968146325
stattlichkeit,-0.000722543352601156
spürbar,0.0
freundlichkeit,-0.007196680879703187
spektakulär,0.0
bedeutsam,-0.002167630057803468
trostlosigkeit,-0.001445086705202312
undemokratisch,0.0
schonungslos,-0.000722543352601156
vermeidung,-0.001445086705202312
immobil,0.0
vernichtung,0.004493399670302989
fortdauernd,-0.000722543352601156
ausgeweitet,0.0
ausbau,-0.001445086705202312
spaß,-0.023628285788525348
liquidation,0.0
uneinholbar,0.0
übel,-0.04073930508048611
beherrscht,-0.0014307103820481253
archaisch,0.0
krumm,0.0001868922010044259
erweitert,-0.000722543352601156
hochtrabend,0.0
trennen,0.0015851227418523517
verdient,8.625793892512012e-05
kollidieren,0.0
ausbeute,-0.002890173410404624
kranken,0.0018044947840569793
stupide,0.0
lernen,-0.01863544200271766
steigend,0.0016607315525151104
verehrt,-0.010086854290107812
verwerfung,0.0
rentabel,0.0
träge,0.021960099846226586
ergiebig,-0.000722543352601156
unterbrechung,-0.004335260115606936
deinstallieren,0.0
gallig,0.0
stil,0.40784989840731634
kümmerlich,-0.0006937907062927826
dilemma,0.0
verleumden,-0.001445086705202312
provisorium,0.0
brillanz,0.0
ausgeglichen,0.0
schlamperei,0.0
unzusammenhängend,-0.002890173410404624
gefahr,-0.035638372642815455
töricht,-0.007081670294469694
auferstehung,0.006661029728106457
qualitativ,0.0
feige,0.0010388224619932614
funktionierend,-0.000722543352601156
leichtsinnig,-0.016618497109826588
phantasievoll,-0.000722543352601156
gutgehend,0.0
raub,0.05596968832131401
vergeltungsmaßnahme,0.0
ermutigung,0.0
einkaufen,-0.0036127167630057803
bombastisch,0.0
keim,0.038578596956053174
grimmig,-0.004018981006214832
gerechtigkeit,-0.007096046617623882
dreck,0.001488215674664872
flaute,0.0
ruhe,0.21809148453107627
charmant,0.0007369196757553427
bedrängung,0.0
intakt,-0.000722543352601156
prächtig,0.0027570593071251197
spaßig,0.0
konsultation,0.0
jähzornig,-0.002167630057803468
gestresst,0.0
auskurieren,0.0
notstand,0.0
annullieren,0.0
ungesund,0.0014738393515106854
instabil,0.0
vereidigen,0.0
melodrama,0.0
scheusslich,0.0
drosselung,0.0
gewalttätige,-0.002167630057803468
ergaunern,0.0
einwandfrei,0.0
empfehlung,-0.004335260115606936
träne,0.02217201749864757
verlockend,0.0037277273482392735
arrogant,0.0
partnerschaftlich,0.0
ausschließung,0.0
sturz,0.006919803544881815
sympathisieren,0.0
intervention,0.0
alkoholisiert,0.0
entschwinden,0.016370372421313593
brutalität,0.0
luxuriös,-0.000722543352601156
trophäe,2.87526463083733e-05
beauftragen,-0.0036127167630057803
heil,0.23234108305894077
kongenial,0.0
armselig,-0.005751594174500875
abführen,-0.002890173410404624
vergeltung,-0.001445086705202312
vertreiben,-0.004047733652523205
cool,0.0
bestechung,0.0
ausgleiten,-0.001445086705202312
verschönerung,-0.000722543352601156
besteuerung,0.0
misstrauensantrag,0.0
konsistenz,0.0
unbesiegbarkeit,0.0
ungenauigkeit,0.0
schwächlich,0.001488215674664872
wiedergutmachung,0.0
abstumpfung,0.0
bekümmert,0.0022970169661911477
garantie,-0.001445086705202312
schelte,0.001196962016689316
unlauter,0.0007369196757553427
verwerflich,0.0
galant,-0.005043427145053906
uneingeschränkt,0.0
hungertod,0.002210759027266028
hinterhalt,-0.0021532537346492815
ermunternd,-0.001445086705202312
vorantreiben,0.0
einbuße,0.0
enorm,-0.000722543352601156
fehlverhalten,0.0
unqualifiziert,0.0
heimsuchung,0.0
beschädigen,-0.002167630057803468
diebstahl,-0.007947976878612716
zensieren,0.0
grauen,0.054427694548924224
einschrumpfen,0.0
loyalität,0.0
schleppend,0.0022395116735744016
aufbereitung,0.0
ergänzung,0.0
flüchtiger,0.0
gemein,-0.05566831799148921
beheben,-0.002167630057803468
glamourös,0.0
ehebruch,0.0
schuldlos,0.001545720967281618
banal,-0.000722543352601156
erschweren,-0.0013875814125855652
fehlen,-0.06979225680585788
lähmen,-0.0005787801210592894
diplomatisch,-0.001445086705202312
aufwühlen,-0.0007081670294469694
unvereinbar,0.0
gammlig,0.0
ergebnisreich,0.0
begnadigen,-0.0007081670294469694
verbinden,-0.016287841677280295
abstieg,-0.000722543352601156
geschickt,-0.03237068763551016
vergöttern,0.001488215674664872
bonus,0.0
schuldlosigkeit,0.0
bürde,0.003799608964010207
zerstörerisch,0.0
mobilität,0.0
kulant,-0.001445086705202312
abreißen,-0.0072254335260115606
abstoßend,-0.001445086705202312
hochattraktiv,0.0
vollständig,-0.033236994219653176
nachlässigkeit,-0.002890173410404624
schädigen,-0.008670520231213872
gut,-0.2505872994236692
erzielen,4.312896946256006e-05
umtausch,-0.000722543352601156
energisch,-0.010101230613261998
einbrecher,-0.001445086705202312
vereinfachen,0.0
attraktivität,0.0
bombe,0.0007512959989095293
hartnäckig,-0.009378687260660842
invasion,0.0
ausgewogen,0.0
groß,-0.11036011092131998
ungewohnt,-0.007933600555458529
leidenschaftlich,-0.010780644996400595
kraft,0.1224468714990991
ungeliebt,0.0007512959989095293
erholung,-0.005765970497655062
perfektion,0.0
knuddelig,0.0
zuvorkommend,-0.002890173410404624
freundschaftlich,-0.007947976878612716
liquidieren,-0.000722543352601156
versuchung,2.87526463083733e-05
motivieren,0.0
spektakel,-0.002167630057803468
mangelbehaftet,0.0
verzückt,0.001488215674664872
verehrung,-0.007947976878612716
glanzlos,0.0
ungezogen,-0.0021532537346492815
energielos,0.0
gewalttätig,-0.004335260115606936
schelten,0.0011538330472267537
ermöglichen,-0.0072254335260115606
überlegt,-0.002167630057803468
mord,-0.0034870570495099257
vorhersehbar,0.0
zeitsparend,0.0
traumatisch,0.0
befangenheit,-0.002167630057803468
verzögerung,0.0
verrücktheit,0.0007369196757553427
bedeutungslosigkeit,0.0
ekelerregend,0.0
reklamation,0.0
lässig,-0.02216882276016885
nah,-0.02288178189733392
reifen,-0.023348746171638374
frustrierend,0.0
unregelmäßig,-0.0036127167630057803
verfluchen,0.005316577284983451
kräftig,-0.018254203210925152
wohlwollend,-0.006502890173410405
relevant,0.0
ingeniös,0.0
störungsfrei,0.0
gefährden,-0.0035983404398515933
hinhauen,0.0
leichtsinnsfehler,0.0
respektieren,-0.000722543352601156
arbeitslose,0.0
explosion,0.0
skandal,-0.002124501088340908
versenken,0.016284114482388472
verharmlosen,0.0
zenit,0.004421518054532056
hochkarätig,0.0
spott,0.013361461230783647
jähzorn,-0.002167630057803468
magern,-0.000722543352601156
unermüdlich,-0.007153551910240627
mißmutig,0.0
scheiden,0.0796192723663641
grottenschlecht,0.0
eindeutig,0.0
fruchtlos,-0.0006650380599844095
kriegerisch,-0.0028470444409420645
duft,0.3194706531323346
rechtswidrig,0.0
ungebeten,0.0014738393515106854
widrig,-0.007211057202857373
niederschmetternd,-0.000722543352601156
etabliert,0.0
repräsentativ,-0.000722543352601156
kümmern,-0.01614407844573843
ausfall,-0.0028470444409420645
abbruch,-0.000722543352601156
verfehlen,-0.0035695877935432202
gefecht,0.00015813955469605283
folgewidrig,0.0
unkritisch,0.0
freisprechen,0.0014738393515106854
auszeichnung,-0.002890173410404624
ungeteilt,-0.0007081670294469694
geil,0.0029620550261755573
brüderlich,0.0022251353504202146
gelohnt,-0.001445086705202312
arbeitslos,-0.001445086705202312
meisterwerk,0.0
allerbeste,0.0007369196757553427
intelligent,0.0
zwingen,0.01233328789705275
unbefriedigend,-0.001445086705202312
beschämen,-0.0012869471505062603
brandneu,0.0
praktikabel,0.0
unerbittlichkeit,0.0
keimig,0.0
qualitätsverbesserung,0.0
dauerhaft,-0.002890173410404624
bewundern,-0.009206171382810604
klug,-0.02857480586639178
ungesetzlich,-0.000722543352601156
ordentlich,-0.07369942196531792
zivilisiert,0.0
zufriedenstellend,0.0
abnahme,-0.001445086705202312
erhaltung,-0.03757225433526012
qualitätsminderung,0.0
ängstigen,-0.013642065760496848
gewährleisten,-0.000722543352601156
aggression,0.0
undurchführbar,-0.000722543352601156
erfreuen,-0.004684019066199238
leidenschaft,-0.007186031751440822
erhältlich,0.0
verkehrswidrig,0.0
unbarmherzig,0.0015025919978190587
weglassen,0.0
totalitär,0.0
spröde,0.005172814053441586
paradies,0.03869360754128667
sparsamkeit,-0.0036127167630057803
berühmt,-0.020130579610753065
tragfähig,0.0
lüge,0.11500579312577472
abgründig,0.0014738393515106854
beleidigen,-0.019494294197077027
meisterhaft,-0.001445086705202312
konkurrenzkampf,0.0
beenden,-0.017977325876103782
bedeutungslos,-0.000722543352601156
farblos,0.0037277273482392735
beschleunigen,-0.005780346820809248
garnichts,1.437632315418665e-05
schubsen,0.0
unvergleichbar,0.0
krachen,0.01492528571611128
furchterregend,0.0
akkurat,-0.000722543352601156
giftig,-0.001330076119968819
besorgniserregend,0.0
verschwenderisch,4.312896946256006e-05
kontinuierlich,-0.000722543352601156
beschwerde,0.008986799340605978
betrügerisch,0.0
umsichtig,-0.000722543352601156
ehrwürdigkeit,0.0
rückschritt,0.0
erzürnt,-0.0021532537346492815
irrational,0.0
positiv,-0.000722543352601156
zwecklos,-0.0035983404398515933
einzigartigkeit,0.0
humanitär,0.0
ärger,-0.046807178364379094
verwirrung,-0.015867201110917058
sichtbar,0.002221408155528383
fatal,-0.005765970497655062
charakterschwach,0.0
unbestimmtheit,-0.000722543352601156
hart,0.014267169589497405
erhöhung,-0.006502890173410405
geschicklichkeit,-0.0036127167630057803
exotisch,-0.000722543352601156
senken,0.0722575299985943
helligkeit,-0.0007081670294469694
erlösen,0.025170279560915144
stilllegung,0.0
revolte,-0.000722543352601156
verwundung,-0.002890173410404624
ärgerlich,-0.014422114405714746
verschwinden,-0.0238513850256218
verbesserung,0.0
unselig,0.0030483129651006765
verdienst,0.0008375539378346489
harmonisierung,0.0
kompatibilität,0.0
achtlos,0.0016463552293609247
stoßen,-0.05253747428235525
abgestanden,0.0
rosten,0.0052159430229041445
heiligtum,0.00819237437223389
streik,0.0
tod,0.29803129565813746
breitgefächert,0.0
katastrophe,-0.0036127167630057803
verdorbenheit,0.0
verspätet,-0.001445086705202312
hübsch,-0.0647701279173287
realistisch,0.0
unvernünftig,-0.00432088379245275
hammer,0.028089205617628142
betrug,0.0001150105852334932
missmutig,-0.002890173410404624
inbrünstig,0.004464647023994616
zulegen,-0.004335260115606936
erlösung,0.005995991668122047
hinausgehend,0.0
befangen,-0.018527353350854696
nennenswert,0.0
solidarität,0.0
würdigen,-0.003555211470389034
beschweren,0.004479023347148803
warmherzig,-0.000722543352601156
zusammenrechen,0.0
schlüssig,-0.005780346820809248
existenzbedrohend,0.0
passend,-0.008670520231213872
nachteilig,0.0
kompetenz,0.0
unmoral,-0.000722543352601156
panne,0.02142444869462986
befremdlich,-0.000722543352601156
fähigkeit,-0.006459761203947844
elegant,-0.012268860671065467
verachten,-0.004090862621985762
angreifer,-0.002890173410404624
beträchtlich,-0.0036127167630057803
heiß,0.19156237620388392
vereinfachung,0.0
doof,0.0
ehrenwert,-0.0007081670294469694
korrektheit,0.0
original,-0.004335260115606936
bedenken,-0.014641486447919374
messbar,0.0
absurdität,0.0
lohnen,0.0032927104587218495
untragbar,0.0
oberflächlich,-0.005780346820809248
gedeihen,0.0009669408462223295
sklave,0.011211934691026194
unsterblich,0.0214137995663675
rückständigkeit,0.0
zerschunden,0.0007369196757553427
diskret,-0.002890173410404624
witzig,-0.0086417675849055
anpassungsfähigkeit,0.0
friedvoll,0.001488215674664872
spannend,-0.0007081670294469694
intellekt,0.0
nötigung,0.0
furchtbar,-0.018182321595154222
entmutigen,-0.001445086705202312
traumatisieren,0.0
helfen,-0.05633708324636545
turbulenz,0.0
naivität,-0.001445086705202312
klar,0.09398015428457027
aufmerksam,-0.06933540920340261
überfüllung,0.0
begriffsstutzig,0.0
vermindern,-0.002167630057803468
übereinkunft,0.0
unterlassen,-0.007196680879703187
vertrauensvoll,0.0
zersetzend,0.0
abweichung,0.0
bewährt,-0.0006650380599844095
beifallsruf,0.0
phantasie,-0.000492522182134171
ehrfürchtig,0.0007512959989095293
aufsteigen,-0.01362768943734266
schwach,0.03455961594983835
absperrung,0.0
knappheit,0.0
profit,-0.0014307103820481253
verletzt,0.0007800486452179027
unpopulär,0.0
zaudern,0.003120194580871611
modernität,0.0
planmäßig,-0.000722543352601156
übertreiben,-0.005751594174500875
groll,0.0488667197703196
deinstalliert,0.0
willensstark,0.0
heimzahlen,0.0007369196757553427
lebhaft,-0.06719653179190752
ungeschickt,-0.010809397642708968
anerkennenswert,0.0
geschäftig,0.00677604031333995
kahl,0.023883332410408888
ausweiten,0.0
vergrößern,-0.0072254335260115606
dumm,-0.018876112301447007
bösewicht,-0.0021532537346492815
schwund,0.011111300428946886
funktionieren,-0.002890173410404624
abschwächen,-0.000722543352601156
bankrott,0.0
prestige,0.0
beförderung,-0.000722543352601156
schuftig,0.0
annähern,-0.001445086705202312
fesch,-0.0007081670294469694
unpassend,-0.001445086705202312
lückenhaft,-0.000722543352601156
ersparnis,-0.002167630057803468
krass,0.0
gewalttätiger,0.0
unmoralisch,-0.000722543352601156
mürrisch,-0.007153551910240627
abschwächung,0.0
respektvoll,-0.002167630057803468
sprengstoff,0.0
beschränkt,-0.0028039154714795044
geduld,-0.020842473835091857
ungleichheit,0.0
genesen,0.012685774042536877
beachtenswert,0.0
unterstützung,-0.0036127167630057803
unachtsam,-0.000722543352601156
zufließen,-0.000722543352601156
unzurechnungsfähig,-0.000722543352601156
umstritten,0.0
verschmutzung,0.0
ungültig,0.0
vergrößerung,-0.002167630057803468
böse,-0.03096180796639987
unbewiesen,0.0
kriechen,-0.00017624307274206538
schwer,0.20995288825656733
unredlich,-0.001445086705202312
entsetzlich,-0.030925600930307846
schimmelig,0.0
überschreiten,-0.002052619472569975
unrühmlich,0.0
aggressor,0.0
belastung,-0.001445086705202312
schwächen,-0.001445086705202312
tiefgreifend,0.0
zögern,-0.011100651300684522
ungeduld,-0.027298507844147883
bevormundung,0.0
einkauf,-0.007947976878612716
sicher,-0.1401952411175621
zweitklassig,0.0
fleißig,-0.009914338412257574
lebensgefahr,-0.001445086705202312
dezimieren,0.0
unwirtlich,0.0022251353504202146
bonität,0.0
kränken,-0.0018657272715655471
überflüssig,-0.01154631731846431
anpassungsfähig,0.0
solid,-0.0028614207640962506
verräter,-0.0006362854136760365
missglück,-0.000722543352601156
ablenkung,-0.000722543352601156
beispielhaft,0.0
systematisch,0.0
aktuell,0.0
wüste,0.016179753025417333
annullierung,0.0
miesepetrig,0.0
geglückt,0.0
modernisierung,0.0
stilsicher,0.0
erschlagen,0.011614471739343414
robustheit,0.0
desolat,0.0
abwertung,0.0
blind,0.04552715314724337
triumphal,0.0
fesselnd,0.0007512959989095293
wiederkehren,0.005330953608137639
banalität,0.0
unbefugt,0.0
defizitär,0.0
gehörig,-0.01732666413927356
trugschluss,0.0
unterentwickelt,0.0
anfälligkeit,0.0
stornieren,0.0
glaubwürdig,-0.000722543352601156
ernüchterung,0.0
hinfällig,-0.0036127167630057803
bestätigung,-0.002890173410404624
beruhigung,-0.005751594174500875
terrorismus,0.0
diktator,0.0
räuber,-0.018527353350854696
motiviert,0.0
disziplinlos,0.0
scheußlichkeit,0.0
abwerten,0.0
nervosität,-0.000722543352601156
unfähigkeit,0.0007369196757553427
krank,0.00456847602455264
missverständnis,-0.0014307103820481253
klassisch,-0.000722543352601156
abrupt,0.0
gestank,1.437632315418665e-05
unvereinbarkeit,0.0
erschütternd,0.0007944249683720893
geschätzt,-0.002167630057803468
ratlosigkeit,-0.0036127167630057803
superlativ,0.0
beleidigung,-0.006502890173410405
erstklassig,0.0
propaganda,0.0
beisteuerung,0.0
perfektionist,0.0
verletzen,-0.012168226408986162
pompös,0.0
pünktlich,-0.0064885138502562174
unbequem,-0.01296265137735825
nähren,0.01360958591929665
diffamierung,0.0
freiwillig,-0.02455209766528512
gewichtig,-0.003583964116697407
stillstehen,-0.0028757970872504376
magie,0.001488215674664872
faschist,0.0
strafverfahren,0.0
läppisch,-0.000722543352601156
würdig,-0.0913604687320296
zurückbleiben,-0.01369957105311359
füllen,0.02518785062254804
vermitteln,1.437632315418665e-05
mühsam,-0.008440499060746887
vollständigkeit,0.0
schnäppchen,0.0
problematisch,0.0007369196757553427
talent,-0.0050290508218997195
vorsorglich,0.0
unwahrheit,-0.004335260115606936
beruhigend,-0.004335260115606936
rivale,-0.001445086705202312
selbstständig,0.0
grausam,-0.0009706680411141547
störung,-0.0027176575325543843
bedrohung,0.0
trauern,0.045947793713606605
undiszipliniert,0.0
verehren,-0.007067293971315508
reizend,-0.001765093009486244
erleiden,-0.007067293971315508
sinnlosigkeit,1.437632315418665e-05
konfrontation,0.0
beeindrucken,0.0
krankheit,-0.0222263280527856
flexibilität,0.0
kollaps,0.0
scheiße,0.0
konjunkturaufschwung,0.0
raffiniert,0.0
genesung,-0.0006650380599844095
glanzlosigkeit,0.0
unerbittlich,-0.006431008557639471
unwürdig,-0.005043427145053906
rückhaltlos,-0.0050578034682080926
hunger,0.029128028079621403
erfüllen,-0.005945940765288954
unbezahlbar,-0.000722543352601156
ende,-0.017846341598476756
feindlich,-0.005535949327188077
beilegung,0.0
unzuverlässigkeit,0.0
meisterschaft,2.87526463083733e-05
hochwertig,0.0
beschwerlichkeit,0.0
unverantwortliche,-0.000722543352601156
praktisch,-0.007211057202857373
professionell,0.0
kontroverse,0.0
zulässig,-0.000722543352601156
erschüttern,-0.0033395666230762334
bedrohlich,-0.000722543352601156
durcheinander,-0.015044023496236597
androhen,0.0
bedeutung,-0.01225448434791128
anstrengung,-0.024566473988439308
unschön,-0.0006937907062927826
aufblühen,0.004435894377686243
schmutzig,-0.0005500274747509172
versklaven,0.0
abwärtstrend,0.0
minderwertig,-0.000722543352601156
stilllegen,0.0
versagen,0.004752173487078348
züchtigen,-0.0014163340588939388
betrunken,-0.006459761203947844
tradition,-0.000722543352601156
schlachtfeld,-0.0013588287662771922
verwendbarkeit,0.0
wissen,-0.13022126758703528
empathisch,0.0
erkennbar,-0.007196680879703187
unbedeutend,-0.012283236994219654
gewinn,0.008084285720370926
unpersönlich,0.0
bedeutend,-0.031054987838695522
heraufsetzen,0.0
frohlocken,0.008206750695388076
heirat,-0.06786156985189193
fertigkeit,-0.005765970497655062
kreativ,0.0
ungerecht,-0.010795021319554782
inkonsequent,0.0
mißachten,0.0
verbieten,-0.023078258313774434
profitabel,0.0
faszinieren,0.0
vertrauenswürdigkeit,0.0
applaus,0.0029476787030213707
unmut,-0.006373503265022726
golden,0.08372823850639588
überhöhung,0.0
sinnvoll,0.0007369196757553427
unübersichtlich,0.0
destruktiv,0.0
progression,0.0
vulgär,0.0
ausgleich,-0.0035983404398515933
annehmbar,-0.000722543352601156
schnelligkeit,-0.010115606936416185
tadellos,-0.005765970497655062
rehabilitation,0.0
sorgen,0.012128292178002306
umgänglich,-0.002167630057803468
bedrängen,0.006675406051260644
schadensbild,0.0
tragödie,1.437632315418665e-05
liberalismus,-0.001445086705202312
tödlich,-0.0020238668262616026
famos,-0.0021532537346492815
drängelnd,0.0
genervt,0.0
gekränkt,-0.002124501088340908
kampf,0.0852739594736775
aufgeben,-0.023829554312683965
begünstigen,-0.002167630057803468
sehenswert,0.0
rebellisch,-0.000722543352601156
zerstreuen,-0.0055934546198048215
reparieren,-0.000722543352601156
ununterbrochen,-0.008670520231213872
genial,-0.002890173410404624
fiasko,0.0
epidemie,0.0
standhaftigkeit,0.0
überschreitung,0.0
deformation,0.0
untauglich,0.0
verderblich,0.0015169683209732454
angreifen,-0.0166041207866724
schocken,0.0
siegeszug,0.0
fehltritt,-0.000722543352601156
beknackt,0.0
beeinträchtigung,-0.001445086705202312
verzerrung,-0.000722543352601156
ausgleichszahlung,0.0
angemessen,-0.002167630057803468
mögen,-0.04338614591009582
steigerung,-0.0036127167630057803
konjunkturrückgang,0.0
sanft,0.1434618612120412
korrekt,-0.0014307103820481253
wundersam,0.03764040875613922
förderung,-0.000722543352601156
achtlosigkeit,-0.000722543352601156
subvention,0.0
wachstum,0.0007369196757553427
feuern,0.003813985287164392
unvermeidlich,-0.00432088379245275
verführerisch,-0.0028470444409420645
verheißungsvoll,-0.000722543352601156
pest,0.001545720967281618
beschissen,0.0
dominieren,-0.001445086705202312
eigenkapital,0.0
streit,0.04404958660084085
lohn,0.03698601982441717
schick,-0.0006549213881351656
offensichtlich,-0.000722543352601156
kacken,0.0
höhnisch,0.003091441934563236
gastfreundlichkeit,0.0
erschlossen,-0.004177120560910885
trotzen,0.014159613394047563
fehlanzeige,0.0
überwältigt,0.0014738393515106854
unsicherheit,-0.000722543352601156
gebrechlich,1.437632315418665e-05
befreien,0.0005606766030132777
gefesselt,-0.0050290508218997195
fortschreiten,-0.0006937907062927826
beifall,0.0008950592304513959
stoß,-0.05060359258991058
flüchtling,-0.0013732050894313791
leer,0.09551895331848137
hoffnungslos,0.004565281286073922
zerschmettern,-0.0013013234736604451
beheizbar,0.0
leistung,-0.011560693641618497
bedrückung,0.0007369196757553427
weitgehend,0.0
zugänglich,-0.004306507469298563
benefiz,0.0
vertraut,0.0034796026597262754
unklar,-0.0028757970872504376
recht,-0.23405825499124644
insturz,0.0
mies,0.0
unermeßlich,0.0007369196757553427
abschuß,0.0
apathisch,0.0007369196757553427
diszipliniert,0.0
abfallen,-0.0028757970872504376
kränkeln,-0.002167630057803468
spezialität,-0.000722543352601156
empathie,0.0
genau,-0.07623018729686788
verleumdung,-0.0035695877935432202
ausrottung,0.0
bahnbrechend,0.0
symbiose,0.0
verdammt,-0.00705291764816132
aufwerten,0.0
gemütlich,-0.010795021319554782
flair,0.0
verwelken,0.008900541401680858
enttäuschen,-0.004335260115606936
stagnation,0.0
glasklar,0.0
festlich,0.007541712635403666
bedauern,-0.020144955933907253
geldgeber,0.0
skrupellos,-0.001445086705202312
fürchten,-0.07533512806641648
gering,-0.04806537286857698
bestürzung,-0.007947976878612716
aufstand,-0.000722543352601156
uneinig,-0.001445086705202312
konsens,0.0
grausamkeit,-0.005765970497655062
kontrovers,0.0
zuversichtlich,-0.008656143908059686
legitimität,0.0
enträtseln,1.437632315418665e-05
überdurchschnittlich,0.0
glamour,0.0
unvollständigkeit,0.0
bewirken,-0.00432088379245275
verabscheuungswürdig,0.0
weiträumig,0.0
gegner,-0.008569885969134567
grau,0.2332723493254842
mittellosigkeit,0.0
enthaupten,0.0
abweisung,-0.000722543352601156
schlimmer,-0.0028757970872504376
schmuggeln,0.0
stinken,-0.0014019577357397522
hoch,0.19595833635058635
perfekt,-0.000722543352601156
verfallen,-0.006215363710326672
mindern,-0.002124501088340908
sorgfältigkeit,0.0
abmachung,-0.001445086705202312
atemberaubend,0.0
absurd,0.0
begrenzung,0.0
freundlich,-0.044690131665821836
imposant,0.0007369196757553427
zwiespältig,0.0
vielzahl,-0.000722543352601156
abschaffung,0.0
verdecken,0.0008519302609888355
beschwichtigen,-0.005737217851346689
fehlkonstruktion,0.0
unberechtigt,-0.002167630057803468
rein,0.19800403388978577
feindselig,-0.010086854290107812
unparteilichkeit,-0.000722543352601156
stabilisieren,0.0
egoist,-0.001445086705202312
ausdauer,-0.0064885138502562174
unverantwortlich,-0.002167630057803468
verhandeln,-0.006474137527102031
niederträchtig,-0.0007081670294469694
ehrlichkeit,-0.0035983404398515933
abstoßen,-0.004335260115606936
dreist,0.005244695669212519
primitiv,-0.000722543352601156
hinreichend,-0.0050578034682080926
humor,-0.0006506617368302226
klettern,-0.008469251707055262
heikel,-0.000722543352601156
rat,-0.2840894569370551
vagheit,0.0
unverwundbarkeit,0.0
manipulation,0.0
unsportlich,0.0
hauptsächlich,-0.006502890173410405
unbestritten,1.437632315418665e-05
hektisch,-0.000722543352601156
steigern,-0.006459761203947844
ermahnung,-0.0036127167630057803
drängen,0.059855555224249346
rammen,-0.001445086705202312
größtmöglich,0.0
erliegen,0.0047090445176157895
koordinieren,0.0
hell,0.28985329760905776
lächeln,0.1311711698280379
beachtlich,0.0
beliebt,-0.005780346820809248
erfahrung,-0.02309263463692862
gönnerschaft,0.0
wettbewerbswidrig,0.0
genie,0.020946302835649876
ausgestorben,0.0
anstößig,0.0
kapitalverbrechen,0.0
schuldnerin,-0.000722543352601156
schlicht,0.023825827117792138
partnerschaft,0.0
bestens,-0.002890173410404624
integrieren,0.0
aufbessern,0.0
aufruhr,8.625793892512012e-05
lästig,-0.010072477966953626
funktionsfähig,0.0
wirksamkeit,-0.000722543352601156
bedürftig,-0.0006794143831385961
kentern,0.0007512959989095293
chic,-0.03549886906257857
gemeinsam,-0.0028182917946336914
unhöflich,-0.0050578034682080926
ausführlich,-0.005780346820809248
überrunden,0.0
narr,0.01763921605377384
fruchtbarkeit,0.004421518054532056
bündnis,-0.0007081670294469694
kapitulation,0.0
markant,-0.000722543352601156
rücksichtsvoll,-0.002890173410404624
belohnen,-0.002789539148325318
ablaufen,-0.007933600555458529
frustration,0.0
angestrengt,-0.0064885138502562174
gleichstellen,0.0
jammer,0.03925428414429995
harmonie,0.014839027777186157
kostenlos,-0.000722543352601156
zerfressen,0.001488215674664872
menschenwürdig,0.0
korrektur,0.0007369196757553427
toleranz,0.0
unzumutbarkeit,0.0
kompliziert,-0.000722543352601156
maximum,0.0
schädigung,-0.0035983404398515933
prunkvoll,0.0
brillant,0.0014738393515106854
vertrauenswürdig,0.0
maximal,0.0
wirr,0.08300569515379472
handicap,0.0
leere,0.01875364732642986
genügend,-0.010101230613261998
untröstlich,-0.000722543352601156
handgemenge,0.0007369196757553427
unheilbar,-0.0035983404398515933
konstanz,0.0007369196757553427
weich,0.1589478235311657
erbrechen,-0.02790976780640736
zoll,0.000215644847312799
kläger,4.312896946256006e-05
human,-0.001445086705202312
kompatibel,0.0
kriminell,0.0
hinterlassen,-0.008613014938597126
strenge,-0.01653223917090147
wahnsinnig,-0.0071391755870864404
kunstreich,-0.0006794143831385961
gefestigt,0.0007369196757553427
schlau,-0.0003631352737464913
arbeitslosigkeit,-0.000722543352601156
abriss,0.0007369196757553427
freudlos,0.0036989747019309
meiden,-0.008774881688185007
planlos,2.87526463083733e-05
blüte,0.13113922244325077
legalität,0.0
sündenbock,0.0
dynamisch,0.0
heimsuchen,-0.0007081670294469694
wertvoll,-0.0028757970872504376
kompliment,-0.005751594174500875
liebenswürdig,-0.03177753119129668
wiedergewinnen,-0.000722543352601156
üppig,0.02447648885462236
hurrageschrei,-0.000722543352601156
diskreditieren,0.0
weisheit,0.010820046770971328
heuchlerisch,0.0007800486452179027
revanchieren,-0.000722543352601156
wiedergutmachen,0.0
kündigen,-0.006402255911331098
treffend,-0.015895953757225433
verstehen,-0.10552753651586082
ultimativ,0.0
künstlerisch,-0.002890173410404624
zuversicht,-0.01647473387828472
herausgehoben,0.0
ausgleichen,-0.0028757970872504376
unfreundlichkeit,-0.000722543352601156
aufrichtigkeit,-0.002167630057803468
schmeichelnd,0.009766847985823881
ausgeflippt,0.0
zweifellos,-0.00939306358381503
luxus,-0.005043427145053906
engstirnig,0.0
amateur,0.0
begeistern,0.003799608964010207
dieb,-0.02001556902551957
unberührt,0.005201566699749959
abschreibung,0.0
degradieren,0.0
gehaltszulage,0.0
fertig,-0.08500134179016107
katastrophal,0.0
verwickeln,-0.004335260115606936
ungehorsam,-0.0050578034682080926
hungern,0.00972371901636132
herabsetzen,0.0
anbieten,-0.01369957105311359
menschlichkeit,0.003713351025085086
rückzug,-0.002138877411495095
verstoß,0.011168805721563632
anreicherung,0.0
spitze,-0.009253027547164991
vorwärts,-0.002171357252695294
großspurig,0.0
hinterlist,-0.0035983404398515933
zwietracht,0.0022251353504202146
plausibilität,0.0
umfangreich,-0.002167630057803468
schlag,0.1294486733316011
weitläufig,-0.005780346820809248
zurückgewinnen,1.437632315418665e-05
rache,0.00042383530484195464
sintflut,0.0036845983787767134
vertrag,-0.02380080166637559
legendär,0.0
schrecklich,-0.030796214021920162
ruhig,-0.1266575368140364
begnadigung,0.0
edel,0.078206665502362
nutzbringend,-0.000722543352601156
beschwerlich,-0.005780346820809248
entschlüsselung,0.0
behämmert,0.0
inkonsistenz,0.0
belästigung,-0.000722543352601156
unverwundbar,0.0014738393515106854
beschneiden,-0.0006937907062927826
provisorisch,-0.000722543352601156
schlechtigkeit,-0.004335260115606936
vertreibung,0.0
sorglos,-0.005607830942959009
gammler,0.0
blockieren,0.0
umgetauscht,0.0
verlöbnis,0.0
versklavt,0.0
unübertrefflich,0.0
fairness,0.0
reinfall,0.0
radikal,-0.001445086705202312
heruntermachen,0.0
inkonsequenz,0.0
souverän,-0.0014307103820481253
abhängig,-0.007919224232304345
abschuss,0.0
unzuverlässig,0.0
unhöflichkeit,-0.002167630057803468
finanzierung,0.0
erholsam,0.0
bedrückt,-0.0006506617368302226
konzertiert,0.0
einweihung,0.0
befördern,-0.0064885138502562174
schaffen,0.0531332930086343
inspiration,-0.000722543352601156
konstruktiv,0.0
engagement,0.0
festakt,0.0
unterwürfig,0.0
präzise,0.0
umsorgen,0.0
niederschlagen,-0.0013588287662771922
bedeppert,0.0
makelhaft,0.0
humanität,0.0
ausgewählt,0.0
verwirklichung,0.0
freispruch,0.0
misstrauisch,-0.005765970497655062
übertreibung,-0.001445086705202312
legitim,-0.0028757970872504376
verbannen,0.008900541401680858
ungemütlich,-0.001445086705202312
unrentabel,0.0
gabe,-0.02510585233492786
steigen,0.0697693611800938
fair,0.0007369196757553427
kurz,-0.08990846009345674
koordiniert,0.0
übermenschlich,-0.001445086705202312
entlohnung,0.0
ernsthaftigkeit,0.0
erarbeiten,-0.0036127167630057803
liebling,0.007106695745886245
turbulent,0.0
vermittlung,0.0
übertreffen,-0.0028757970872504376
heftig,-0.08002979626087808
unaufrichtig,0.0
erreichen,-0.045394571500376985
disziplin,-0.000722543352601156
abstrich,0.0
frustrieren,0.0
ergiebigkeit,0.0
abstumpfen,0.0
erfreulich,-0.007196680879703187
zusammenhalt,-0.0028326681177878775
vergeblich,-0.01647473387828472
untreu,-0.0014163340588939388
feier,0.039498681637921126
wertlos,-0.0028757970872504376
wärme,0.05660970092988188
geisteskrankheit,0.0
kostspieligkeit,0.0
tristesse,0.0
ernüchternd,0.0
nerven,-0.015058399819390784
löschen,0.042723237675763866
augenweide,0.002210759027266028
hungersnot,0.002210759027266028
weltberühmt,0.0
ordnungswidrig,0.0
verächtlich,-0.011531940995310123
abgesichert,0.0
hochgradig,-0.001445086705202312
charme,0.0
schade,-0.05031926086530556
beschäftigungslose,0.0
knapp,0.006024744314430421
labil,0.0
jubiläum,-0.000722543352601156
ungezwungen,-0.0007081670294469694
unerquicklich,-0.0014307103820481253
exponiert,0.0
widersprüchlich,0.0
strahlen,0.13609266445448776
unerwartet,-0.027442271075689743
kur,-0.13600747142838887
fuchsteufelswild,0.0
kürzen,0.0008231776146804624
distanziert,0.0
verständnis,-0.012225731701602906
führen,-0.07114789083365639
kompromiss,0.0
zulage,0.0
erwürgen,-0.0013732050894313791
dürre,0.002210759027266028
liebenswert,0.0007369196757553427
überlasten,0.0
opposition,-0.001445086705202312
massaker,0.0
vererbung,0.0
überzeugt,-0.02023121387283237
hilflosigkeit,-0.0036127167630057803
fabelhaft,-0.005043427145053906
prima,0.0007369196757553427
optimist,0.0
ziellos,0.004450270700840429
aufwärts,0.018031103973828705
voranbringen,0.0
bestechen,-0.0028757970872504376
weitsichtig,0.0
nutzlosigkeit,0.0
verheerend,0.001488215674664872
anstieg,-0.005780346820809248
missachten,0.0007512959989095293
kooperativ,0.0
wahrheit,0.012045761433969016
zusammenhalten,-0.0028326681177878775
umwerfend,0.0
stütze,-0.024857727646414862
namhaft,-0.000722543352601156
koordinierung,0.0
vertraulich,-0.010737516026938034
geeignet,-0.007947976878612716
gelähmt,0.0007369196757553427
merkwürdig,-0.028179190751445087
defekt,1.437632315418665e-05
abzocke,0.0
redundanz,0.0
freikommen,0.0
abschrecken,-0.004335260115606936
gesteigert,-0.002167630057803468
paradiesisch,0.0007512959989095293
repetiv,0.0
hingabe,-0.002890173410404624
idiot,0.0
vertrauenerweckend,-0.000722543352601156
erweitern,-0.002095748442032535
brechen,0.12811540247315353
entschluß,-0.000722543352601156
entgleiten,0.005938486375505301
trügerisch,0.0007800486452179027
ungeordnet,0.0
phantastisch,0.0015744736135899912
bevorzugt,-0.001445086705202312
tatenlos,0.0
mühelos,-0.002167630057803468
spende,0.03477898799204297
absolut,-0.007211057202857373
beleben,0.008379266573238314
traditionsreich,0.0
beseitigung,-0.000722543352601156
herzig,-0.011909452592210799
beunruhigung,0.0
stärken,-0.004090862621985762
versäumnis,-0.002890173410404624
abschreckend,-0.000722543352601156
unbequemlichkeit,-0.004335260115606936
einfallsreichtum,0.0
unmenschlich,-0.002167630057803468
überlegenheit,-0.005780346820809248
unehrlich,-0.001445086705202312
ausbeuter,0.0
idiotisch,0.0
verderben,0.005169086858549755
unverzichtbar,0.0
riskant,0.0
schwächung,0.0
widerspruch,-0.004220249530373444
gigantisch,-0.0014307103820481253
bekannt,-0.06178304743973658
habgier,0.0007369196757553427
boom,0.0
unfall,-0.0021532537346492815
hoffnungsvoll,0.0022395116735744016
ansteigen,-0.0028757970872504376
unbestreitbar,0.0007369196757553427
verwüsten,5.75052926167466e-05
überschaubar,0.0
unantastbar,-0.0014307103820481253
verdunkeln,0.008914917724835046
geschäftsauflösung,0.0
unglücklich,-0.042586928834005645
verrucht,0.0030195603187923034
billig,-0.014364609113098004
verschmutzen,0.0
gründlichkeit,-0.001445086705202312
hochklassig,0.0
originalität,0.0
täuschen,-0.014148964265785201
närrisch,0.001631978906206739
akzeptanz,0.0
verstrickung,0.0007369196757553427
verantwortung,-0.005780346820809248
geräumig,-0.002890173410404624
schmuck,0.04406769011888687
freund,-0.12689873956917885
denkfehler,0.0
illoyal,0.0
zahlungsunfähigkeit,0.0
kompensation,0.0
allgemeingültig,0.0
versiert,0.0
missfallen,-0.002124501088340908
mittelmäßigkeit,0.0
profitieren,1.437632315418665e-05
fesseln,0.011571342769880859
sprengen,0.01804548029698289
besitz,-0.08524946647867404
entführen,0.00814924540277133
grob,-0.012862017115278943
hindernis,-0.0050290508218997195
affäre,-0.000722543352601156
fad,0.10200746716873757
auseinandersetzen,-0.0036127167630057803
feiern,0.004881560395466028
flüssig,-0.011431306733230819
gnädig,-0.022675721265457208
blöd,0.010460638692116664
altmodisch,-0.0036127167630057803
pikiert,-0.0007081670294469694
upgraden,0.0
wünschenswert,-0.0021532537346492815
harmonisch,0.005230319346058332
kraftlos,-0.0013444524431230065
anspannung,-0.000722543352601156
verkleinern,-0.001445086705202312
hohn,0.03044372787643603
überlegen,-0.057052172209182954
ertragreich,0.0
gezielt,0.0
schirmherrschaft,0.0
ausrotten,-0.0014307103820481253
erschlaffen,0.0088574124322183
verlust,-0.007081670294469694
kälte,-0.00040626424320905005
göttlich,0.031295658137424874
verblüffend,-0.002167630057803468
brand,0.07532021928684918
wirkungsvoll,-0.001445086705202312
erschreckend,4.312896946256006e-05
höchstmöglich,-0.000722543352601156
prachtvoll,-0.005722841528192501
anreichern,0.0
hingeben,-0.005535949327188077
abneigung,-0.002890173410404624
finanzkrise,0.0
expertise,0.0
süchtig,-0.010449989563854303
klasse,-0.024537721342130933
pflegen,-0.028111036330565983
attackieren,0.0
anklage,-0.007167928233394814
aussetzung,-0.002167630057803468
nachhaltigkeit,0.0
tadelnswert,-0.000722543352601156
rechthaberisch,0.0
offensive,0.0
ausschalten,0.0
schlotterig,0.0
modern,0.013393941071983845
einschlag,-0.012268860671065467
tadelsfrei,0.0
abschließen,-0.009378687260660842
prekär,0.0
ruinös,0.0
konsistent,-0.000722543352601156
sorgfältig,-0.02235571496117328
pflege,-0.03957109571010517
rüde,0.013336435779367101
entschädigung,-0.0014307103820481253
unerlaubt,-0.001445086705202312
unfreiwillig,-0.002167630057803468
kalt,0.1275227784853532
sympathie,-0.002138877411495095
rätselraten,0.0
verfeinern,0.0
krieg,-0.04587271735935696
furchtlosigkeit,0.0
nervig,0.0007512959989095293
morden,-0.005521573004033891
beschwichtigung,0.0
ästhetisch,0.0007512959989095293
authentizität,0.0
stiftung,-0.004335260115606936
beschäftigungsloser,0.0
bereit,-0.15377980158544222
wichtigtun,0.0
unzufriedenheit,-0.002167630057803468
glückseligkeit,-0.003583964116697407
entziehung,0.0
heimtückisch,-0.0028757970872504376
nachahmenswert,0.0
aktualität,0.0
anziehung,-0.000722543352601156
beschuldigung,-0.000722543352601156
anmaßen,0.0
betrügen,0.0033933447208011544
wichtigtuer,-0.000722543352601156
autonomie,0.0
wiederherstellung,-0.002167630057803468
reichlich,-0.013469549882646608
langlebigkeit,0.0
unten,-0.0040839406886152285
belehrbar,0.0
weitsichtigkeit,0.0
einfach,-0.04891730312956581
comeback,0.0
kostbarkeit,-0.000722543352601156
bildung,-0.021618795285417935
abnutzen,-0.001445086705202312
bestürzt,-0.005014674498745533
einhalten,-0.002890173410404624
erstaunen,-0.05546332227243878
vereinbarung,0.0
ungeahnt,4.312896946256006e-05
unterwerfung,0.0
rechtsgültigkeit,-0.000722543352601156
trauma,0.0007512959989095293
volltrunken,0.0
eleganz,-0.001445086705202312
wunschgemäß,0.0
leistungsstark,0.0
verbannung,1.437632315418665e-05
schädigend,-0.001445086705202312
beschäftigungslos,0.0
fehlkauf,0.0
belästigen,-0.0035983404398515933
zappeln,-0.002789539148325318
ausbeutung,-0.002167630057803468
erklärt,0.014087731778276632
abdämpfen,-0.000722543352601156
erfüllung,-0.0004206405663632357
entspannung,0.0
planvoll,-0.000722543352601156
ruhmreich,0.0014738393515106854
einbrechen,-0.009278052998581535
niedlich,-0.0013588287662771922
übergroß,0.0015169683209732454
rücktritt,0.0
nutzen,-0.03674907672057966
erosion,0.0
sensation,0.0
schmutz,0.006919803544881815
loswerden,-0.004335260115606936
behütet,0.0007369196757553427
freiheit,0.029386801896396766
verrat,-0.009368038132398476
zerrissen,0.00017251587785024024
bestehen,-0.049467330604316725
anstand,-0.007919224232304345
glückwunsch,-0.0021532537346492815
wiederbeleben,0.0
glorreich,0.0029620550261755573
leichtigkeit,-0.004335260115606936
ungenau,0.0007512959989095293
riesig,0.0010244461388390757
vergewaltigen,0.0
qualifiziert,0.0
umjubelt,-0.000722543352601156
heuchler,0.0022682643198827742
stifter,0.0007369196757553427
glänzend,-0.0005968836391053028
fest,0.023048440754639854
bedauerlich,-0.002167630057803468
kritisch,-0.000722543352601156
einschüchternd,-0.000722543352601156
lebensgefährlich,-0.001445086705202312
zufügen,-0.013728323699421965
versöhnung,0.0007800486452179027
eklatant,-0.000722543352601156
inflation,0.0
horror,0.0
zulässigkeit,0.0
geizhals,-0.0014307103820481253
angesehen,-0.0036127167630057803
besonnen,-0.008670520231213872
fehlerfrei,0.0
vergolden,0.0015600972904358055
sauber,-0.02666222243047184
hässlich,-0.0033683192693846065
finte,0.0007369196757553427
unwahr,-0.01083815028901734
aktivität,0.0
erdrückend,-0.0007081670294469694
ungebührlich,-0.0014307103820481253
rückversichern,0.0
ermüdung,-0.002167630057803468
unkorrekt,-0.000722543352601156
angespannt,-0.000722543352601156
totschlag,-0.002167630057803468
übertrieben,-0.006502890173410405
monotonie,0.0
einzigartig,0.0
anlocken,0.0007512959989095293
vorwand,-0.007933600555458529
wohlgeordnet,-0.001445086705202312
wagen,-0.033453171523379094
herzlich,-0.028585454994654137
hektik,0.0
bußgeld,0.0
erfahren,-0.08938345807012238
wundervoll,0.0010819514314558236
autonom,0.0
effektvoll,0.0
vergöttert,-0.000722543352601156
arroganz,0.0
besondere,-0.017341040462427744
agitation,0.0
verzeihen,-0.029279245700946917
qualitätsvoll,0.0
verärgern,0.0
wegfallen,0.0
suboptimal,0.0
top,-0.040045514374193326
zugabe,0.0
dunkelheit,-0.0033251902999220494
dekadent,0.0
verantwortlich,-0.004335260115606936
enttäuschend,-0.000722543352601156
machtlos,8.625793892512012e-05
bedauernswert,-0.002890173410404624
unbefriedigt,-0.002138877411495095
hassen,0.028419861050174435
eifer,-0.034987710905985236
interessenvertretung,0.0
aufmunternd,-0.000722543352601156
bewundernswert,-0.000722543352601156
vorbehaltlos,0.0
vernichten,-0.008339864798667582
fantasievoll,0.0
albtraum,0.0007369196757553427
erschütterung,-0.004335260115606936
linderung,0.0014738393515106854
unschätzbar,0.0007369196757553427
pessimismus,-0.000722543352601156
wohltätig,-0.002890173410404624
rezession,0.0
hochrangig,0.0
erniedrigung,0.0
schamlos,0.0007800486452179027
richtig,-0.10829524495124829
detailliert,0.0
gleichwertig,0.0
anziehen,-0.02882985248827531
kriminalität,0.0
gerechtfertigt,-0.000722543352601156
gefragt,-0.0021532537346492815
kündigung,-0.005043427145053906
visionär,0.0
schwerwiegend,0.0
gift,0.01093505735620482
mißbrauchen,0.0
verspielen,1.437632315418665e-05
überfallen,-0.017934196906641223
feuer,0.07852294461175408
innovativ,0.0
absinken,0.001488215674664872
unternehmerisch,0.0
erschießen,-0.01070876338062966
beneidenswert,1.437632315418665e-05
konkret,0.0
unsozial,0.0
erleuchten,0.006891050898573441
furchtlos,-0.0006650380599844095
macht,0.11668462819633586
zweifelhaft,-0.006459761203947844
begehrt,0.003799608964010207
rächen,0.0010244461388390757
auskommen,-0.023107010960082806
toppen,0.0007369196757553427
haarsträubend,-0.000722543352601156
zwieträchtig,0.0
mondän,-0.000722543352601156
unwirtschaftlichkeit,0.0
dienlich,-0.000722543352601156
falsch,-0.001898207112765747
beklagenswert,-0.000722543352601156
überfluß,0.0014738393515106854
reinigung,-0.006502890173410405
unrecht,-0.03091122460715366
entwürdigend,0.0
übersichtlich,-0.000722543352601156
einhaltung,0.0
begnadet,1.437632315418665e-05
wiederaufleben,0.0
faul,0.010575649277350156
begrenzt,0.004493399670302989
ankurbeln,0.0
rabiat,-0.000722543352601156
aufwertung,0.0
erwünscht,-0.006445384880793659
ausgrenzung,0.0
garstig,-0.0035983404398515933
robust,-0.0007081670294469694
erstaunlich,-0.0064885138502562174
pech,-0.0006075327673676634
effizienz,0.0
wegweisend,0.0
wertlosigkeit,0.0
blockade,0.0
müdigkeit,0.0009238118767597673
ambivalenz,0.0
rasend,0.0003737844020088518
besteuern,0.0
wutentbrannt,1.437632315418665e-05
maßlos,-0.002138877411495095
unverzichtbarkeit,0.0
wertschätzung,-0.001445086705202312
verstärken,-0.0014307103820481253
vorzeitig,0.0
niedergleitend,0.0
betrüger,-0.004335260115606936
ungebrochen,0.0029476787030213707
abfällig,-0.000722543352601156
anhebung,0.0
kritiker,0.0007369196757553427
problemlos,0.0
beleidigend,-0.0036127167630057803
schmücken,0.08009049629197354
erleuchtung,0.0007512959989095293
komplett,0.0
simpel,-0.0007081670294469694
welken,0.04655532648097427
mutlos,-0.005780346820809248
möglichkeit,-0.0267053513999344
unverhältnismäßigkeit,0.0
kommod,-0.0006794143831385961
empören,-0.003497706177772288
bravourös,0.0
geschick,0.013778374602255061
genehmigen,-0.000722543352601156
hilfe,-0.045290210043405846
entlastung,-0.000722543352601156
lügner,-0.007919224232304345
miteinander,-0.03247132189758946
wohlbehalten,-0.002167630057803468
kompetent,0.0
verstoßen,0.01114005307525526
risiko,0.0
aufrichtig,-0.022398843930635837
verirren,0.0053022009618292655
abfuhr,0.0
deformieren,0.0
sinken,0.2290558269900026
verschönern,-0.001445086705202312
barriere,-0.000722543352601156
besorgt,-0.0267053513999344
skeptisch,-0.000722543352601156
dynamik,0.0
engagiert,0.0
unfein,-0.000722543352601156
abweichen,-0.0036127167630057803
privileg,0.0
infektion,0.0
gleichstellung,0.0
mutlosigkeit,0.0
täuschung,0.0010388224619932614
erben,0.13600587405914952
fulminant,0.0
unbegrenzt,0.005172814053441586
schätzen,0.0025557907829665064
illegal,0.0
flüchtend,-0.0014307103820481253
beunruhigend,-0.0036127167630057803
gewinner,0.0007512959989095293
instabilität,0.0
komfort,0.0
verstärkung,-0.000722543352601156
blendend,0.011240687337334564
kurieren,-0.005780346820809248
upgrade,0.0
romantik,0.0007369196757553427
ermüden,-0.004870911267203666
unsolidarisch,0.0
schlank,0.060988090014951375
mißlingen,0.0
behinderung,0.0
belebtheit,0.0
unwissend,-0.00427775482299019
stress,0.0
bärenstark,0.0
entlasten,0.001488215674664872
herausforderung,-0.000722543352601156
abfall,-0.0028470444409420645
töten,-0.030030541699856448
getreu,0.01267139771938269
vorsorge,-0.000722543352601156
einbehalten,0.0
zurückgeben,-0.005751594174500875
unfehlbarkeit,0.0
undankbarkeit,-0.000722543352601156
wirksam,-0.002167630057803468
widerstandsfähigkeit,0.0
aufrühren,-0.001445086705202312
überwältigend,-0.001445086705202312
bereitstellen,-0.000722543352601156
einschränken,-0.0072254335260115606
wachsamkeit,-0.0014307103820481253
zuverlässig,-0.005780346820809248
zwangsmaßnahme,0.0
investieren,0.0
erschöpfung,-0.002890173410404624
hurra,0.009608708431127828
verhängnis,-0.0050002981755913455
bewunderer,-0.002890173410404624
moralisch,-0.005765970497655062
ziel,0.08726907365363071
begrenzen,1.437632315418665e-05
senkung,4.312896946256006e-05
kinderleicht,0.0
interessant,-0.021661924254880494
zerstören,0.0003450317557004805
wunder,0.07164201038502988
streiken,0.0
verwüstung,-0.0021532537346492815
driften,0.0
unschuld,-0.010162463100770569
mild,0.1879682954153373
makellos,4.312896946256006e-05
vorsicht,-0.046041506042315376
vereiteln,-0.002167630057803468
inspirierend,0.0
vorankommen,-0.000722543352601156
ungedeckt,-0.000722543352601156
erstrangig,0.0
vermachen,0.0007512959989095293
wirkungslos,0.0
unsinnig,-0.00432088379245275
hysterisch,-0.000722543352601156
unsäglich,0.00015813955469605283
brillieren,-0.000722543352601156
beschämung,-0.002167630057803468
überwinden,-0.007732332031299919
zielstrebig,0.0
geärgert,-0.000722543352601156
gerecht,-0.021345645145488392
entbinden,0.002976431349329744
ausbilden,-0.0036127167630057803
wahren,0.00039880985342539976
bereicherung,0.0
zerschlagen,0.010460638692116664
unzureichend,-0.000722543352601156
stützen,-0.024943985585339983
erpressung,0.0
vernichtend,0.0015025919978190587
ansehnlich,-0.008670520231213872
anstrengend,-0.001445086705202312
moral,-0.006459761203947844
hölle,0.011671977031960164
geduldig,-0.015637179940450073
hochdruckgebiet,0.0
umfassend,0.0029620550261755573
schlauheit,-0.0028757970872504376
reinheit,0.003062689288254864
brennen,0.08060431673063242
wirtschaftlich,-0.001445086705202312
krach,0.016485383006547085
schäbig,-0.002890173410404624
missverstehen,-0.000722543352601156
aggressivität,0.0
premium,0.0
integrität,0.0
anheiterung,0.0
kraftvoll,0.002976431349329744
unverlangt,0.0
großzügig,0.0
massiv,-0.000722543352601156
nachlässig,-0.013685194729959405
verschwenden,0.004565281286073922
unvollständig,0.0
überschwänglichkeit,0.0
verschleppen,0.0007369196757553427
applaudieren,0.0007369196757553427
schmackhaft,0.0
antiquiert,0.0
flüchtigkeit,0.0
fürchterlich,-0.014235222204710324
undankbar,-0.0014163340588939388
greifbar,2.87526463083733e-05
kurzsichtig,1.437632315418665e-05
bevormunden,0.0
borniert,0.0
verbeulen,0.0
subventionieren,0.0
unangemessen,0.0
bereichern,-0.0021532537346492815
unwiderstehlich,-0.007904847909150158
blöde,0.002210759027266028
entschlossen,-0.020173708580215624
terrorisieren,0.0
genialität,0.0
niedergang,0.000765672322063716
bombardierung,0.0
isolation,0.0
verlobung,-0.013728323699421965
spenden,0.02147130485898424
populär,1.437632315418665e-05
geschmacklosigkeit,-0.000722543352601156
gewinnbringend,0.0
unzivilisiert,0.0
flüchtig,0.024936531195556333
begeisterung,-0.007124799263932256
nützen,-0.009119913443885483
abdankung,0.0
gauner,-0.0007081670294469694
sensationell,0.0
kostspielig,-0.0050578034682080926
potent,0.0007369196757553427
minderwertigkeit,0.0
unerträglich,-0.01154631731846431
zugänglichkeit,0.0
verfall,-0.005420938741954581
neu,0.020251447216530882
launisch,-0.002890173410404624
uneinsichtig,0.0
nachhaltig,-0.001445086705202312
wohlwollen,-0.011560693641618497
ablenken,0.0007512959989095293
blühen,0.2189908034128326
zerstört,4.312896946256006e-05
undurchsichtig,0.0007369196757553427
ungeduldig,-0.018742998198167497
himmlisch,0.04318700721158966
flau,0.006125378576509728
rücksichtslos,-0.007876095262841783
vitalität,0.0
wiederkehr,0.008336137603775754
bedürftige,-0.0007081670294469694
hochwertigkeit,0.0
absenkung,0.0
vereinen,0.03914300075395828
unverhältnismäßig,-0.0007081670294469694
sympathisch,-0.002167630057803468
annäherung,-0.004335260115606936
außergewöhnlich,-0.004335260115606936
anerkannt,-0.002890173410404624
verweigerung,-0.000722543352601156
unangenehm,-0.016618497109826588
würgen,0.0016894841988234852
überschwemmen,0.0007369196757553427
aktiv,-0.000722543352601156
heucheln,5.75052926167466e-05
tyrannisch,-0.0007081670294469694
verkrüppeln,0.0
renovierung,0.0
flexibel,0.0
hörenswert,0.0
puppig,0.0
reif,0.005559909865778367
angriff,-0.00859863861544294
treu,0.20461873990995097
gewalt,0.036633533678933045
chaos,0.006646653404952271
absteigen,-0.007904847909150158
diffus,0.0
erschüttert,0.0007800486452179027
weichheit,-0.0007081670294469694
einflussreich,-0.000722543352601156
mitmenschlich,0.0
befürchtung,-0.006502890173410405
fehlermeldung,0.0
charakterstark,0.0
einmalig,-0.001445086705202312
schlitterbahn,0.0
dissens,0.0
schlimm,-0.0349158292902143
quicklebendig,0.0
dunkel,0.29999392999689045
matt,0.11784591563334626
pleite,0.0
irre,0.10815787119666383
abbau,-0.001445086705202312
logisch,1.437632315418665e-05
unrentabilität,0.0
vorbereitung,-0.02023121387283237
unterwerfen,-0.012977027700512435
wohltat,-0.0035983404398515933
durchdacht,0.0007369196757553427
mobilisieren,-0.000722543352601156
menschenwürde,0.0014738393515106854
oberflächlichkeit,-0.000722543352601156
schulden,-0.0005787801210592894
befriedigen,-0.02089625193281678
zeitverschwendung,-0.000722543352601156
enthusiastisch,-0.0007081670294469694
reich,0.13426900123955854
verschwörung,-0.001445086705202312
bestmöglich,0.0
praktikabilität,0.0
bizarr,-0.000722543352601156
überparteilichkeit,0.0
geschenk,-0.017847938967716102
ausfallen,-0.0050578034682080926
überfluten,-0.001445086705202312
grauenvoll,0.006646653404952271
vernünftig,-0.023078258313774434
konkurs,-0.002167630057803468
genehm,-0.06281814270683801
heilung,-0.0035695877935432202
barbarisch,0.0007369196757553427
wohlstand,-0.0014307103820481253
ermorden,-0.0057084652050383156
kurseinbruch,0.0
anspruchsvoll,-0.002890173410404624
schmuggel,-0.000722543352601156
kürzung,0.0
anschießen,0.0007369196757553427
sprung,-0.009411167101861038
ambivalent,0.0
scheiß,0.0
unzweifelhaft,-0.0036127167630057803
ehebrechen,0.0
manipulieren,0.0
festigkeit,-0.0006794143831385961
schmerzen,0.044445201715787544
hilfreich,-0.0021532537346492815
legal,0.0007369196757553427
nutzlos,-0.0006362854136760365
ertrag,-0.03920796043635867
ertrinken,0.008958046694297606
verdammen,0.0031345709040257966
statisch,-0.000722543352601156
funktionsfähigkeit,0.0
beschneidung,0.0
launenhaftigkeit,0.0
verkleinerung,0.0
verherrlichung,0.0
hilfsbereit,0.0
vorsorgen,0.0
betäuben,0.0010100698156848883
anständig,-0.019508670520231215
bedarfsgerecht,0.0
belastbar,0.0
erneuern,-0.0006650380599844095
gruselig,-0.000722543352601156
missbrauchen,-0.0014307103820481253
unbedingt,-0.0166041207866724
agil,0.0007369196757553427
diskretion,-0.002167630057803468
besserung,-0.007947976878612716
zerstörung,0.0052159430229041445
ausbeuten,-0.002167630057803468
friedlich,0.016514135652855456
kreativität,0.0
überragend,0.0
kapitulieren,0.0
dilettantisch,0.0
unwichtig,-0.000722543352601156
faulheit,-0.002167630057803468
erleichtern,-0.01369957105311359
richtigstellen,0.0
exzellenz,-0.000722543352601156
abstimmen,-0.000722543352601156
schirmherr,0.0
zusammenbrechen,0.002253887996728588
abschätzig,0.0
güte,0.005082828919624645
vielfältig,-0.0050290508218997195
mangeln,-0.004306507469298563
erfolg,-0.06751653809619144
lindern,0.006704158697569016
genießbar,0.0
demütigen,-0.004335260115606936
unsinn,-0.017312287816119373
vergammelt,0.0
imponierend,-0.001445086705202312
hungrig,0.0046227865786906686
gewaltfrei,0.0
entlassung,-0.0036127167630057803
wille,-0.04408259889845417
ordnungsmäßigkeit,0.0
erschaffen,0.001196962016689316
verminderung,0.0
reibungslos,0.0
anteilig,0.0
bejubelt,0.0
unangefochten,-0.0007081670294469694
vermehrt,-0.000722543352601156
anspannen,-0.005780346820809248
negativ,0.0
fördern,-0.007110422940778068
herrlichkeit,0.021007535323158442
elend,0.022448894833468937
entlassen,-0.02231258599171072
unbrauchbar,-0.001445086705202312
auflösen,-0.007182304556549002
aufwärtstrend,0.0
fehde,0.006646653404952271
trugschluß,0.0
abschreiben,-0.005780346820809248
gratulieren,-0.005780346820809248
verlangsamung,0.0
gnadenlos,0.0007369196757553427
anerkennung,-0.005765970497655062
wankelmütig,0.0014738393515106854
rechtlich,-0.008656143908059686
widernatürlichkeit,0.0
erlaubnis,-0.013713947376267778
vollkommen,-0.04401763921605377
lieb,0.31083793730645204
knurrig,0.0
aufrecht,-0.007746708354454106
zauberhaft,0.003713351025085086
fallen,-0.026469473208923122
strafbar,-0.000722543352601156
heiterkeit,-0.0027176575325543843
langweiler,0.0
genuss,0.0012975962787686209
durchhalten,0.0
barmherzig,-0.007009788678698763
widersinnig,-0.000722543352601156
vielseitig,0.0
herausragen,0.0
überlegung,-0.01300578034682081
gangster,0.0
erweiterung,0.0
stärke,0.00424527498178999
genießen,0.02432899842818867
teuflisch,-0.0006650380599844095
zweideutig,-0.002890173410404624
handlich,-0.0014307103820481253
nötigen,-0.015173410404624277
akzeptabel,0.0
bombardement,-0.000722543352601156
löblich,-0.0028757970872504376
bombig,0.0
vorteilhaft,-0.008670520231213872
glatt,0.015255941148657567
unbegründet,-0.001445086705202312
herrlich,0.03648977044739117
auflösung,-0.002167630057803468
ungeeignet,-0.001445086705202312
hochgestellt,-0.000722543352601156
missgelaunt,0.0
unaufhörlich,-0.012933898731049874
stiften,-0.0013444524431230065
schal,0.1617948679721078
zahlungsunfähig,0.0
verbessern,-0.00939306358381503
unterbelichten,0.0
tauglich,-0.0014307103820481253
weise,-0.09361861638006314
wohltäter,-0.002167630057803468
rückläufig,0.0
höhepunkt,0.0
anteil,-0.008670520231213872
erschöpft,0.0030770656114090505
harmonisieren,0.0
traditionell,0.0
motivation,0.0
gelungen,-0.0014307103820481253
schlecht,-0.012481310779899557
idyllisch,0.0007369196757553427
einträglich,0.0
verlierer,0.0
unscharf,0.0
beschuldigen,-0.001445086705202312
scheiss,0.0
behaglich,-0.008454875383901075
menschenunwürdig,0.0
scheitern,-0.0028470444409420645
teufelskreis,0.0
konsultieren,0.0
überzeugend,-0.001445086705202312
beanstandet,0.0
beschleunigung,-0.002167630057803468
abbauen,0.0
mittellos,0.0
unübertroffen,0.0
potenz,-0.000722543352601156
annehmlichkeit,-0.004335260115606936
exorbitant,0.0
investition,0.0
energielosigkeit,0.0
zerrung,-0.000722543352601156
schockierend,0.0
behutsam,-0.004249002176681816
unparteiisch,0.0
kritik,0.0022251353504202146
untergang,0.0024264038745788266
schande,0.0076567232206371585
happig,0.0
unzulässig,-0.000722543352601156
herzlos,-0.0006506617368302226
stocken,0.0004887949872423442
agilität,0.0
strahlend,0.02242386938205239
heilen,0.010068750772061798
rückgrat,0.0
überraschend,-0.0064885138502562174
schnell,-0.005277707966825834
absturz,0.0007369196757553427
bombardieren,0.0
abbrechen,-0.0064885138502562174
ausdauern,-0.004335260115606936
auseinanderfallen,0.0
ermutigend,-0.000722543352601156
verdrängen,0.001531344644127432
ausradieren,0.0
unfähig,-0.0021532537346492815
rücksendung,0.0
handfest,-0.002890173410404624
wunderschön,0.005345329931291824
leuchtend,0.10516014159080937
kooperieren,0.0
trott,-0.004335260115606936
schutz,-0.016924127090956337
prächtigkeit,0.0
grundlegend,0.0
dufte,0.07199875618181896
monumental,0.0
exklusiv,0.0
anständigkeit,-0.000722543352601156
widerstandsfähig,-0.000722543352601156
allererste,0.0
sichern,-0.0410699605130324
oase,-0.0006506617368302226
einschlagen,-0.012268860671065467
kollabieren,0.0
schreck,-0.042170547918947365
maximieren,0.0
klobig,0.0
ernsthaft,-0.030968729899770408
erfrischend,-0.0014307103820481253
aufschrei,-0.003468953531463914
aufreibend,0.0
respektabel,-0.001445086705202312
torheit,-0.003540835147234847
verschwendung,-0.0028614207640962506
niedrig,-0.01502964717308241
qualifizieren,0.0
frechheit,-0.002890173410404624
ideal,0.0052734483155208916
intolerant,0.0
fehlleistung,0.0
alarm,-0.0007081670294469694
problem,0.0007369196757553427
angemessenheit,0.0
schuldner,-0.0021532537346492815
umweltschädlich,0.0
dramatisch,-0.000722543352601156
versicherung,-0.008670520231213872
bewunderung,-0.014450867052023121
leistungsunfähig,0.0
wohnlich,-0.001445086705202312
entspannen,0.0
makel,0.00010063426207930579
bedrohen,0.005244695669212519
preisgünstig,0.0
nörgeln,1.437632315418665e-05
schutzmaßnahme,0.0
zurückgeschickt,0.0
führend,-0.007182304556549002
starr,0.11659837025741074
besitzen,-0.045667721640306524
unmöglich,-0.05485578950507111
bruch,-0.032935091433415255
überschäumen,0.0014738393515106854
schatz,0.03191384003305489
trostlos,-0.00414836791460251
ehre,-0.06652936390627062
bekloppt,0.0
unwissenheit,-0.002167630057803468
anspruch,-0.025997184370487432
verbündete,-0.005765970497655062
cleverness,0.0
inkorrekt,0.0
rückfall,-0.005043427145053906
stur,0.27084833085563614
bedarft,0.0
ersprießlich,-0.0014163340588939388
triumphieren,-0.006502890173410405
renovieren,0.0
verletzlich,-0.0007081670294469694
verstopfen,-0.0028757970872504376
wohlgefallen,-0.0071391755870864404
misstrauen,-0.015173410404624277
aktualisierung,0.0
konsolidierung,0.0
rücksichtslosigkeit,0.000765672322063716
wirtschaftskrise,0.0
beule,1.437632315418665e-05
untreue,-0.002167630057803468
wohlhabend,-0.002890173410404624
tabu,0.0
übersehen,-0.005751594174500875
feind,-0.00963426633895749
stilvoll,0.0
verteidigung,-0.002890173410404624
leiden,0.02171144270130046
drosseln,0.0014738393515106854
habgierig,0.0
unklarheit,0.0
erholen,-0.07508700337790349
fragwürdig,-0.001445086705202312
flott,-0.0013732050894313791
absperren,-0.000722543352601156
bestrafung,-0.000722543352601156
unwirksam,-0.001445086705202312
fleiß,0.009446841681539947
positivität,0.0
selbstständigkeit,0.0
verlogen,-0.0021532537346492815
schillernd,0.004479023347148803
sorgsam,0.0008950592304513959
fein,0.018720635028816546
glühend,0.06396452136428113
infiltration,0.0
klären,-0.01614780564063025
leblosigkeit,0.0
grenzenlosigkeit,0.0
unwirtschaftlich,0.0
mittelmäßig,-0.002890173410404624
unanständig,-0.004335260115606936
wohlig,0.005952862698659488
unfreundlich,-0.004335260115606936
leider,-0.025709657907403698
ungeübt,0.0007369196757553427
schuldhaft,0.0
unbehaglichkeit,0.0
fantastisch,0.0
ungeheuer,-0.004382116279961323
süß,0.3825401152661643
frei,0.014431698621150846
flink,0.012006359659398282
vorurteil,-0.002890173410404624
mörderisch,0.002253887996728588
unterdrückung,-0.002167630057803468
peinlich,-0.021618795285417935
unklug,-0.0036127167630057803
unschlagbar,0.0
zwang,0.004694668194461602
sklavenarbeit,0.002210759027266028
vorbereiten,-0.010072477966953626
unsicher,-0.007919224232304345
langsam,0.0011176260111347286
abmachen,-0.0028757970872504376
hartnäckigkeit,-0.000722543352601156
tyrannei,0.0036989747019309
geistlos,-0.0021532537346492815
abgebrochen,-0.0050578034682080926
wachsen,0.048237356290014105
wackeln,-0.0013732050894313791
mustergültig,-0.000722543352601156
loyal,1.437632315418665e-05
unerschrocken,2.87526463083733e-05
stimulation,0.0
sonnendurchflutet,0.0
übereinstimmung,-0.000722543352601156
vital,0.0
unmenschlichkeit,0.0
sauer,0.0009381881999139547
widerspenstig,-0.0050578034682080926
quälen,0.005140334212241381
zuverlässigkeit,0.0
traumhaft,0.014030226485659885
vorwurf,-0.022283833345402345
unordnung,-0.00939306358381503
übermäßig,-0.002167630057803468
ominös,0.0
leutselig,-0.0014307103820481253
stillstand,-0.001445086705202312
zweifel,-0.047044653924629726
entfremden,-0.002124501088340908
überleben,-0.0028757970872504376
leichtgläubig,-0.0007081670294469694
desinteressiert,0.0
erfolgreich,-0.001445086705202312
majestätisch,-0.0013732050894313791
rational,0.0
qualifikation,0.0
gehandicapt,0.0
umständlich,-0.004335260115606936
komfortabel,0.0
scheußlich,-0.002890173410404624
scheisse,0.0
aufgebracht,1.437632315418665e-05
vernunft,-0.012948275054204062
tatkräftig,-0.001445086705202312
satt,0.024357751074497037
ineffizienz,0.0
misslingen,-0.0014163340588939388
gnadenlosigkeit,0.0
harsch,0.001488215674664872
härte,-0.0005787801210592894
unerreicht,0.0007512959989095293
düster,0.08720091923275161
dummkopf,-0.0007081670294469694
allumfassend,0.0014738393515106854
gepflegt,0.002253887996728588
unbeliebtheit,0.0
aufmunterung,-0.000722543352601156
unfair,0.0
fehlerhaft,0.0
zusammenbruch,-0.001445086705202312
belasten,2.87526463083733e-05
rückwärts,0.006168507545972285
gönnen,-0.0009562917179599673
tierisch,-0.002167630057803468
genauigkeit,-0.0036127167630057803
perfektionismus,0.0
vorwerfen,-0.0050578034682080926
gemeinschaftlich,-0.008670520231213872
grässlich,0.00457965760922811
schädlich,-0.010115606936416185
fähig,-0.03247132189758946
groggy,0.0
empfehlenswert,0.0
optimal,0.0
kostbar,-0.019422412581306094
unaufgefordert,0.0
verurteilen,-0.003583964116697407
aussichtsreich,0.0
glaubwürdigkeit,0.0
geordnet,-0.005737217851346689
