in+die,0.13857294510160745
herz,0.3053533515316955
zu+die,0.2493807501769285
seele,0.3276795192599332
nacht,0.35227100394297844
von+die,0.35963249418663434
auge,0.3317274361974089
licht,0.35358848953594174
ewig,0.37127396960199505
tief,0.36808083105853806
süß,0.3824792511098244
an+die,0.3494559447983015
himmel,0.3568920463824923
liegen,0.34109336409723123
brust,0.34677863714487916
hand,0.32054827305125877
sonne,0.32597927706114294
lied,0.3331332356013884
wild,0.3353936193988155
fühlen,0.32875625568698813
stehen,0.30393340988199946
geist,0.3068690200457716
tod,0.3120590523664465
dunkel,0.3123704630472146
schön,0.3076660600545951
traum,0.31225939665430114
stern,0.313748329008414
empor,0.3115914359374323
schmerz,0.31268041479715103
lust,0.31420546456374476
singen,0.31233733990822543
kind,0.3060251270094025
voll,0.3023191422872951
heiß,0.300632593801852
luft,0.2990792495342086
lippe,0.29836520153001045
schauen,0.29616143668691436
euer,0.293773346583018
leise,0.29151063904248614
blut,0.29566651501364877
mund,0.29290069686411146
brechen,0.2915091461212936
heilig,0.29214366831016214
wolke,0.29243871839413244
sturm,0.29492889158494257
weib,0.2907035875829147
land,0.2895519943985183
bleiben,0.28028084243251444
blick,0.27364703843320765
nimmer,0.27371966939642095
arm,0.27204692917506706
heben,0.268485992510674
glück,0.2661714337219084
rufen,0.2596671777935047
einst,0.25788078694129646
tragen,0.2547618370596647
fuß,0.25236824811497965
finden,0.24593511081129132
sinken,0.24745467116999015
fern,0.24621499342836917
flamme,0.250538554672156
schlagen,0.24875039136262678
still,0.2471255133334297
sterben,0.24668821798225665
küssen,0.24540287207484657
stirn,0.24479784193159987
stolz,0.24409486914834383
wald,0.2441769701511178
thränen,0.24445449969889183
meer,0.24557633562979334
letzt,0.24288565789642313
jung,0.239095463468473
schwer,0.2392012144706063
nieder,0.2397091131167564
ruhen,0.23915352340511578
glühen,0.24076138794438323
sehnsucht,0.240794957241727
selig,0.24186177410699705
tausend,0.24102367706737615
rauschen,0.24279861427054897
sünde,0.24190926468881177
rose,0.2418756981587104
halten,0.23545135957844113
arm|arme,0.23454064481418893
gluth,0.2361681296722511
kraft,0.23573491757834822
hell,0.23580105041504118
mond,0.2357640037775388
blume,0.23532714452703
baum,0.23498255990294206
werfen,0.2326861415805911
alt,0.22950355890071342
ohr,0.22972211622817745
dumpf,0.22975512877599882
busen,0.22934545759302713
staub,0.2299186128803963
menschheit,0.2292962361909765
mutter,0.22763601573477435
suchen,0.22491463773310905
qual,0.22581759933272674
rings,0.22547706886248223
stumm,0.2257204633445735
klingen,0.22624311303892036
blau,0.22533852161638784
wind,0.22668389011655618
schweigen,0.2251698585334867
zeihen|ziehen,0.22482241006409112
stein,0.22389970820836
vergessen,0.22296071908574103
fliegen,0.22240294206854716
fest,0.22032587637683176
bruder,0.2191387801139564
stimme,0.21697101280058834
duft,0.2191951481676591
kalt,0.2185516147749601
schein,0.21641670065786034
tiefe,0.21626741093301602
nebel,0.21682204675025576
müde,0.21674609334179534
noth,0.21703126579718937
fenster,0.21566343808671548
treten,0.21282030484742712
natur,0.21190827581615215
ricciolella,0.21041535193284217
fassen,0.2094758871701547
schweben,0.20951029916566768
schwarz,0.20918100802686287
bild,0.20839434997725206
antlitz,0.20829938774502543
aug,0.20833143767060963
drängen,0.20790471096787042
wandeln,0.20775314565123482
wange,0.2075766360852085
sinn,0.20717584733294403
volk,0.2061200417888316
kampf,0.20598605684311944
stunde,0.2047495621987695
heuen,0.20413292936485958
're,0.2050371986305405
schatten,0.20486548918930628
treiben,0.20373144401637422
schreiten,0.20306699539060263
haar,0.2030484112490482
tönen,0.20284433660229836
längst,0.2021517732944265
elend,0.2015546511772845
gedanke,0.2000850082222759
strahl,0.20153763863954946
hinaus,0.20028147410804617
frieden,0.19969896875947832
schreien,0.1989356167657935
trinken,0.1982899376227192
denken,0.19582480904605298
blicken,0.19474056993961456
leuchtend,0.1948140782920935
glied,0.19446097073485605
feuer,0.19453387464767238
wunde,0.1941540161174524
tanzen,0.19303283144768543
dirne,0.19266283742796483
gold,0.19408901749567173
beben,0.194288812875154
steigen,0.19300916802968307
grau,0.19372644292298244
fahren,0.19177064089484475
neigen,0.1912739675718342
einsam,0.19109858081834508
weinen,0.1908210205525947
weben,0.19189490894537442
hold,0.1920238318257239
wein,0.1920080189858936
reich,0.19134389702407403
kennen,0.1895506030179827
weich,0.18980410177834955
lauschen,0.18965390614844663
glanz,0.18990167542118178
deutsch,0.1889943605640464
lächeln,0.18873260676202067
verlieren,0.1876139515693122
sanft,0.18722460233208643
schönheit,0.18684353514076918
blass,0.18663080739400123
bleich,0.18691648808073577
weh,0.18763568411995096
lächelnd,0.18741402913377436
wasser,0.1865845783556899
fallen,0.1857157454759553
fallen|fällen,0.18545006259720312
blühen,0.18576993194069324
grab,0.18588050540363646
flammend,0.18576492273636036
hirn,0.1857923238297442
schwert,0.18576168710446458
zerbrechen,0.1854069538380721
träumen,0.18572857609481813
leiden,0.1849520745513856
bangen,0.18475359848747286
kreuz,0.18439044294936013
hängen,0.18379964731147397
strom,0.18382108735213828
welle,0.18437753226587716
medardus,0.18364157559978017
trüb,0.18364209290129407
treu,0.1831695257720923
stark,0.18248731293045412
frühling,0.18266817657122836
streben,0.18266148115912723
reißen,0.1821792939677096
schaffen,0.18164349060259216
blatt,0.1815402169360313
rein,0.1811624670999199
sitzen,0.17947365672624052
ferne,0.17899550523238508
schlafen,0.1782830043738431
jauchzend,0.17803720436478546
sprühen,0.17788372426111282
thal,0.1773254452798173
vater,0.1763218508346481
stets,0.1758616695958551
fahl,0.1758329714340861
held,0.1754704331512125
schwinden,0.1751053544445264
ziehen,0.1743096727423082
kuss,0.1740617823562546
versinken,0.1739261281299498
grund,0.17326944446681214
springen,0.17261194932250515
scheinen,0.17090796258161325
abend,0.1700176851259515
glauben,0.1687360709999868
hinein,0.16788268096275374
schallen,0.16766458601340822
schauer,0.16783156361421034
pracht,0.16797070439586362
düster,0.16793490536206354
plötzlich,0.16699728309762857
gebären,0.16683639646834036
wallen,0.16678797315104388
stürzen,0.16643791807691283
gewaltig,0.16624417083712467
mark,0.166088292890431
wagen,0.1654942541052848
glühend,0.16542574868536183
laut,0.1648047218783096
erwachen,0.16437972368201148
grün,0.1642177940773948
klang,0.16417843665999882
,0.16376844296378915
hauch,0.16412389016179976
herab,0.1637691841067637
nackt,0.16366819648914202
fliehen,0.1632953207822407
flammen,0.16427251208129082
zitternd,0.16411849295111997
kühn,0.16403400001189433
kranz,0.16403613844024872
heimlich,0.16349803323148385
entgegen,0.16299723674094138
schöne,0.16267633322910846
blitz,0.1631408798208161
krank,0.16287926328009789
berg,0.1624551118643597
grüßen,0.16211916640430118
erheben,0.16134358829422524
schrei,0.1613418573774901
fragen,0.15976018298703992
fluch,0.1597880379280222
rollen,0.15981349225211522
dichter,0.15964066409363925
lachen,0.15910620204675407
wenden,0.158302317213345
blitzen,0.15825194528448322
wohin,0.15771934692544334
gesang,0.15753144032730487
dringen,0.15715050872694186
wonne,0.1572132851340481
todt,0.1574776982466283
bei+die,0.1568679314964771
gesicht,0.15634495299843565
muth,0.15685837232982364
wahrheit,0.1566011023717237
führen,0.15572439053771212
dennoch,0.15524392557320016
zittern,0.1553743907179809
blutig,0.15523429060975158
felsen,0.15501317949566354
tanz,0.154638917863246
treffen,0.15386883698985612
hernieder,0.1538395894138847
eisen,0.1533923211278801
lesen,0.15286063973600908
thor,0.1529819294003266
spielen,0.15263332784691014
rinnen,0.152602074345055
nahen,0.15245600777285978
jugend,0.15235025032994778
ziel,0.15211308311095995
mild,0.15202585276832917
locke|locken,0.15184137956569418
fließen,0.15180599787685778
angesicht,0.1516563557729417
göttlich,0.1515118475154013
pfad,0.15140270282715257
wirr,0.15147798087974715
wider,0.15074745048901883
fremd,0.15011548674671568
woge|wogen,0.1499921827068137
legen,0.14850184790187063
schicksal,0.14824573285707413
quellen,0.1481567431780602
brünstig,0.14812263560266714
thräne,0.14867858941306392
brennen,0.14886851344188393
that,0.14874214929998128
glänzen,0.14858914549542393
flügel,0.1485076575175745
schreiben,0.14786510105257722
lenz,0.14807504392214765
heil'ge,0.14812435167146346
bange,0.14830865417424932
greifen,0.14762606334277267
finster,0.14754908471281064
herrlich,0.14731869952137744
toll,0.1471075814339261
leuchten,0.14746669466414686
freiheit,0.1472645586897179
himmlisch,0.14718128286395102
freude,0.14680474489003306
wind|winde,0.14664869878023037
blüthen,0.14687910726923464
tempel,0.14684261623906011
golden,0.14663425083409162
pochen,0.1463685591870305
folgen,0.14561011053416367
ragen,0.1450997401527395
schwellen,0.14518959786674757
schnell,0.14469098560061344
gottheit,0.14456890386275495
flüstern,0.14441924722841806
giebt,0.14414256944816142
bunt,0.14395568218508425
ton,0.14380225821099105
füllen,0.1435935774283716
gelten,0.14322123133433493
lieblich,0.1430832487153451
brennend,0.14295888406170612
weichen,0.14285987435962652
fluth,0.14339713436806015
bauen,0.14322910556006024
klar,0.14292267862559038
heißen,0.14239251646364173
donner,0.14247515604750874
tropfen,0.14238301237024645
becher,0.14216881379922508
mächtig,0.14208093572047997
einzig,0.14176255738107169
reigen,0.14170965626165544
unendlich,0.14157254012874407
stöhnen,0.14141010271006899
schooß,0.14151185421089882
wandern,0.14129487522023293
fluthen,0.1412991908766885
sehne|sehnen,0.14119047410159166
thaten,0.1410315779913141
verdorren,0.1408810832595843
angst,0.1406234720751271
ewigkeit,0.1404862214762161
schwingen,0.14048612210046021
herein,0.14016561002734684
dicht,0.14023149628245168
segnen,0.1400352623924224
erklingen,0.14004376534875299
boden,0.1395400380230301
flattern,0.13943754977381803
gnade,0.13922004852896575
hohn,0.13901293043643803
hölle,0.13892200851348666
nennen,0.1384337793857812
träumend,0.13836077092551557
gluthen,0.13841959596443337
drücken,0.1380941036828995
jagen,0.13788688391953974
weise,0.13712377776774679
edel,0.13698202003399557
strahl|strahlen,0.13680436563739568
ruhm,0.13670940060126888
gewand,0.13673204596771474
raum,0.13740554909336508
locken,0.1375103018791719
lüge,0.13767862975665524
rosig,0.1375089498552121
blühend,0.13739874646400868
umsonst,0.13713952502120444
hoffnung,0.13684380239534788
brausen,0.1369675347362197
breit,0.13677053366543815
hammer,0.1365264411047674
nacken,0.13637550049306282
froh,0.13616293539429405
äther,0.13612441234455563
gebet,0.13594913043445372
zorn,0.13567701377854433
setzen,0.13489178447058042
starren,0.1347774904879023
draußen,0.13450897186742902
schleichen,0.13437050363743122
buch,0.13413835189312895
hinab,0.13393275303752075
glocke,0.1337644969532204
schritt,0.13341947039807067
winken,0.13327159284374868
goldne,0.13339327676528528
warm,0.1332414051661904
teufel,0.13294932884381788
wand,0.13334594063241137
lager,0.13310687454795733
gießen,0.1330121071477668
böse,0.13263194719572527
umfangen,0.1325194018139004
lernen,0.13215761623120584
zauber,0.13237358766372942
richten,0.13172708709770625
schwelgen,0.1315373026987067
sonnig,0.13140134899651484
liebste,0.13125626683794536
frisch,0.13116050335986196
zerreißen,0.13103464472350496
grinsen,0.13095029926667973
erkennen,0.13055252426271535
einsamkeit,0.13039011857149913
regen,0.13011384708168222
packen,0.129874354421528
vorbei,0.12968377543865547
zukunft,0.12952443151084145
senken,0.12940687110190735
durch+die,0.12923837141354527
schnee,0.12912421596777876
verlassen,0.1285576568847008
schütteln,0.1282677079943595
ehern,0.12816825557669506
krone,0.12802570982897254
todtenuhr,0.1277562592896051
strömen,0.1277599651095359
stürmen,0.1277128897550872
bergen,0.1275403584463915
kämpfen,0.12740634406057416
kelch,0.12727475285986378
üppig,0.12717336884992853
schöpfung,0.12705018667844764
wogen,0.12747228119839585
seite,0.12688742436684025
leis,0.12716202011214273
vogel,0.12706330124181392
jauchzen,0.12721216324011014
gelb,0.12704227452862576
fromm,0.12692700767311058
poesie,0.1268204584235121
seligkeit,0.12671259468380014
beten,0.12657567155194233
seltsam,0.1263811139243845
recken,0.1261294613455866
thür,0.12595238587618024
ew'gen,0.1258697529857302
kette,0.12576169689268196
stunde|stunden,0.125482354437563
odem,0.12547883789529043
umher,0.12522557168641402
ring|ringen,0.12513856970465248
goldnen,0.12501798656528873
saugen,0.12493385347091811
vergehen,0.12469588901188562
rauh,0.12459725199590795
wecken,0.12448997454922504
schlaf,0.12432851946981592
trunken,0.12434050891560111
wetter,0.12440812312186021
kehren,0.12400988383442414
wahnsinn,0.1239268486756694
sausen,0.12384435809614991
vorüber,0.12356849819280152
matt,0.12348339099931457
wehen,0.12359339466156206
see,0.12449798298346385
gasse,0.12438994126892215
faust,0.1242188697003524
zucken,0.12407670303842751
tarantella,0.1238769268808244
geisterhaft,0.12365641019903836
schleier,0.12363035460755363
feld,0.123451166180758
todten,0.12345107753947765
thron,0.1234527616261149
dürr,0.12333843047432018
paradies,0.12328718814429508
heiland,0.12318330407502381
frech,0.12300385950815503
schmach,0.12299467871835197
wipfel,0.1228962711629046
drehen,0.12261161692508463
sonnenschein,0.1224697831361844
lache|lachen,0.1222949914547611
kühl,0.12223829885190811
schweigend,0.12204777853956034
hervor,0.12170158447313816
knieen,0.12152951077637338
horchen,0.1212806797651716
sang,0.12145985921096163
schrecken,0.1212041966091818
drum,0.12109579137550182
stoßen,0.12078951007154454
kunst,0.12064628224555682
rollend,0.12053771361749317
beginnen,0.1200864274392043
rauch,0.11984696912297349
weihen,0.11976804450059043
glas,0.11964324656194378
zerfallen,0.11955288466333323
hehr,0.11952687771614068
traurig,0.1192746602709417
gestalt|gestalten,0.11913689747089429
liebe|lieben,0.11905635146707559
name,0.11871645911701918
leer,0.11860668717317036
verwehen,0.11851563965159165
frage,0.11783280615855683
trotzig,0.11775734306219159
höhe,0.11750993802082163
fieber,0.11752559575509416
gruft,0.11745415147986399
müd,0.11773914679439856
zart,0.11757960498244424
pressen,0.11752307149812659
schlag,0.11755043672085773
bannen,0.117450966944186
träge,0.1173260738309253
mitleid,0.1171984990878184
schimmernd,0.11710221724054766
jubelnd,0.11702584894682899
geliebte,0.11688986952213261
herb,0.11671089879688605
straße,0.11637942996405741
ruhe,0.11645213500588145
retten,0.11625991260541003
bett,0.1161426901572731
mädchen,0.11576050510194143
lösen,0.11567146456818887
hüllen,0.11575893879483813
balsam,0.11565400225597702
florenz,0.11547489907754083
grauen,0.11542000992637935
indeß,0.11531625984574878
schließen,0.11490250524191954
hass,0.11478097245509507
opfer,0.11470535378951877
tauchen,0.11465904029598296
zieh'n,0.11459734623584115
flur,0.11452028638188573
heil,0.11518376241896892
schwellend,0.11511576361228266
gebein,0.11501611990337537
schwül,0.11493352407552482
geschlecht,0.11484633123825498
starr,0.11494026002431836
schwimmen,0.11483753363793003
reichen,0.1145914695848465
traut,0.11451095652863563
thut,0.11438442248016607
zunge,0.11424712019462849
brauchen,0.1138864190857855
erinnerung,0.11373650421169695
wohnen,0.11345773794252272
dach,0.11345879439032305
schwach,0.11331596866578691
ruf,0.11312416841833828
mönch,0.11297015732352204
beugen,0.1128160227732282
spott,0.11271988373443849
allmächtig,0.1126374257083875
betend,0.11252149727365067
trauer,0.11249875801407758
erfüllen,0.11229834194440572
gestalt,0.11228313227582712
mauer,0.11210669713253538
schwester,0.11192508834307652
heran,0.11172067199137262
bebend,0.11167679067018212
erfassen,0.11154870671236408
gruß,0.11147802501346309
brausend,0.11139921536942829
wachen,0.11134541288176719
öffnen,0.11104975065780458
duftig,0.11102089635131038
dämon,0.11097171223673624
winden,0.11105200728342977
aue,0.11117775135531918
winter,0.11115002096679308
ernst,0.11080253405334224
graben,0.11073364810210559
schaar,0.11077237084555545
verklingen,0.11069883606308767
wühlen,0.11071556631173299
wußt,0.11057951732018537
wunderbar,0.11042320245904236
ziehn,0.11028705229719171
altar,0.11015645954123081
falsch,0.1099867266071466
zweig,0.10991574013418418
sieger,0.10980473551514136
streit,0.1097491910593947
erlösung,0.10968027938960903
nachtigall,0.10960551227694473
tand,0.10932500654189489
lustig,0.10911283108228796
quelle,0.10917998446915023
verklären,0.10909890365964624
brod,0.10907864883069614
freund,0.10856952000467986
ader,0.10848264284585478
wälzen,0.10839120770191533
jahrhundert,0.10830948467326114
zeigen,0.10796305942502749
könig,0.10787539973492417
bande,0.10780992959697298
eng,0.10806228394305624
blitzend,0.10795641492265697
lodernd,0.10792235002097948
pfühl,0.1078339728398394
höchste,0.10769124097567949
dröhnen,0.10767771129798105
über+die,0.10759826754480985
süße,0.10766898616472641
herrlichkeit,0.10753818680580353
scheiden,0.10740127220830273
schlacht,0.10736319055943219
stillen,0.10727985235921943
brand,0.10732684968992202
verfluchen,0.10721344602795273
sommer,0.1071638045130797
lau,0.10708936919464414
jammer,0.1070304206475584
kreis,0.10696210377987458
schwelle,0.10708448136085197
erscheinen,0.10679376628265197
drauf,0.10668736824555354
drüben,0.1065055911763807
freuen,0.10628875251072605
wiese,0.10615216095002764
stehn,0.10605501587676039
kosen,0.10600954876567528
sorge|sorgen,0.10590178133967942
morgenroth,0.1058351119366999
prior,0.10571387052925973
herüber,0.10560609301416064
besitzen,0.10536870234176375
verstummen,0.1052580185086141
grimm,0.10517379528322127
strecken,0.10499265048388162
blüthe,0.10527925935247387
buße,0.10518710277380044
schuld,0.10490873245650315
stufe,0.10479478777066394
fackel,0.10467666293719365
weisen,0.1044393218662608
verstehen,0.10409492268436804
stätte,0.10400363967242948
erde|erden,0.10390320939683997
gleiten,0.10375780603783641
erstehen,0.1034906983122018
herauf,0.10333674042579814
menschlich,0.10323682995396087
bau,0.10346230507162951
mahl,0.10330363236058754
taumel,0.10331694218842742
niemals,0.10313195545091348
langsam,0.10292314000381941
fülle,0.1029481986044333
breiten,0.10283471859516888
schoß,0.10275302791578649
löschen,0.10271792248319646
stille,0.10267405529090616
blinken,0.10261414394877735
göttin,0.10255221244408629
wahn,0.10264755527785809
dämmern,0.10262555384391622
glänzend,0.10249723814394418
schlummern,0.10245849769779225
umhüllen,0.1023956982639151
köstlich,0.10232600020455525
spur,0.10225518382590851
schmücken,0.1021469341913817
wund,0.10227347296823362
leidenschaft,0.10215066223278825
schlingen,0.10209429425762456
athmet,0.10204628323364442
hart,0.101941213180502
selten,0.10181972182130046
feind,0.10165615104205424
keck,0.10159016771346356
sinn|sinnen,0.10150159268212357
sphäre,0.10143222734953855
irren,0.101522257730518
erhellen,0.1014523044777822
geheimniß,0.10145284885479322
fangen,0.10119543076350403
zweifel,0.10104500760416195
lind,0.10111027300980116
rausch,0.10160752198968759
lerche,0.10155814907920058
fröhlich,0.10144677834660137
blank,0.10133585483175057
sinnen,0.10126931549672016
zeihen,0.10137120313666152
glaube,0.10108675977694033
jubel,0.10117258155916294
drang,0.10112848934504984
zerschlagen,0.10105465566292703
dünken,0.10095202455721337
entrücken,0.10089403467151281
stahl,0.10083520421270571
strahlen,0.10101310008256663
geselle,0.10090286655754381
adler,0.10087721923817253
blendend,0.10079784065399998
gras,0.1006884921333139
entfachen,0.10063581835106104
wonnig,0.1005926635450376
blasen,0.10050668170263577
saite,0.100444267307609
rasen,0.1003830902932499
rauschend,0.10036921277541642
jäh,0.10029860707429171
vöglein,0.10020240084130133
athem,0.10020607638263897
band,0.10018621399687108
dorn,0.10022332712278116
dampf,0.10025096410933525
zahl,0.0999997839407479
rebe,0.10013686787610976
melodie,0.10010853759291569
keule,0.10000443175204321
stammeln,0.09997622874759984
fluchen,0.0999373715956759
groll,0.09994194118312215
verdammen,0.09986748706057316
pfeil,0.0998354717426662
fernher,0.09977203258141083
funken,0.0997247254105899
stand,0.09943822998220712
schild,0.09934839314617447
phantasie,0.0992773228187241
roth,0.09948246135877066
feucht,0.09944548336172795
dichtung,0.09937129452063347
halle,0.09953408431746891
erschrecken,0.09935369199774227
heulen,0.09928247661414177
kloster,0.09916905364910818
zelle,0.09908031347759177
staunend,0.09901406057249315
sündig,0.09894099799658382
gast,0.09875919533426837
mählich,0.09868907210643256
liebend,0.09862760478468252
entlang,0.09854304921021333
zimmer,0.09821423615447594
verkünden,0.09814417589057542
trug,0.09810425324432666
priester,0.09800699697009907
strömend,0.09794231111310948
lampe,0.097854232891767
verderben,0.09773564931685332
schluchzen,0.09767407094846783
üben,0.09760811506481451
sturmwind,0.09754916281264231
umfließen,0.09747610241959943
schaudernd,0.09741610422158226
kammer,0.09729739000667117
harren,0.09723604577815931
ergreifen,0.09704792994603956
zwingen,0.09698181330346936
wehe|wehen,0.09689860840394618
jach,0.09683178519261486
berauschen,0.09679120710766513
wogend,0.09677824866297746
schimmer,0.09682552561776872
durchzittert,0.09675913545431462
flüchtig,0.09666716478998465
glücklich,0.09644439107079347
schäumend,0.09637402727755348
kund,0.09622542357263796
eitel,0.0961690070312551
wahrlich,0.0961044992693082
schnöde,0.096039484861663
begraben,0.09595859032216907
strebe|streben,0.09589792893482355
harmonie,0.09582820361284738
kaiser,0.09573722299539256
bann,0.09588276309518108
blind,0.09583796928447487
armuth,0.09577397539429783
rauben,0.09569972816054545
leuchte,0.09595563430671124
flug,0.09590953283693882
dunkeln,0.09587434472315401
erkenntniß,0.09582179451675436
herrschen,0.09570681313412975
ideal,0.0956363018612918
lehnen,0.09550618605422871
neid,0.0954420254319674
erringen,0.09535976870106383
schießen,0.09522304213335966
banner,0.09517174704276615
endlos,0.09511339653887894
garten,0.09497635871043514
zelt,0.09487919860218716
welk,0.09487731531041291
erhaben,0.09480023659355767
schooße,0.09476010086965035
waffe,0.09465719844473255
strahlend,0.09462292956642031
bitt,0.09438682491779152
sacht,0.09431779941508428
grollen,0.09427204432322031
künden,0.09428561674190422
begehren,0.09421942353471016
stumpf,0.09415800353391925
dehnen,0.0941075284078927
verhallen,0.09405408444801966
bach,0.09396742954171519
quell,0.09410362103555257
glut,0.09446842423572172
rothe,0.0944992652484193
unsterblich,0.0944690205472544
irdisch,0.09440893599951705
duften,0.09439748800851436
ahnen,0.09435271190425397
klagen,0.09428111396298508
palast,0.0942392755256641
sehnen,0.09438696752890173
hut,0.09432720673194969
schwarm,0.09429240523128979
dunst,0.09426450807867515
fels,0.09430425085388024
prophet,0.09421962573328907
gewalt,0.09431193500277282
hunger,0.0943056577331208
engel,0.09422014449828993
wachsen,0.09407758303718075
wiegen,0.0940598370292728
zahn,0.09397223857695945
lebendig,0.09390135229584136
wüst,0.09394902233642477
hof,0.09385783942985576
lachend,0.09379128726775245
mai,0.09389569997179786
zehren,0.09388079186969747
fressen,0.09380650490580703
hassen,0.09373548426096198
sterbend,0.09368182013987388
trauen,0.09354103624859808
schwanken,0.09347774892671584
hungern,0.09342098596277147
joch,0.09341004375268643
schädel,0.09335901956323932
empfinden,0.0932344783574488
hinauf,0.09306609479819641
schwinge|schwingen,0.09300718226593747
gehören,0.09271186258559311
fall,0.09247734279480631
abgrund,0.09240283748025897
aufwärts,0.09232728444987214
weltall,0.09227260047360264
saat,0.09222218921641076
sonnenlicht,0.092154498333899
berg|bergen,0.0920597729537675
sommernacht,0.0920020085368877
kleid,0.09181420845252017
läuten,0.09171788410531283
dienst,0.09160752371497789
berlin,0.09148099942785451
schwesterlein,0.09138548888904956
frucht,0.09129157046500735
reifen,0.09119747833491514
knabe,0.09109705861766558
zerstieben,0.09104336847913443
friede,0.09108689341360332
gesund,0.0910035864998381
trost,0.09090095555063707
gericht,0.09080143417013728
nähren,0.09074230744326643
genuss,0.09066137821445676
geh'n,0.09061979755342199
brunst,0.09060414452583553
schlürfen,0.09053621555491774
gold'nen,0.09048493805948525
säuseln,0.09041610896946359
schiff,0.09031123189251132
klopfen,0.09022765600502042
blenden,0.09022580695768527
spiegel,0.09014514457587705
um+die,0.0900816822342445
links,0.08994902810927358
braun,0.0898633770893436
flüsternd,0.08980454710772195
gewiss,0.08953732423750373
erinnern,0.08941405860301124
schwan,0.08942664541852387
nachtwind,0.08937732406579736
stadt,0.0892337451822222
horizont,0.08915685088342049
koth,0.08911720630836603
herrin,0.08903828041441184
sogar,0.08888907852437129
beichtiger,0.08882055100817732
schall,0.08887608539639447
klagend,0.08881283335518726
wuth,0.08878124473886408
chor,0.08874768060090278
pein,0.08867454354751889
huld,0.08852180341812715
andacht,0.08849968319174112
seufzen,0.08842312606543645
gedenken,0.08830533010245041
kranke,0.08825354234533032
bitter,0.08817452803121592
schrecklich,0.08806915328484366
platz,0.08787619600571797
schatz,0.08778718064619874
beglücken,0.0877320666633365
rückwärts,0.08766129439927467
entsetzen,0.0875690094533096
laub,0.08740636402451962
enden,0.08746317578649077
pokal,0.08742632082634332
sänger,0.08736807403911188
weisheit,0.08731315165431408
heil'gen,0.08726421354557633
sterblich,0.08726796522392588
keimen,0.08722473119946716
streifen,0.08717517617563356
veilchen,0.08714998128914413
schaurig,0.0870925613067789
erz,0.08722933233110469
umwallt,0.0871830949939082
preis,0.08710857072246214
wirken,0.08702037729218887
nero,0.08695621103182023
selbstsucht,0.08690709748921473
mantel,0.08684604230368126
donnernd,0.08680654662133039
ranken,0.08679454237306515
bluten,0.08679817468388629
öde,0.08678053532719657
furche,0.08678584384253775
trüben,0.08674864266579009
stab,0.08666795476552158
welken,0.08661683113967324
lehren,0.08652758438588128
schenken,0.08642468680251868
leiten,0.08635409163001719
raunen,0.08633358945492338
heinrich,0.08623767779818736
dienen,0.08608259546187398
schande,0.08603400378440351
lodern,0.08608893938751039
ruhig,0.0858180055461675
kämpfer,0.08577432744944716
baden,0.08569913216247177
wacht,0.08563320847391365
wüste,0.08563931909358398
wirbeln,0.08562294639792065
gewinnen,0.08548869404908566
wein|weinen,0.08543307691036824
hinan,0.08537430424896257
gieb,0.08538595693054292
rast,0.08541013284555757
befreien,0.08535309696572889
manchmal,0.0852621798462133
wall,0.0854966156127324
finger,0.08537053242589118
melodisch,0.08533649423981335
rasch,0.08511315214658514
heilige,0.08508023570859295
heimath,0.08507435698503939
vermählen,0.08502522674820517
süßen,0.08503321985504064
fast,0.08482495292917726
mäuschen,0.08477041068496818
erschließen,0.08469914970038947
zerspringen,0.08465118274035471
winternacht,0.08460073019933419
ward,0.08455553894302738
lockend,0.0845163185061582
stamm,0.08449889891365177
runde,0.0844447822979014
menge,0.08434334471644539
einher,0.0842923447321035
magisch,0.08423099991308063
duftend,0.08418755804636908
droben,0.08413155899302395
@card@,0.08393182113609775
kopf,0.08360116663851552
leute,0.08330065535876448
*,0.08315794676918653
augenblick,0.08284070623527798
maja,0.08271931574037726
heidi,0.082606505748809
bitten,0.08234734423670387
antworten,0.08208845218631348
erzählen,0.08185835758280104
pferd,0.08169721327454417
commerzienrath,0.08157609894490261
scheik,0.08142797709245983
halef,0.08126758442167556
teut,0.081149772669885
geschehen,0.08094998525263959
ehrenstraßer,0.0808322887616614
stellen,0.08051224084167724
anselmus,0.0804035391557972
helfen,0.0802321406269514
bella,0.08011915456338933
mephistopheles,0.08001738890303527
gregor,0.0799158221980289
geld,0.07973901611550273
hradscheck,0.0796265267020277
sicher,0.07939316325728214
eigentlich,0.07920008718202705
erhalten,0.07897063522551452
laufen,0.07877582117382678
tisch,0.07862862973400354
tibet,0.07851735713653214
sylvester,0.07840269989396045
befinden,0.07821992535676629
bemerken,0.0780349376873296
paar,0.07787190155301482
alte,0.07762952938965224
bekommen,0.07744052774080291
tier,0.07720763986411422
peter,0.07709705909913728
ischt,0.07698999017171788
freundlich,0.07682898856906271
richter,0.07672372866160536
dame,0.07659798733326528
warten,0.0763403897017723
allah,0.07619622666974327
wünschen,0.07602383185130929
tochter,0.07587812818750166
erfahren,0.07571217226740942
holen,0.07546524876154855
agathe,0.0753655740427806
eilen,0.07515377414002927
doktor,0.07502935754476647
gräfin,0.07492231563356828
sofort,0.07476956007387546
verschwinden,0.07464147717226775
brief,0.07449279533276347
sihdi,0.07437210342018444
stelle,0.0740178173661913
verlangen,0.07388792082996445
bloß,0.07375835879959483
erreichen,0.07362203722745693
gefühl,0.07349620039218442
erwidern,0.07334757773180156
knulp,0.07325320024925829
erwarten,0.0730967012264671
fürchten,0.07295616260390222
reiten,0.07296341864846033
merken,0.07272007153251338
bein,0.07259645217056751
genau,0.0724594753372508
familie,0.07231351493180428
heraus,0.07213578448182201
fein,0.07198974412899298
abu,0.0718868664250385
fehlen,0.071691848121266
stecken,0.07152432353733763
klara,0.07143179247108242
nähe,0.07125488440888804
bewegung,0.07112078537429624
betrachten,0.07098014187982342
versprechen,0.07086323956098345
woche,0.07075324596325455
antwort,0.07047601403777631
bauer,0.07034921534952382
träne|tränen,0.07022322695258501
heftig,0.07008183048823334
rücken,0.07003551219795309
student,0.0699476371958019
hund,0.06985821765787023
diener,0.0697209097511499
vermögen,0.06958548684788855
gefallen,0.06945027725282502
fremde,0.06933654371533522
biene,0.06924784885600394
bewegen,0.06912432846797212
ansehen,0.06898909910912153
stück,0.06885197352141073
archivarius,0.06877186400066738
person,0.06863152884180976
scharf,0.0685387025394987
arbeit,0.0683609724746329
geschichte,0.06827915660004392
danken,0.06814713285051852
hübsch,0.06803002935804617
geschäft,0.06788671862669614
erklären,0.06781370030072821
tante,0.06771839815506636
gelingen,0.06762005156750092
begegnen,0.06751104509851703
meining,0.06742344596643961
wunsch,0.06733557796179981
clementine,0.06724590755057465
fräulein,0.06714248311991544
mimi,0.06706362933170844
gesellschaft,0.06693731289893923
sogleich,0.06682350388046915
gnädig,0.06675003509606547
erlauben,0.06663754670994339
herum,0.06647735111644541
großvater,0.06638956139780754
kapitel,0.06628630304033863
hinunter,0.06617265223016441
soldat,0.06607866686328892
tot,0.06590220862921863
recht|rechts,0.06580751861962053
hadschi,0.0657193774037542
schicken,0.06560759169355918
gestern,0.06552274176825267
beschäftigen,0.0654031176314297
töten,0.065297796870848
dorf,0.06520828355333079
vorher,0.06509292163558048
versuchen,0.06497316223446332
anblick,0.0648577430500391
erblicken,0.06476145047092603
zeichen,0.0646653274210016
verbergen,0.06458057736984849
ziemlich,0.06446459288494145
lebhaft,0.06435067610084247
zurückkehren,0.06424292884546824
erzherzog,0.06416708666976619
gewöhnlich,0.06402909599928183
weile,0.06389469694738263
gespräch,0.06377435263780806
klug,0.06366147006740283
verhältnis,0.06353922347832208
stuhl,0.06343646069092958
lulu,0.06336501996324397
krieg,0.06324894351037272
hermann,0.06317363611188036
vrenchen,0.06310076532729778
aussehen,0.0629856319297004
pflegen,0.06288940825334392
obgleich,0.06277879712085299
entfernen,0.06267794610606257
sali,0.0626026052046896
nicken,0.06252790245132618
karl,0.06244411232695449
sobald,0.06234206627040609
meister,0.062208917720393664
wohnung,0.062123088042087715
laden,0.06199895448164684
tor,0.06180421191155565
minute,0.06169913135652842
halt,0.0613682649462836
carlo,0.06128877556966128
wulfrin,0.06121988349097711
mitten,0.06114752255059604
begreifen,0.06104882072589514
mut,0.06106741365499327
effendi,0.06097764199371786
tote,0.060866284868548406
überall,0.06078293036036532
beinahe,0.06068142325453062
bestehen,0.060580459992643235
vergnügen,0.06048373057139142
einfach,0.06038003060891327
marie,0.06030624511762249
hinüber,0.060199189614636675
hütte,0.060144478416434055
braka,0.060072877557587695
wunder,0.060047329983110326
maria,0.05997973002942554
großmama,0.05992316353831083
empfangen,0.05985040741551262
mehrere,0.059752056266594245
veronika,0.05968919691358639
wiederholen,0.05958846630290367
hals,0.05948819210980852
gefahr,0.05940235966998263
erstaunen,0.05930962032756541
bitte,0.05911597168363347
jedenfalls,0.05901881323695678
anfangen,0.058928406312220294
befehlen,0.05882934657219763
ecke,0.058721814221502674
arbeiten,0.05861644113823128
körper,0.058541862562363836
reise,0.05843143980817096
clairefort,0.05835841927004348
allerlei,0.05826342268107887
stube,0.05814253062204988
furchtbar,0.05806536257677514
sprache,0.05801622233843917
wille,0.05788679070750853
palma,0.05782338748578411
unglück,0.057704083248083474
miene,0.05764581663643649
berühren,0.05758289549639457
deutlich,0.05749786307111149
dick,0.057403484938764
pflicht,0.05732857891112132
unmöglich,0.05723493352896948
handeln,0.05712562441318776
ratschiller,0.057060259295456286
auf+die,0.05699040283331738
gelegenheit,0.05687335527504525
nahe,0.05683448978097719
geronimo,0.05678002823060117
begleiten,0.056703747072599536
völlig,0.056614704703876695
großmutter,0.056569957462693596
unterbrechen,0.056478566084135554
hilfe,0.056383421202876066
bezahlen,0.05630099719596665
ehre,0.05620987874685622
nachher,0.05612080911767113
arzt,0.05604901961510761
ängstlich,0.055975619402010804
überlegen,0.055881779074842625
wert,0.0559411609697613
gendarm,0.05587162756677656
araber,0.0557931668077421
beuthien,0.055730748177828776
verzeihen,0.05566011120402671
sorge,0.05560713414568309
irgendeine,0.05552399182618431
kosten,0.05546125730886699
entdecken,0.05537579654554255
schlange,0.05532106411498233
einzeln,0.055233715508714615
bieten,0.055130084588683306
nase,0.055054834217508244
jacopone,0.054994790889505915
vernehmen,0.054931204953267726
zuletzt,0.05487488686879603
hoffen,0.054838786274805984
richterin,0.05477485541926226
kamel,0.05470465240861176
bilden,0.05462584167424932
grad,0.054552172638595214
mühe,0.05448694887694398
nötig,0.054385005256417054
ausdruck,0.054298038814465224
sonderbar,0.05421832536399744
vollkommen,0.05413712391017504
fertig,0.05401720338805149
schloss,0.05395459957093528
recht|rechte,0.053895076468534836
hinzu,0.05381837625354459
hundert,0.05378152993721974
krieger,0.05371486504804107
haddedihn,0.05365048205967614
not,0.053727070879549116
@ord@,0.053659842880280445
absicht,0.053560437920250156
christ,0.05349859442668577
jungfrau,0.05342626386285591
gleichen,0.053323289457928316
treppe,0.05326143547343205
gefangene,0.05319322074021468
mohammed,0.0531255305471145
vorwärts,0.053062384309476046
ufer,0.05304942198059319
behalten,0.05296451914098972
aufmerksam,0.052864774236671894
denken|gedenken,0.0527995360866491
offizier,0.05272790315851229
entschließen,0.052649327236858307
stören,0.052586676216067635
wahrscheinlich,0.05250418969578713
bursche,0.05243542089272288
besuchen,0.052385568164544594
zufrieden,0.05230129025537235
nämlich,0.05222423934504779
omar,0.052161341475897544
befehl,0.05204657633001582
schlimm,0.05196207273410611
gegend,0.051888744804795855
gering,0.05179873410876226
flasche,0.05173715830202187
begeben,0.05166055066008972
mekka,0.0516008923014923
therese,0.05154747899711179
öhi,0.05149045932712902
reisen,0.05143279629910469
weshalb,0.05136081105951558
angenehm,0.051273806486075726
genießen,0.05122832231601593
franz,0.05115528977392034
emir,0.05110848039945942
vertrauen,0.05105099792810763
schuh,0.050986416754597474
rühren,0.050907659012376
heimat,0.05088995917570484
besuch,0.050810060517218064
eltern,0.05074593385422141
bedenken,0.050679876247427244
binden,0.05060552014668056
ankommen,0.050522725378380054
täglich,0.05049542299392902
stimmen,0.05037764144418061
gehören|hören,0.05030693277209011
fluss,0.050247021876351786
senden,0.050180815950899016
augenblicklich,0.05011162802971847
trennen,0.050075233484617884
eindruck,0.0500034116175877
kirche,0.04995676336817327
junge,0.04990623650058364
gegenstand,0.049833098449098195
beobachten,0.049762480056825154
verdienen,0.049694375610251515
meliore,0.049638000008247
rechts,0.04954096348309783
reihe,0.049523888438275834
plan,0.04946508312116768
eintreten,0.0493961885987992
annehmen,0.0493262709127686
gefährlich,0.049254063844780274
zuweilen,0.04920408371611194
unglücklich,0.049143889112042
ordnung,0.049079731830136794
schmal,0.049038677317392254
diesmal,0.0489760297353513
miteinander,0.04890877934758327
bereiten,0.04884307576366993
freundin,0.04878468184375613
nachricht,0.04871534660586048
margarete,0.048672654131526175
schieben,0.04860455192018054
beschließen,0.04853708797728325
entzücken,0.0484857169506519
königin,0.0484666655608634
lindhorst,0.04841760787377958
robert,0.048367834394904455
vorsichtig,0.048296856110220554
kaufen,0.04823285983391069
schwören,0.04819314254057139
pascha,0.04814446915826959
fallen|gefallen,0.048084796936496796
schule,0.04802017938577835
indessen,0.04797467002298447
umstand,0.047907485162869065
decke,0.04780875379272445
baron,0.04775783920843389
loch,0.04768659020761824
joa,0.04764131258255487
verschieden,0.04757344849142629
zustand,0.047503732782922095
tapfer,0.047435679509147885
fordern,0.04736492860282808
papier,0.04731595020351324
herzlich,0.047255119289997025
verraten,0.04719133611308317
besinnen,0.047125314907602675
rock,0.04704842124438012
bestimmt,0.04697639301278675
abenteuer,0.04691299979860833
messer,0.046861183801243766
unwillkürlich,0.04680641530980907
abschied,0.04674546765280922
abermals,0.04669202298498645
konrektor,0.04664761015152498
mahlhuber,0.046596313453001345
küche,0.04653313320866044
kräftig,0.04648564230284391
fügen,0.04641902983448472
schaden,0.04635149672400887
melden,0.04629245460299877
herbei,0.04622074584733188
emmy,0.046178467400307344
ordentlich,0.04609595184035267
willen,0.046027677114069354
brunnen,0.04596876714308709
nähern,0.04590572959544752
spüren,0.0458567373192601
vollständig,0.04579731301008076
gethan,0.04576591106560429
erleben,0.04572806268179268
unrecht,0.04567451468308663
bestimmen,0.045614248106080404
ungeheuer,0.04557742022648448
wiedersehen,0.04551845206002239
carlos,0.04546831973891764
verbinden,0.045427180805160186
gänzlich,0.045373318274416624
beruhigen,0.04531200710057219
vornehm,0.04523712504902436
zärtlich,0.04518079206204775
gatte,0.04512877462846092
tasche,0.04505828040621375
werk,0.04503423110190456
meinung,0.044974179561493785
dauern,0.04489752357637754
rennen,0.045008237369115675
apo,0.044959515003517
bisschen,0.044903079934927065
begrüßen,0.044863475150969556
betreten,0.044813520565655005
wirt,0.044738674765432224
nachbar,0.04466813712096411
kaffee,0.04461986233812676
lauf,0.044483415015750885
folgend,0.044421218668647275
richtung,0.0443478647126561
herunter,0.044271992202658955
neugierig,0.044219367694613154
brot,0.04417005027099828
entsetzlich,0.04411869305001988
innere,0.04407406494335049
wittfoth,0.04403037944822191
stemma,0.04398862037530232
woher,0.04393201024595053
punkt,0.043863121178743025
aussprechen,0.043807050674228465
tal,0.04380831387987509
streng,0.043736921520200436
prinz,0.043688485810944616
gefangen,0.04362767010060005
teilen,0.04352596604879985
dumm,0.04347832187887074
verfolgen,0.04342828367940489
rat,0.04321365435548738
stimmung,0.043147661425918804
lage,0.04320673421773656
jüngling,0.04317499154141309
ähnlich,0.04310990140233695
treffen|triefen,0.04306106558007648
scheu,0.04306954923246724
farbe,0.0430622743490444
gelangen,0.04299192158466257
freudig,0.04295751708172091
alp,0.04293589425289675
jeschke,0.04289589571309978
verlegen,0.04282254897889065
bekennen,0.04277601582892786
erregung,0.042723014246167215
herd|herde,0.04267521418241439
geheimnis,0.042602954096200324
verstecken,0.042548718140063016
rand,0.042651849895263313
versetzen,0.04262150402219707
höflich,0.042553130185041727
papa,0.042517916944176046
mama,0.04247042245364585
braut,0.042441741613650566
nemsi,0.04239479357923172
ursanner,0.04235736872555128
neigung,0.04230327175805318
schließlich,0.04225209039308753
willkommen,0.04220678791439551
ordnen,0.04215036515932066
übel,0.04210717517663848
#,0.04205995521836482
spinell,0.04202329953105495
doctor,0.041992418279491864
häufig,0.04194067257493603
aufnehmen,0.04189507531342827
kugel,0.04184412390980048
meist,0.04172760880820524
vorkommen,0.041666087150209016
aufstehen,0.04161473863482633
verschließen,0.04156915706849161
behaupten,0.04151686432966796
eher,0.04150258138917452
wunderlich,0.04145716834142116
bube,0.04142246221295204
gattin,0.04138930262785252
ergeben,0.0413215023485724
schüler,0.04128242696847359
dat,0.04120543990222167
furcht,0.041141479892118776
heiraten,0.04108621576259394
hindurch,0.04103811086295163
versichern,0.04098727696494754
höchst,0.040948392794166566
ernsthaft,0.04090368789971985
stock,0.04087078113831631
sorgen,0.04085013221293306
gebieten,0.04081150791107986
abrahim,0.04077490473913649
anfang,0.04070703978794174
freundschaft,0.040658057363413824
lauten,0.04061340095333449
unterhaltung,0.04056283594792867
monat,0.04050985653442159
onkel,0.040476727032261794
pater,0.04044370496315104
registrator,0.04040789606713173
kleiden,0.04035191532406765
eifrig,0.040314322082739135
schulter,0.040269299637505904
atem,0.04020970365548307
vorstellen,0.040160767313887485
laune,0.040110838619035125
aufregung,0.0400623850400688
geräusch,0.040018156627397786
schutz,0.03997849672765148
erscheinung,0.039935085478068566
türke,0.03989109185556049
thalberg,0.039854879496030546
zählen,0.03972135086053315
heiter,0.039703090636417804
kerl,0.03965544984889753
mittag,0.03958037479902973
fahrt,0.03954137508199959
bank,0.0394831579233407
wählen,0.039445159613054184
geheimnisvoll,0.0393968599843558
krankheit,0.03936693240343413
sir,0.03932803912847144
heerbrand,0.03929315504195999
gabriele,0.0392576201661098
geschenk,0.03921858917943287
zahlen,0.03914593214133663
bescheiden,0.03910592054573635
frankfurt,0.039063306401027745
hinten,0.03901762368746743
tuch,0.038967713766327475
nachmittag,0.03891723756945481
reiter,0.0388813169619347
geraten,0.03882236881024695
geliebt,0.03883875557132062
äußer,0.038773218472226756
vergebens,0.03874502585999898
deutsche,0.0387176222780158
pineiß,0.03868589110248391
reisende,0.038642474906303265
spitze,0.03860679622167337
atmen,0.038551776662834505
entschluss,0.03850164753006212
wahrhaftig,0.03845571132341878
gleichgültig,0.03840777198143705
ebenfalls,0.038363330202115686
engländer,0.03832100588523574
bedecken,0.03830519223858088
berichten,0.038260902852722586
bart,0.03820866701402942
