abbau,-0.001445086705202312
abbruch,-0.001445086705202312
abdankung,0.0
abdämpfung,0.0
abfall,-0.005690828175354238
abfuhr,0.0
abgrund,0.04354868961754225
abhängigkeit,-0.005780346820809248
ablehnung,-0.005780346820809248
ablenkung,-0.001445086705202312
abnahme,-0.001445086705202312
abneigung,-0.005780346820809248
abnutzung,-0.001445086705202312
abriss,0.0014749262536873156
abrutsch,0.0
abschaffung,0.0
abschreckung,0.0014749262536873156
abschreibung,0.0
abschuß,0.0
abschuss,0.0
abschwächung,0.0
absenkung,0.0
abspaltung,0.0
absperrung,0.0
abstieg,0.0
abstoß,-0.01300578034682081
abstrich,0.0
abstumpfung,0.0
absturz,0.0014749262536873156
absurdität,0.0
abweichung,0.0
abweisung,-0.001445086705202312
abwertung,0.0
abwärtstrend,0.0
abzocke,0.0
achtlosigkeit,-0.001445086705202312
affäre,0.0
aggression,0.0
aggressivität,0.0
aggressor,0.0
agitation,0.0
alarm,2.9839548485003546e-05
alptraum,0.0
albtraum,0.0014749262536873156
amateur,0.0
ambivalenz,0.0
androhung,-0.001445086705202312
anfälligkeit,0.0
angreifer,-0.004335260115606936
angriff,-0.009966409193991166
angst,-0.044345831841355904
anklage,-0.01577659556328542
anmaßung,-0.002890173410404624
annullierung,0.0
anomalie,0.0
anspannung,-0.002890173410404624
anstrengung,-0.05635838150289017
antipathie,-0.001445086705202312
arbeitslose,0.0
arbeitslosigkeit,-0.001445086705202312
armut,0.010772077003086262
arroganz,0.0
arschloch,0.0
attacke,0.0014749262536873156
aufhebung,-0.001445086705202312
auflösung,-0.0072254335260115606
aufregung,-0.07225433526011561
aufruhr,0.004514297406516958
aufschrei,-0.008372124746363837
aufstand,-0.001445086705202312
ausbeute,-0.004335260115606936
ausbeuter,0.0
ausbeutung,-0.001445086705202312
ausbruch,-0.01300578034682081
auseinandersetzung,-0.008670520231213872
ausfall,-0.005690828175354238
ausgrenzung,0.0
auslöschung,0.0
ausrottung,0.0
ausschließung,0.0
aussetzung,-0.008670520231213872
banalität,0.0
bankrott,0.0
barriere,0.0
bedeutungslosigkeit,0.0
bedrohung,0.0
bedrängung,0.0
bedrückung,0.0014749262536873156
bedürftige,2.9839548485003546e-05
beeinträchtigung,-0.002890173410404624
befall,0.0017733217385373506
befangenheit,-0.0072254335260115606
befürchtung,-0.0072254335260115606
begrenzung,0.0
behinderung,0.0
belastung,0.0
beleidigung,-0.01300578034682081
belästigung,-0.001445086705202312
beschneidung,0.0
beschränkung,-0.004335260115606936
beschuldigung,-0.002890173410404624
beschwerde,0.016522584275410507
beschwerlichkeit,0.0
beschädigung,-0.002890173410404624
beschäftigungslose,0.0
beschäftigungsloser,0.0
beschämung,-0.004335260115606936
beseitigung,-0.002890173410404624
besorgnis,-0.024566473988439308
bestechung,-0.001445086705202312
besteuerung,0.0
bestrafung,-0.002890173410404624
bestürzung,-0.01300578034682081
betrug,-0.0012063703173222848
betrüger,-0.008670520231213872
beule,2.9839548485003546e-05
beunruhigung,-0.001445086705202312
bevormundung,-0.001445086705202312
bitterkeit,0.0016838030930823398
blindheit,0.0029796920558596346
blockade,0.0
blockierung,0.0
blödheit,0.0
bombardement,-0.001445086705202312
bombardierung,0.0
bombe,5.967909697000709e-05
bosheit,0.0001790372909100217
brand,0.15190461575187136
bruch,-0.05717683768990741
brutalität,0.0
bußgeld,0.0
bösartigkeit,0.0
bösewicht,2.9839548485003546e-05
bürde,0.007583508107831602
chaos,0.010384162872781216
crash,0.0
defekt,2.9839548485003546e-05
defizit,0.0
deformation,0.0
degradierung,0.0
dekadenz,0.0
demütigung,-0.004335260115606936
denkfehler,0.0
depression,0.0
desaster,0.0
desinteresse,0.0
dezimierung,0.0
dieb,-0.04579518133919893
diebstahl,-0.015895953757225433
diffamierung,0.0
diktator,0.0
dilemma,0.0
diskriminierung,0.0
dissens,0.0
dominierung,0.0
doppeldeutigkeit,0.0
doppelspiel,-0.001445086705202312
dreck,0.0029796920558596346
drift,0.0
drohung,-0.015806435111770423
drosselung,0.0
dummheit,-0.02155694238409467
dummkopf,-0.005750507272324245
dunkelheit,-0.003738469145906864
durcheinander,-0.0271880914624789
dussel,0.0
dämpfer,0.0
dürre,0.004424778761061947
düsternis,0.0
egoist,-0.004335260115606936
ehebruch,-0.001445086705202312
einbrecher,-0.004335260115606936
einbruch,-0.00999624874247617
einbuße,0.0
einsamkeit,0.12629375756645694
einschlag,-0.018756287619145055
einschränkung,-0.005780346820809248
einschüchterung,0.0
insturz,0.0
ekel,0.0034571248316196887
elend,0.04630671645608471
empörung,-0.0027708152164646095
ende,0.007830750080993099
energielosigkeit,0.0
entbindung,0.0
entfremdung,0.0
entführung,-0.004305420567121933
enthauptung,0.0
entlassung,-0.0072254335260115606
entmutigung,0.0
enttäuschung,-0.011441335447678481
entziehung,0.0
epidemie,0.0
ermahnung,-0.004335260115606936
ermordung,-0.001445086705202312
ermüdung,-0.005780346820809248
erniedrigung,-0.001445086705202312
ernüchterung,-0.001445086705202312
erosion,0.0
erpressung,-0.002890173410404624
erschöpfung,-0.0072254335260115606
erschütterung,-0.014450867052023121
explosion,0.0
fahrlässigkeit,-0.001445086705202312
farce,0.0
faschist,0.0
faulheit,-0.002890173410404624
fehde,0.013304175831670845
fehlanzeige,0.0
fehler,-0.021527102835609664
fehlermeldung,0.0
fehlkauf,0.0
fehlkonstruktion,0.0
fehlleistung,0.0
fehltritt,-0.001445086705202312
fehlverhalten,0.0
feind,0.0023743755008781287
feuer,0.13502821968728151
fiasko,0.0
finanzkrise,0.0
finte,2.9839548485003546e-05
flaute,0.0
fluch,0.06802990775316725
flucht,-0.014433815881460255
flüchtiger,0.0
flüchtigkeit,0.0
flüchtling,0.00014919774242501752
frechheit,-0.008670520231213872
frust,0.0
frustration,0.0
furcht,-0.04039848585605402
fälschung,-0.001445086705202312
gammler,0.0
gangster,0.0
garnichts,2.9839548485003546e-05
gauner,-0.0014152471567173085
gebrechen,0.0014749262536873156
gedränge,0.004872371988336999
gefahr,-0.06834961720122086
gefecht,0.00032823503333503923
gefährdung,-0.001445086705202312
gegner,-0.011351816802223472
geisteskrankheit,0.0
geistlosigkeit,0.0
geiz,-0.006837519395706516
geizhals,-0.0028603338619196204
geizkragen,0.0
geldstrafe,0.0
geschmacklosigkeit,0.0
geschäftsauflösung,0.0
gestank,0.0014749262536873156
gewalt,0.046980237693317634
gewalttätige,0.0
gewalttätiger,0.0
gift,0.021902228587992567
glanzlosigkeit,0.0
gleichgültigkeit,-0.008670520231213872
glücklosigkeit,0.0
gnadenlosigkeit,0.0
grausamkeit,-0.014421027503538117
groll,0.09484287346326326
groteske,0.0
habgier,0.0014749262536873156
haft,-0.2742254505771821
handgemenge,0.0014749262536873156
handicap,0.0
handikap,0.0
hass,0.07739952597745835
heimsuchung,0.0
hektik,0.0
hemmung,0.0
herausforderung,-0.001445086705202312
heuchelei,0.0044844578580319535
heuchler,-0.0012362098658072872
hilflosigkeit,-0.002890173410404624
hindernis,-0.012946101249850801
hinterhalt,-0.005750507272324245
hinterlist,-0.004305420567121933
hohn,0.06091956962845499
horror,0.0
hunger,0.03800705918461303
hungersnot,0.0029796920558596346
hungertod,0.004424778761061947
hysterie,0.0
härte,-0.0011466912203522764
hölle,0.0248222415468822
idiot,-0.001445086705202312
illegalität,0.0
immobilität,0.0
ineffizienz,0.0
infektion,0.0
infiltration,0.0
inflation,0.0
inkompetenz,0.0
inkonsequenz,0.0
inkonsistenz,0.0
instabilität,0.0
intervention,0.0
invasion,0.0
isolation,0.0
jammer,0.08128719286579023
jähzorn,-0.002890173410404624
kampf,0.16442017494500993
kapitalverbrechen,0.0
kapitulation,0.0
katastrophe,-0.008670520231213872
keim,0.0814491789861374
klage,0.230361314304227
klischee,0.0
kläger,-0.0013555680597473014
knappheit,0.0
kollaps,0.0
kollision,0.0
komplikation,0.0
konflikt,-0.001445086705202312
konfrontation,0.0
konjunkturrückgang,0.0
konkurrenz,-0.002890173410404624
konkurrenzkampf,0.0
konkurs,-0.002890173410404624
kontroverse,0.0
kopfschmerz,-0.0072254335260115606
korruption,-0.001445086705202312
kostspieligkeit,0.0
krach,0.02714546353607175
krachen,0.022571487032584787
krankheit,-0.04588469998465394
krieg,-0.08311166811601617
kriminalität,0.0
krise,0.0
kritik,0.0030095316043446383
kritiker,0.0014749262536873156
kränkung,-0.004335260115606936
krüppel,-0.002830494313434617
kurseinbruch,0.0
kälte,0.00210155677187239
kündigung,-0.00864068068272887
kürzung,0.0
langeweile,8.951864545501086e-05
langweiler,0.0
last,0.10610943441267245
launenhaftigkeit,-0.001445086705202312
lebensgefahr,-0.002890173410404624
leblosigkeit,0.0
leere,0.03463945299844835
leichtsinn,-0.037482735689805105
leichtsinnsfehler,0.0
leid,0.12643016693095988
leidende,-0.004275581018636929
liquidation,0.0
lähmung,0.0
löschung,0.0
lüge,0.18998840520401727
lügner,-0.01872644807066005
makel,-0.0012362098658072872
mangel,-0.02998874622742851
manipulation,-0.001445086705202312
massaker,0.0
maßlosigkeit,0.0
melancholie,5.967909697000709e-05
melodrama,0.0
merkwürdigkeit,-0.0072254335260115606
minderung,-0.001445086705202312
minderwertigkeit,0.0
missachtung,0.0
missbrauch,-0.0014152471567173085
missgeschick,0.00014919774242501752
missglück,-0.001445086705202312
misstrauen,-0.03468208092485549
misstrauensantrag,0.0
missverständnis,-0.004305420567121933
mist,-0.007046396235101539
mittellosigkeit,0.0
mittelmäßigkeit,0.0
monotonie,0.0
mord,0.00019608846147288472
mutlosigkeit,-0.001445086705202312
müdigkeit,-0.001027333026412263
mühe,-0.07383156853718006
müll,-0.0069270380411615255
nachlässigkeit,-0.001445086705202312
nachteil,-0.004335260115606936
naivität,-0.004335260115606936
narr,0.03520640441966341
negativität,0.0
neid,0.03163418418674441
nervosität,-0.002890173410404624
neustart,0.0
niedergang,0.0015346053506573227
niedergeschlagenheit,-0.001445086705202312
niederlage,-0.002890173410404624
not,0.13887325864920624
notfall,-0.004335260115606936
notstand,0.0
nutzlosigkeit,0.0
nötigung,0.0
oberflächlichkeit,-0.002890173410404624
offensive,0.0
opposition,-0.002890173410404624
panik,0.0
panne,0.047125172643101954
pech,-0.002651457022524596
pessimismus,0.0
pest,0.0016539635445973373
pflicht,-0.04713369822838337
pleite,0.0
preissturz,0.0
problem,0.0014749262536873156
propaganda,0.0
protest,-0.012856582604395792
provisorium,0.0
provokation,-0.001445086705202312
qual,0.2685133084386243
qualitätsminderung,0.0
rache,0.00508551162037274
ratlosigkeit,-0.0072254335260115606
raub,0.10162497655464048
rebell,0.007404470816921581
rebellion,0.0
rechtswidrigkeit,0.0
redundanz,0.0
reinfall,0.0
reklamation,0.0
reparatur,-0.001445086705202312
revolte,0.0
revolution,-0.004335260115606936
rezession,0.0
risiko,0.0
rivale,0.0
rivalität,-0.001445086705202312
rost,0.17561000562688628
ruin,-0.019932818387982332
rutsch,-0.00713591488055655
rätselraten,0.0
räuber,-0.03706498201101505
rückfall,-0.010085767387931181
rückgang,0.0
rückschritt,0.0
rücksendung,0.0
rücksichtslosigkeit,0.0029796920558596346
rückstand,-0.001445086705202312
rückständigkeit,0.0
rücktritt,0.0
rückzug,-0.008610841134243865
sabotage,0.0
sackgasse,0.0
schaden,-0.07033181577915323
schadensbild,0.0
scham,-0.024788139205756475
schande,0.016791140211775538
scheidung,-0.018666768973690046
scheitern,-0.005690828175354238
schelte,0.0038450389619247363
scheußlichkeit,0.0
schlachtfeld,-0.0012660494142922914
schlag,0.17755810186369292
schlamperei,0.0
schlechtigkeit,-0.0072254335260115606
schlitterbahn,0.0
schlägerei,0.0
schmerz,0.35586645523215166
schmuggel,0.0
schmutz,0.012396200999198595
schock,2.9839548485003546e-05
schramme,-0.002890173410404624
schreck,-0.055872423141848704
schrott,0.0
schräglauf,0.0
schubs,0.0
schuld,-0.076777158251914
schuldner,-0.007195593977526556
schuldnerin,-0.001445086705202312
schurke,-0.008521322488788854
schwierigkeit,-0.02167630057803468
schwund,0.0164629051784405
schwäche,-0.024118880761164252
schwächung,0.0
schädigung,-0.011530854093133494
senkung,-0.0013555680597473014
sinnlosigkeit,2.9839548485003546e-05
sintflut,0.007374631268436578
skandal,-0.0013555680597473014
sklave,0.025342302249049396
sklavenarbeit,0.004424778761061947
sorge,0.0035381178917932854
spott,0.023854587617439943
sprengstoff,0.0
sprengung,-0.004335260115606936
stagnation,0.0
stau,0.09620696710829202
sterben,0.2691143622009651
steuerhinterziehung,0.0
stilllegung,0.0
stillstand,-0.002890173410404624
stornierung,0.0
stoß,-0.09399884052040172
strafverfahren,0.0
strapaze,-0.004335260115606936
streik,0.0
streit,0.07492710624584378
strenge,-0.028722696813136224
stress,0.0
sturheit,0.0
sturz,0.018176547820007844
störung,-0.0010870121233822715
sucht,0.31557880198475624
sündenbock,0.0
tabu,0.0
terror,0.0
terrorismus,0.0
teuerung,-0.008670520231213872
teuerungsrate,0.0
teufelskreis,0.0
tod,0.3796315242041366
todesfall,-0.004335260115606936
todesstrafe,-0.002890173410404624
torheit,-0.009966409193991166
totschlag,-0.004335260115606936
tragödie,2.9839548485003546e-05
trauer,0.1817612154074377
trauma,0.0015047658021723192
traurigkeit,0.00038791413030504415
trennung,0.0005669514212150659
tristesse,0.0
trostlosigkeit,-0.001445086705202312
trott,-0.011560693641618497
trugschluß,0.0
trugschluss,0.0
trägheit,-0.0013555680597473014
träne,0.04121267925043057
trübsal,0.008879397070608898
turbulenz,0.0
tyrannei,0.005929544563234266
täuschung,-0.0008184561870172372
umtausch,0.0
unbehagen,-0.008670520231213872
unbehaglichkeit,0.0
unbeliebtheit,0.0
unbequemlichkeit,-0.005780346820809248
unbestimmtheit,-0.001445086705202312
undankbarkeit,-0.004335260115606936
unehrlichkeit,-0.001445086705202312
uneinigkeit,-0.002890173410404624
unerbittlichkeit,0.0
unerträglichkeit,0.0
unfall,-0.004305420567121933
unfreundlichkeit,-0.001445086705202312
unfug,-0.002890173410404624
unfähigkeit,0.0014749262536873156
ungeduld,-0.050279639197230885
ungehorsamkeit,0.0
ungenauigkeit,0.0
ungerechtigkeit,-0.002890173410404624
ungeschicklichkeit,-0.001445086705202312
unglaubwürdigkeit,0.0
ungleichheit,0.0
unglück,-0.12883438198032296
unheilbarkeit,0.0
unhöflichkeit,-0.008670520231213872
unklarheit,0.0
unmenschlichkeit,0.0
unmoral,0.0
unmut,-0.006986717138131534
unordnung,-0.014450867052023121
unrecht,-0.057505072723242456
unregelmäßigkeit,-0.001445086705202312
unrentabilität,0.0
unruhe,-0.03468208092485549
unsicherheit,-0.004335260115606936
unsinn,-0.041847835353897044
unstetigkeit,0.0
unstimmigkeit,0.0
unterbrechung,-0.011560693641618497
unterdrückung,-0.002890173410404624
untergang,0.007762545398741622
unterlassung,0.0
unterwerfung,0.0
untreue,-0.005780346820809248
unverantwortlichkeit,0.0
unvereinbarkeit,0.0
unverhältnismäßigkeit,0.0
unverschämtheit,-0.002890173410404624
unvollkommenheit,0.0
unvollständigkeit,0.0
unwahrheit,-0.008670520231213872
unwirksamkeit,0.0
unwirtschaftlichkeit,0.0
unwissenheit,-0.001445086705202312
unzufriedenheit,-0.002890173410404624
unzumutbarkeit,0.0
unzuverlässigkeit,0.0
vagheit,0.0
verachtung,-0.010026088290961174
verbannung,0.0014749262536873156
verbot,-0.009936569645506165
verdacht,-0.02595188159667161
verdorbenheit,0.0
verdrängung,0.0
verdächtige,-0.004305420567121933
verfall,-0.010814704929493407
verfehlung,0.0
vergeltung,-0.002890173410404624
vergeltungsmaßnahme,0.0
vergeudung,0.0
verherrlichung,0.0
verhängnis,-0.011441335447678481
verkleinerung,0.0
verlangsamung,0.0
verletzung,-0.005750507272324245
verleumdung,-0.0028006547649496137
verlierer,0.0
verlust,-0.012707384861970775
vermeidung,-0.002890173410404624
verminderung,-0.001445086705202312
vernachlässigung,-0.005780346820809248
vernichtung,0.011888928674953536
verrat,-0.025964669974593763
verräter,-0.0012660494142922914
verrückter,0.0029498525073746312
verrücktheit,2.9839548485003546e-05
versagen,0.0008653469060651009
verschlechterung,-0.001445086705202312
verschmutzung,0.0
verschwendung,-0.007165754429041554
verschwörung,-0.001445086705202312
versenkung,0.0029498525073746312
versklavung,0.0
verstoß,0.017997510529097822
verstrickung,2.9839548485003546e-05
versuchung,-0.004305420567121933
versäumnis,-0.0072254335260115606
vertreibung,0.0
verurteilung,-0.002890173410404624
verweigerung,-0.001445086705202312
verwerfung,0.0
verwirrung,-0.020171534775862362
verwundung,-0.005780346820809248
verwüstung,-0.0028603338619196204
verzerrung,0.0
verzicht,-0.0024425801831295738
verzweiflung,0.006824731017784372
verzögerung,0.0
vorurteil,-0.0072254335260115606
vorwand,-0.01586611420874043
vorwurf,-0.04311388476818934
wahnsinn,-0.0007587770900472288
wermutstropfen,0.0
wertlosigkeit,0.0
wertverlust,0.0
wichtigtuer,-0.001445086705202312
widernatürlichkeit,0.0
widerruf,8.951864545501086e-05
widerspruch,-0.008431803843333845
widrigkeit,0.0
wirtschaftskrise,0.0
wrack,0.007374631268436578
wunde,0.1623015670025747
wut,0.043578529166027245
wüste,0.04393660374784729
zahlungsunfähigkeit,0.0
zeitverschwendung,-0.001445086705202312
zensur,0.0
zerrung,0.0
zerschlagung,0.0
zerstörung,0.011888928674953536
ziellosigkeit,0.0
zoll,0.0033377666376796754
zorn,0.0028645966545603474
zumutung,-0.004335260115606936
zusammenbruch,-0.001445086705202312
zusammenstoß,-0.004335260115606936
zwang,0.0021612358688423983
zwangslage,0.0
zwangsmaßnahme,0.0
zweifel,-0.07101386260166759
zwietracht,0.0030095316043446383
abbauen,0.0
abbrechen,-0.014421027503538117
abdanken,0.0
abdämpfen,-0.001445086705202312
abfallen,-0.005750507272324245
abfällig,-0.001445086705202312
abführen,-0.005780346820809248
abgebrochen,-0.005780346820809248
abgedroschen,0.0
abgestanden,0.0
abgetakelt,0.0
abgleiten,-0.001445086705202312
abgründig,0.0029498525073746312
abhängig,-0.01728136136545774
ablaufen,-0.014421027503538117
ablehnen,-0.008670520231213872
ablenken,0.0015047658021723192
abnehmen,-0.027396968301873922
abnutzen,-0.002890173410404624
abraten,-0.002890173410404624
abreißen,-0.01300578034682081
abrupt,0.0
abrutschen,0.0
abschaffen,-0.002890173410404624
abschießen,2.9839548485003546e-05
abschrecken,-0.0072254335260115606
abschreckend,-0.002890173410404624
abschreiben,-0.01300578034682081
abschwächen,-0.001445086705202312
abschätzig,0.0
absenken,0.0014749262536873156
absinken,0.004424778761061947
abspalten,0.0
absperren,-0.001445086705202312
absteigen,-0.021586781932579673
abstoßen,-0.01300578034682081
abstoßend,-0.002890173410404624
abstumpfen,0.0
abstürzen,-0.008670520231213872
absurd,-0.001445086705202312
abtragen,-0.002890173410404624
abweichen,-0.0072254335260115606
abweisen,-0.015836274660255428
abwerten,0.0
achtlos,0.0061981004995992975
aggressiv,0.0
alarmieren,-0.001445086705202312
alkoholisiert,0.0
alt,-0.003457124831619751
altmodisch,-0.008670520231213872
amateurhaft,0.0
ambivalent,0.0
androhen,0.0
anfällig,0.0
angespannt,-0.001445086705202312
angestrengt,-0.011560693641618497
angetrunken,0.0
angreifen,-0.028871894555561238
anklagen,-0.010026088290961174
anmaßen,-0.001445086705202312
annullieren,0.0
anschießen,0.0014749262536873156
anspannen,-0.01300578034682081
anstrengen,-0.02023121387283237
anstrengend,-0.005780346820809248
anstößig,0.0
antiquiert,0.0
anzünden,-0.01863692942520504
apathisch,2.9839548485003546e-05
apokalyptisch,0.0014749262536873156
arbeitslos,-0.002890173410404624
archaisch,0.0
arm,0.17617695704810132
armselig,-0.007165754429041554
arrogant,0.0
attackieren,0.0
aufblasen,-0.005780346820809248
aufblähen,0.0
aufbringen,-0.015895953757225433
auffallen,-0.0476878612716763
aufgeben,-0.0476580217231913
aufgebracht,-0.0028603338619196204
aufgeregt,-0.02730744965641891
aufhören,-0.03751257523829011
auflösen,-0.011471174996163486
aufregen,-0.01728136136545774
aufreibend,-0.001445086705202312
aufrühren,-0.004335260115606936
aufschlagen,-0.021258546899244633
aufschreien,-0.0027708152164646095
aufwühlen,2.9839548485003546e-05
ausbeuten,-0.004335260115606936
ausbrechen,-0.033236994219653176
auseinanderfallen,0.0
auseinandersetzen,-0.0072254335260115606
ausfallen,-0.008670520231213872
ausgehungert,0.0
ausgestorben,0.0
ausgleiten,-0.002890173410404624
ausgrenzen,0.0
ausradieren,0.0
ausrotten,-0.004305420567121933
ausschalten,-0.001445086705202312
ausschließen,2.9839548485003546e-05
aussetzen,-0.018756287619145055
aussichtslos,-0.001445086705202312
aussterben,-0.0027708152164646095
banal,-0.002890173410404624
barbarisch,-0.0014152471567173085
beanstandet,0.0
bedauerlich,-0.001445086705202312
bedauern,-0.03450304363394547
bedauernswert,-0.0072254335260115606
bedenklich,-0.0258623629512166
bedeppert,0.0
bedeutungslos,-0.001445086705202312
bedrohen,0.006168260951114293
bedrohlich,-0.001445086705202312
bedrängen,0.013363854928640851
bedrücken,-0.008431803843333845
bedrückt,0.0015942844476273298
bedürftig,-0.0028006547649496137
beeinträchtigen,-0.001445086705202312
beenden,-0.03450304363394547
befallen,0.003218408443739662
befangen,-0.034144969052125426
befremdlich,-0.001445086705202312
befürchten,-0.023121387283236993
begrenzen,2.9839548485003546e-05
begrenzt,0.004663495148941975
begriffsstutzig,0.0
behindern,-0.004335260115606936
behämmert,0.0
beklagen,-0.004036864630756903
beklagenswert,-0.001445086705202312
bekloppt,0.0
beknackt,0.0
bekümmert,0.00026855593636503083
belanglos,0.0
belasten,0.0029498525073746312
beleidigen,-0.03465224137637049
beleidigend,-0.005780346820809248
beleidigt,-0.011560693641618497
belästigen,-0.00864068068272887
berauben,-0.002532098828584583
bergab,0.0076133476563166064
bescheuert,0.0
beschissen,0.0
beschneiden,-0.0013854076082323048
beschruppt,0.0
beschränken,-0.015836274660255428
beschränkt,-0.005601309529899227
beschuldigen,-0.001445086705202312
beschweren,0.007523829010861596
beschwerlich,-0.010115606936416185
beschädigen,-0.0072254335260115606
beschäftigungslos,0.0
beschämen,-0.0040070250822718985
beseitigen,-0.004335260115606936
besorgniserregend,0.0
besorgt,-0.044738008764301666
bestechen,-0.007195593977526556
besteuern,0.0
bestrafen,-0.02167630057803468
bestürzt,-0.010026088290961174
betrunken,-0.00713591488055655
betrügen,0.003934557607379749
betrügerisch,0.0
betäuben,0.006377137790509319
beunruhigen,-0.02167630057803468
beunruhigend,-0.005780346820809248
beunruhigt,-0.002890173410404624
bevormunden,0.0
bewegungslos,-0.005780346820809248
beängstigend,-0.002890173410404624
billig,-0.02294234999232697
bitter,0.06843061026139445
bizarr,-0.001445086705202312
blauäugig,-0.001445086705202312
blind,0.09393489863079099
blockieren,0.0
blutig,0.08593363684416935
blöd,0.019502276331270142
blöde,0.004424778761061947
bombardieren,0.0
borniert,0.0
boshaft,-0.014331508858083108
brechen,0.17472334475761764
brennen,0.15222006240728425
brisant,0.0
brutal,0.0029796920558596346
brüchig,-0.0014152471567173085
bösartig,0.0
böse,-0.0620747864340887
chaotisch,0.0029498525073746312
charakterschwach,0.0
dahinschwinden,0.0014749262536873156
debil,2.9839548485003546e-05
defizitär,0.0
deformieren,0.0
degradieren,0.0
deinstallieren,0.0
deinstalliert,0.0
dekadent,0.0
demütigen,-0.0072254335260115606
denkfaul,0.0
depressiv,0.0
desinteressiert,0.0
desolat,0.0
destruktiv,0.0
dezimieren,0.0
diffamieren,0.0
diffizil,0.0
diffus,0.0
diktatorisch,0.0
dilettantisch,0.0
diskreditieren,0.0
distanziert,0.0
disziplinlos,0.0
dominieren,0.0
doof,0.0
dramatisch,-0.002890173410404624
drastisch,0.0
dreckig,0.0
dreist,0.0076133476563166064
driften,0.0
drohen,0.033032380172898876
drosseln,0.0029498525073746312
drängelnd,0.0
drängen,0.11236721400924174
dumm,-0.04351458727641652
dunkel,0.4208399406619265
durchfallen,0.0
dusselig,0.0
dämlich,0.0014749262536873156
dämpfen,0.023837536446877076
dürr,0.06106876737088002
düster,0.1640748887411121
egoistisch,-0.001445086705202312
ehebrechen,0.0
eigenartig,-0.011560693641618497
einbehalten,0.0
einbrechen,-0.011321977253738468
einfältig,-0.017311200913942743
eingehen,-0.04187767490238205
eingeschränkt,0.0014749262536873156
einsam,0.29950381093662076
einschlagen,-0.018756287619145055
einschrumpfen,0.0
einschränken,-0.014450867052023121
einschüchtern,-0.008670520231213872
einschüchternd,-0.001445086705202312
einsinken,-0.002890173410404624
einstellen,-0.027426807850358927
einstürzen,-0.002890173410404624
eintönig,0.014808941633843163
ekelerregend,0.0
ekelig,0.0
eklatant,-0.001445086705202312
elendig,-0.005780346820809248
empören,-0.006986717138131534
energielos,0.0
engstirnig,0.0
entbehrungsreich,0.0
entbinden,0.004514297406516958
entfremden,-0.0028006547649496137
entführen,0.010503521066721231
entgleiten,0.013334015380155847
enthaupten,0.0
entkräften,-0.002890173410404624
entlassen,-0.04606373727556397
entmutigen,-0.002890173410404624
entnervt,0.0
entrüsten,-0.007165754429041554
entschwinden,0.03855695943526523
entsetzlich,-0.04886439204051358
enttäuschen,-0.0072254335260115606
enttäuschend,-0.001445086705202312
enttäuscht,-0.004245741470151925
entwürdigend,0.0
entziehen,-0.03299827783177315
erbittert,-0.004245741470151925
erbost,-0.008670520231213872
erbrechen,-0.06736491210121573
erbärmlich,-0.011441335447678481
erdrückend,-0.0028603338619196204
ergaunern,0.0
ergebnislos,-0.001445086705202312
erleiden,-0.014122632018688082
erliegen,0.006556175081419341
ermahnen,-0.01878612716763006
ermorden,-0.012886422152880796
ermüden,-0.008282606100908828
erniedrigen,-0.008670520231213872
ernüchternd,0.0
erpressen,0.0015047658021723192
erschießen,-0.01999249748495234
erschlaffen,0.019174041297935103
erschlagen,0.017447610278445616
erschrecken,-0.07423227104540725
erschreckend,8.951864545501086e-05
erschweren,-0.004215901921666923
erschöpfen,-0.0142718297611131
erschöpft,0.004723174245911982
erschüttern,-0.00521339539959418
erschütternd,0.0015942844476273298
erschüttert,0.00011935819394001419
erstechen,0.0016539635445973373
ersticken,-0.013883915630808055
ertrinken,0.015047658021723191
erwürgen,0.0015942844476273298
erzürnt,2.9839548485003546e-05
existenzbedrohend,0.0
explodieren,0.0
fad,0.17486401691476117
fadenscheinig,-0.001445086705202312
fahrlässig,-0.001445086705202312
fallen,-0.009113850665848133
falsch,-0.00959128344160827
farblos,0.0089092366190939
faschistisch,0.0
fatal,-0.011530854093133494
faul,0.01823622691697785
fehlen,-0.11217538834040958
fehleranfällig,0.0
fehlerhaft,-0.001445086705202312
feige,0.012217163708288573
feindlich,-0.013943594727778064
feindselig,-0.01872644807066005
fesseln,0.011607584360666362
feuern,0.0061981004995992975
fies,0.0
finster,0.1262511296400498
flach,0.030035636946476374
flau,0.01805718962606783
flüchtend,-0.0014152471567173085
flüchtig,0.04694613535219193
folgenschwer,-0.001445086705202312
folgewidrig,0.0
fragil,0.0014749262536873156
fraglich,-0.002890173410404624
fragwürdig,-0.001445086705202312
frech,0.0003751257523829099
fremd,0.12375313315259096
fremdartig,-0.010115606936416185
freudlos,0.004514297406516958
frivol,2.9839548485003546e-05
fruchtlos,-0.004215901921666923
frustrieren,0.0
frustrierend,0.0
frustriert,0.0
fuchsteufelswild,0.0
furchtbar,-0.027678312616161098
furchterregend,0.0
fälschen,0.0
fürchten,-0.1347639265435572
fürchterlich,-0.016893447235152695
gallig,0.0
gammelig,0.0
gammeln,0.0
gammlig,0.0
garstig,-0.0028603338619196204
geblitzt,0.0
gebrechlich,2.9839548485003546e-05
gedankenlos,-0.002740975667979607
gedrängt,0.00014919774242501752
gefährden,-0.005750507272324245
gefährlich,-0.07499531092809522
gehandicapt,0.0
gehässig,-0.004335260115606936
geisteskrank,-0.001445086705202312
geistlos,-0.0028603338619196204
gekränkt,-0.004245741470151925
gelähmt,0.0014749262536873156
gemein,-0.09394342421607244
genervt,0.0
gering,-0.08598905314849864
geringwertig,0.0
geschmacklos,-0.004335260115606936
gestresst,0.0
gewaltsam,-0.027426807850358927
gewalttätig,-0.002890173410404624
geärgert,-0.001445086705202312
giftig,-0.0012063703173222848
glanzlos,0.0
gleichgültig,-0.06051460432758708
glücklos,0.004424778761061947
gnadenlos,0.0014749262536873156
grau,0.338376217027299
grauen,0.09426313366412604
grauenhaft,-0.004305420567121933
grauenvoll,0.013304175831670845
grausam,-0.00913090183641107
grausig,0.007493989462376592
grenzdebil,0.0
grimmig,0.0006266305181850743
grob,-0.025713165208791584
groggy,0.0
grotesk,0.004424778761061947
grottenschlecht,0.0
grottenübel,0.0
gruselig,-0.001445086705202312
grässlich,0.0077327058502566215
gräßlich,-0.004305420567121933
haarig,0.00023871638788002837
haarsträubend,-0.001445086705202312
habgierig,0.0
halbfertig,0.0
happig,0.0
harsch,0.0029796920558596346
hart,0.03717581461967365
hartnäckig,-0.017311200913942743
hassen,0.05531826009855576
heftig,-0.1384000886660869
heikel,-0.002890173410404624
heillos,-0.007195593977526556
heimsuchen,2.9839548485003546e-05
heimtückisch,-0.010085767387931181
heimzahlen,0.0014749262536873156
hektisch,0.0
hemmen,0.02838167340187904
herabsetzen,0.0
herausfordern,-0.002890173410404624
herrisch,0.005959384111719269
herunter,-0.06826009855576584
heruntermachen,0.0
herzlos,0.00014919774242501752
heucheln,-0.005660988626869234
heuchlerisch,0.00011935819394001419
hilflos,-0.015657237369345406
hinfällig,-0.008670520231213872
hinterlistig,-0.001445086705202312
hochtrabend,-0.001445086705202312
hoffnungslos,0.00047743277576005674
hungern,0.0151073371186932
hungrig,0.00782222449571163
hysterisch,-0.001445086705202312
hämisch,0.005989223660204273
hässlich,-0.015388681432980375
häßlich,0.0029796920558596346
höhnisch,0.001833000835507359
idiotisch,0.0
illegal,0.0
illoyal,0.0
immobil,0.0
ineffizient,0.0
infiltrieren,0.0
inkompetent,0.0
inkonsequent,0.0
inkonsistent,0.0
inkorrekt,0.0
instabil,0.0
intervenieren,0.0
intolerant,0.0
irrational,0.0
irre,0.18992872610704722
irrsinnig,0.00011935819394001419
isolieren,0.0
jammern,0.011070472487936293
jähzornig,-0.002890173410404624
kacken,0.0
kahl,0.04631950483400686
kalt,0.21561205176735385
kaltherzig,-0.001445086705202312
kapitulieren,0.0
kaputt,-0.004335260115606936
katastrophal,0.0
keimig,0.0
kentern,0.0029498525073746312
kippen,-0.001445086705202312
klagen,0.17224239944072162
klein,-0.06624806042934839
klobig,0.0
knapp,0.012038126417378553
knurrig,0.0
kollabieren,0.0
kollidieren,0.0
kompliziert,-0.001445086705202312
konfrontieren,0.0
konkurrieren,0.0
kontraproduktiv,0.0
kontrovers,0.0
korrupt,-0.001445086705202312
kostenintensiv,0.0
kostspielig,-0.0072254335260115606
kraftlos,0.00020887683939502417
krank,0.013325489794874412
kranken,0.007941582689651644
krass,0.0
kriechen,-0.0003111838627721797
kriegerisch,-0.005690828175354238
kriminell,0.0
kritisch,-0.001445086705202312
kritisieren,0.0
krude,0.0
krumm,-0.003977185533786894
kränkeln,-0.005780346820809248
kränken,-0.00370862959742186
kränklich,-0.007195593977526556
kurz,-0.13800791174314117
kurzsichtig,-0.0014152471567173085
kämpfen,0.03008252766552423
kümmerlich,-0.007165754429041554
kündigen,-0.014241990212628099
kürzen,0.0016539635445973373
labil,0.0
laienhaft,0.0
lakonisch,-0.001445086705202312
langatmig,0.0
langsam,-0.012195849745085002
langweilen,-0.005720667723839241
langweilig,-0.01872644807066005
lasch,-0.05013044145480588
launisch,-0.002890173410404624
lebensfeindlich,0.0014749262536873156
lebensgefährlich,-0.002890173410404624
leblos,-0.0012660494142922914
leer,0.1837434139853701
leichtgläubig,-0.0014152471567173085
leichtsinnig,-0.03468208092485549
leiden,0.05435913175439494
leider,-0.05862192439510972
leistungsunfähig,0.0
leugnen,-0.022852831346871966
lieblos,0.00445461830954695
liquidieren,-0.001445086705202312
loswerden,-0.005780346820809248
lächerlich,-0.03031698126076355
lädiert,0.0
lähmen,0.00029839548485003503
läppisch,-0.002890173410404624
lästig,-0.017251521816972735
löschen,0.08113799512336521
lückenhaft,-0.001445086705202312
machtlos,0.0030692107013146454
mager,-0.01117277951131345
magern,-0.001445086705202312
makelhaft,0.0
mangelbehaftet,0.0
mangelhaft,0.0014749262536873156
mangeln,-0.005720667723839241
manipulieren,0.0
matt,0.20485276314218973
mau,0.03877009906730097
maßlos,-0.004275581018636929
meckern,-0.008670520231213872
meiden,-0.0030819990792367857
melancholisch,-0.005660988626869234
melodramatisch,0.0
menschenunwürdig,0.0
merkwürdig,-0.06502890173410404
mies,0.0
miesepetrig,0.0
mindern,-0.0013555680597473014
minderwertig,0.0
miserabel,-0.004335260115606936
missachten,5.967909697000709e-05
mißachten,0.0
missbrauchen,-0.0014152471567173085
mißbrauchen,0.0
missfallen,-0.0013555680597473014
mißfallen,0.0
missgelaunt,0.0
missglücken,0.0
mißglücken,0.0
misslingen,-0.004275581018636929
mißlingen,0.0
missmutig,-0.008670520231213872
mißmutig,0.0
missraten,-0.0014152471567173085
misstrauisch,-0.011530854093133494
missverstehen,-0.004335260115606936
misten,-0.001445086705202312
mittellos,-0.001445086705202312
mittelmäßig,0.0
monoton,0.0015047658021723192
morbid,0.0
morden,-0.008163247906968811
murren,0.012008286868893549
mutlos,-0.0072254335260115606
mörderisch,0.007404470816921581
müde,0.2550173069381213
mühsam,-0.01686360768666769
mürrisch,-0.012856582604395792
nachlassen,-0.005780346820809248
nachlässig,-0.025922042048186607
nachteilig,-0.001445086705202312
naiv,-0.01872644807066005
negativ,0.0
neidisch,0.009028594813033915
nerven,-0.022882670895356963
nervenaufreibend,0.0
nervig,0.0015047658021723192
nervös,-0.014361348406568112
neutralisieren,0.0
niedergeschlagen,-0.0072254335260115606
niedergleitend,0.0
niederschlagen,-0.002711136119494603
niederschmetternd,0.0
niederträchtig,-0.004305420567121933
niedrig,-0.025713165208791584
nutzlos,-0.002711136119494603
närrisch,0.0032780875407096705
nörgeln,0.0014749262536873156
nötigen,-0.024566473988439308
oberflächlich,-0.017341040462427744
ominös,0.0
ordnungswidrig,0.0
panisch,-0.008581001585758863
peinlich,-0.041788156256927035
pessimistisch,0.0
pflichtwidrig,0.0
pikiert,2.9839548485003546e-05
planlos,5.967909697000709e-05
prekär,0.0
primitiv,-0.001445086705202312
problematisch,0.0014749262536873156
profan,0.0
protestieren,-0.008670520231213872
provisorisch,-0.001445086705202312
provozieren,0.0
prügeln,0.0030095316043446383
qualvoll,0.0031587293467696554
quälen,0.011726942554606379
rabiat,-0.001445086705202312
radikal,-0.002890173410404624
rammen,-0.002890173410404624
ramponieren,0.0
rasend,0.005081248827732025
rauh,0.12130202738417994
rausgeschmissen,0.0
rebellisch,-0.001445086705202312
rechthaberisch,0.0
rechtswidrig,-0.001445086705202312
reduzieren,-0.001445086705202312
renitent,0.0
repetiv,0.0
riskant,0.0
riskieren,-0.001445086705202312
rosten,0.011888928674953536
ruchlos,0.00011935819394001419
ruckeln,0.0
ruinös,0.0
ruppig,-0.004335260115606936
rutschen,-0.007165754429041554
rächen,-0.0008184561870172372
rückläufig,0.0
rücksichtslos,-0.009966409193991166
rückständig,-0.001445086705202312
rückwärts,0.01670162156632053
rüde,0.025252783603594387
sabotieren,0.0
sauer,-0.003887666888331885
schade,-0.09628369737582484
schadhaft,-0.004335260115606936
schal,0.2777678312616161
schamlos,0.00011935819394001419
schauerlich,0.014808941633843163
schaurig,0.041417293297184854
scheiden,0.1356250106569816
scheiss,0.0
scheisse,0.0
scheiß,0.0
scheiße,0.0
schelten,0.008120619980561662
scheusslich,0.0
scheußlich,-0.004335260115606936
schimmelig,0.0
schimmlig,0.0
schimpfend,-0.002890173410404624
schlaff,0.04000204614046754
schlagen,0.13718092997084247
schlapp,0.0015644448991423265
schlecht,-0.030862618718775048
schleppend,0.003039371152829642
schlicht,0.04767507289375415
schließen,-0.06741606561290431
schlimm,-0.059708936518491997
schlimmer,-0.007195593977526556
schlotterig,0.0
schlottern,0.0015346053506573227
schmerzen,0.08307330298224973
schmerzerfüllt,0.0014749262536873156
schmerzhaft,0.0001790372909100217
schmerzlich,0.029008303920064114
schmerzvoll,0.0015644448991423265
schmuggeln,0.0
schmutzig,-0.002532098828584583
schocken,0.0
schockierend,0.0
schonungslos,-0.001445086705202312
schrecklich,-0.05148600951455318
schrumpfen,0.007404470816921581
schubsen,0.0
schuftig,0.0
schulden,-0.005481951335959214
schuldhaft,0.0
schuldig,-0.13391563080805496
schwach,0.0603995089262878
schwer,0.2832583081828568
schwerfällig,-0.011471174996163486
schwerwiegend,0.0
schwierig,-0.03895766194349242
schwinden,0.0940883591658567
schwindlig,-0.0013854076082323048
schwächen,-0.002890173410404624
schwächlich,8.951864545501086e-05
schäbig,-0.005780346820809248
schädigend,-0.002890173410404624
schädigen,-0.023121387283236993
schädlich,-0.015895953757225433
schämen,-0.029511313451668464
seicht,8.951864545501086e-05
seltsam,0.001270312206933022
senken,0.12998959878595667
sinken,0.37399611233311164
sinnlos,-0.005541630432929219
skandalös,-0.002890173410404624
skeptisch,0.0
skrupellos,-0.002890173410404624
sorgen,0.041630432929220584
sorgenschwer,0.004424778761061947
sprengen,0.0288591061776391
spröde,0.0089092366190939
stagnieren,0.0
starr,0.20832693914437225
statisch,-0.001445086705202312
stehlen,-0.0003410234112571839
stilllegen,0.0
stillstehen,-0.004305420567121933
stinken,-0.0028006547649496137
stocken,-0.0033803945640868277
stornieren,0.0
stottern,-0.01872644807066005
stoßen,-0.10353470765768066
strafbar,-0.004335260115606936
streiken,0.0
streiten,0.02036762323733525
streng,-0.10565331560011595
strittig,0.0
stumpfsinnig,2.9839548485003546e-05
stupide,0.0
stur,0.4575425852984807
stören,-0.008875134277968183
stümperhaft,0.0
stürmisch,0.006824731017784372
stürzen,0.03871041997033098
suboptimal,0.0
tadeln,-0.009876890548536157
tadelnswert,-0.001445086705202312
tatenlos,0.0
terrorisieren,0.0
teuer,-0.05692107013146454
teuflisch,-0.001325728511262298
tot,0.06993963885620746
totalitär,0.0
tragisch,-0.004275581018636929
trauern,0.08758760038876669
traumatisch,0.0
traumatisieren,0.0
traurig,0.06516957389124764
trennen,0.0032354596143025216
trist,-0.0013854076082323048
trostlos,-0.006837519395706516
trottelig,0.0
trotten,-0.001445086705202312
trotzen,0.03124200726379866
träge,0.05263696352754617
trüb,0.2646853206472624
trügerisch,0.00011935819394001419
turbulent,0.0
tyrannisch,-0.0014152471567173085
täuschen,-0.029750029839548484
tödlich,-0.008372124746363837
töricht,-0.012707384861970775
töten,-0.07304295189864785
umgetauscht,0.0
umstritten,0.0
umständlich,-0.01300578034682081
umtauschen,0.0
umweltschädlich,0.0
unachtsam,0.0
unangemessen,0.0
unangenehm,-0.033236994219653176
unanständig,-0.0072254335260115606
unattraktiv,0.0
unaufgefordert,0.0
unaufhörlich,-0.02730744965641891
unaufrichtig,0.0
unbarmherzig,0.0030095316043446383
unbedacht,0.0015644448991423265
unbedeutend,-0.01878612716763006
unbefriedigend,-0.002890173410404624
unbefriedigt,-0.004275581018636929
unbefugt,0.0
unbegründet,-0.002890173410404624
unbeliebt,0.0
unbequem,-0.02014169522737736
unberechtigt,-0.004335260115606936
unbestimmt,-0.01586611420874043
unbewiesen,0.0
unbotmäßig,0.0
unbrauchbar,-0.002890173410404624
undankbar,-0.002830494313434617
undemokratisch,0.0
undiplomatisch,0.0
undiszipliniert,0.0
undurchführbar,-0.001445086705202312
undurchsichtig,0.0014749262536873156
unehrlich,-0.005780346820809248
uneinig,-0.002890173410404624
uneinsichtig,0.0
unerbittlich,-0.01719184272000273
unerfreulich,0.0
unerhört,-0.011321977253738468
unerklärlich,-0.007195593977526556
unerlaubt,-0.001445086705202312
unerquicklich,-0.0028603338619196204
unerträglich,-0.023091547734751992
unerwartet,-0.051993281838798235
unerwiesen,0.0
unerwünscht,0.0
unfair,0.0
unfein,0.0
unfreiwillig,-0.004335260115606936
unfreundlich,-0.010115606936416185
unfähig,-0.005750507272324245
ungebeten,0.0029498525073746312
ungebührlich,-0.0028603338619196204
ungedeckt,-0.001445086705202312
ungeduldig,-0.036037648984602794
ungeeignet,-0.001445086705202312
ungeheuer,-0.007268061452418706
ungeheuerlich,-0.0013854076082323048
ungehobelt,0.0
ungehorsam,-0.010115606936416185
ungeliebt,0.0029498525073746312
ungemütlich,-0.002890173410404624
ungenau,0.0015047658021723192
ungeordnet,0.0
ungerecht,-0.021586781932579673
ungerechtfertigt,-0.002890173410404624
ungeschickt,-0.01872644807066005
ungeschminkt,-0.001445086705202312
ungesetzlich,-0.001445086705202312
ungesund,5.967909697000709e-05
ungewohnt,-0.017311200913942743
ungewollt,2.9839548485003546e-05
ungezogen,-0.0014152471567173085
ungeübt,0.0014749262536873156
unglaubwürdig,0.0
ungleich,-0.004275581018636929
unglücklich,-0.08806077037188603
ungültig,0.0
ungünstig,0.0
unheilbar,-0.010085767387931181
unheilvoll,0.003039371152829642
unhöflich,-0.01878612716763006
uninformiert,0.0
unklar,-0.005750507272324245
unklug,-0.004335260115606936
unkorrekt,-0.001445086705202312
unkritisch,0.0
unlauter,2.9839548485003546e-05
unliebsam,-0.002890173410404624
unlogisch,0.0
unmenschlich,-0.004335260115606936
unmoralisch,0.0
unmöglich,-0.0967014510546149
unnötig,-0.01300578034682081
unnütz,-0.021586781932579673
unpassend,-0.001445086705202312
unpersönlich,0.0
unpopulär,0.0
unpraktisch,-0.001445086705202312
unqualifiziert,0.0
unredlich,-0.001445086705202312
unregelmäßig,-0.005780346820809248
unrentabel,0.0
unruhig,-0.06638446979385135
unrühmlich,0.0
unsachgemäß,0.0
unsauber,-0.001445086705202312
unscharf,0.0
unschön,-0.0013854076082323048
unselig,0.006108581854144287
unseriös,0.0
unsicher,-0.020171534775862362
unsinnig,-0.014421027503538117
unsittlich,0.0
unsolidarisch,0.0
unsolid,0.0
unsozial,0.0
unsportlich,0.0
unstetig,0.0
unsäglich,0.003218408443739662
untauglich,0.0
unten,-0.00966375091650043
unterbelichten,0.0
unterbrechen,-0.0967014510546149
unterdrücken,-0.02167630057803468
unterentwickelt,0.0
untergehen,-0.021258546899244633
untergraben,2.9839548485003546e-05
unterirdisch,-0.0014152471567173085
unterlassen,-0.01728136136545774
unterlaufen,-0.004335260115606936
unterliegen,0.00026855593636503083
unterstellen,-0.001445086705202312
unterwerfen,-0.02595188159667161
unterwürfig,0.0
untragbar,0.0
untreu,-0.004275581018636929
untröstlich,-0.001445086705202312
unverantwortlich,-0.002890173410404624
unverantwortliche,-0.001445086705202312
unverbesserlich,-0.0072254335260115606
unvereinbar,0.0
unverhältnismäßig,-0.0014152471567173085
unverlangt,0.0
unvermeidlich,-0.004305420567121933
unvernünftig,-0.00864068068272887
unverständlich,-0.008610841134243865
unvollkommen,-0.001445086705202312
unvollständig,0.0
unvorhergesehen,-0.0028603338619196204
unwahr,-0.01878612716763006
unwichtig,0.0
unwillig,-0.005660988626869234
unwirksam,-0.002890173410404624
unwirtlich,0.00445461830954695
unwirtschaftlich,0.0
unwissend,-0.005660988626869234
unwürdig,-0.010085767387931181
unzivilisiert,0.0
unzufrieden,-0.01300578034682081
unzulässig,-0.001445086705202312
unzumutbar,0.0
unzurechnungsfähig,-0.001445086705202312
unzureichend,-0.001445086705202312
unzusammenhängend,-0.0072254335260115606
unzuverlässig,0.0
unzüchtig,0.0
unübersichtlich,0.0
unüblich,0.0
vage,0.0015047658021723192
verabscheuungswürdig,0.0
verachten,-0.009608334612171122
veraltet,0.0015047658021723192
verarschen,0.0
verbannen,0.0178184732381878
verbeulen,0.0
verbieten,-0.04759834262622129
verbittert,0.0029796920558596346
verblassen,0.022183572902279743
verboten,-0.0013854076082323048
verdammen,0.006287619145054307
verdammt,-0.008312445649393832
verdecken,0.0031587293467696554
verderben,0.019041894726072955
verderblich,0.0044844578580319535
verdorben,-0.0028006547649496137
verdrießlich,-0.008581001585758863
verdrängen,0.0001790372909100217
verdunkeln,0.012038126417378553
vereiteln,-0.004335260115606936
verfallen,-0.010963902671918428
verfassungswidrig,0.0
verfehlen,-0.005690828175354238
verfluchen,0.001982198577932373
verfälschen,0.0
vergammelt,0.0
vergeblich,-0.03727385885041008
vergelten,-0.007046396235101539
vergeuden,0.008879397070608898
vergewaltigen,0.0
verharmlosen,0.0
verhasst,-0.009817211451566152
verheeren,0.007404470816921581
verheerend,0.0029796920558596346
verherrlichen,2.9839548485003546e-05
verhängnisvoll,-0.010085767387931181
verhöhnen,0.019353078588845125
verirren,0.010622879260661244
verkehrswidrig,0.0
verkleinern,-0.004335260115606936
verkrüppeln,0.0
verlangsamen,0.0
verletzbar,0.0
verletzen,-0.03588845124217777
verletzlich,-0.0014152471567173085
verletzt,-0.001325728511262298
verleumden,0.0
verlieren,0.023338789707913477
verlogen,-0.004305420567121933
vermeiden,-0.038927822395007416
vermindern,-0.002890173410404624
vernichten,-0.009429297321261104
vernichtend,0.0015644448991423265
verraten,-0.054346343376472796
verringern,-0.0072254335260115606
verrucht,0.007493989462376592
verräterisch,-0.002830494313434617
verrückt,0.0016838030930823398
verschimmelt,0.0
verschlechtern,0.0014749262536873156
verschleppen,0.0014749262536873156
verschleudern,-0.004335260115606936
verschlingen,0.025879414121779458
verschmutzen,0.0
verschwenden,0.014928299827783178
verschwenderisch,8.951864545501086e-05
verschwinden,-0.0463578699677733
versenken,0.034042662028748276
versklaven,0.0
versklavt,0.0
verspielen,2.9839548485003546e-05
verspätet,-0.004335260115606936
verstimmen,-0.018756287619145055
verstopfen,-0.00864068068272887
verstoßen,0.01941275768581513
verstricken,0.0030095316043446383
vertreiben,-0.008073729261513805
verurteilen,-0.010055927839446178
verwelken,0.016343546984500485
verwerflich,0.0
verwickeln,-0.010115606936416185
verwirren,0.0008653469060651009
verworren,0.03262741487203097
verwunden,-0.011232458608283459
verwüsten,0.0015644448991423265
verzerren,0.0029796920558596346
verzichten,-0.0010571725748972673
verzweifeln,0.001982198577932373
verzweifelt,-0.034532883182430474
verzwickt,-0.002890173410404624
verzögern,-0.0014152471567173085
verächtlich,-0.023061708186266988
verängstigen,0.0
verärgern,0.0
volltrunken,0.0
vorhersehbar,0.0
vorwerfen,-0.008670520231213872
vorzeitig,0.0
vulgär,0.0
wackelig,-0.002890173410404624
wackeln,-0.002740975667979607
wahnsinnig,-0.012826743055910788
wankelmütig,0.0029498525073746312
wegfallen,0.0
weglassen,0.0
wehklagend,-0.0014152471567173085
weinen,0.3015158490630382
welken,0.08581427865022934
wertlos,-0.0028603338619196204
wettbewerbswidrig,0.0
wichtigtun,0.0
widerlegen,-0.005780346820809248
widernatürlich,0.0
widerrufen,0.0015047658021723192
widersinnig,-0.001445086705202312
widerspenstig,-0.005780346820809248
widersprechen,-0.014421027503538117
widersprüchlich,0.0
widerwärtig,-0.004275581018636929
widrig,-0.011530854093133494
willkürlich,-0.06496922263713403
wirkungslos,-0.001445086705202312
wirr,0.1469597762886422
wutentbrannt,2.9839548485003546e-05
wutschäumend,0.0
würgen,0.0077327058502566215
wüten,-0.009697853257626135
wütend,-0.0142718297611131
zahlungsunfähig,0.0
zappeln,-0.005571469981414223
zaudern,0.012038126417378553
zensieren,0.0
zerbrechen,0.0493588759868365
zerfressen,0.0029796920558596346
zerren,0.007673026753286613
zerrissen,-0.003977185533786894
zerschlagen,0.020887683939502445
zerschmettern,-0.0011466912203522764
zerschunden,0.0014749262536873156
zersetzen,0.0015047658021723192
zersetzend,0.0
zerstreuen,-0.005392432690504205
zerstören,0.0007161491636400868
zerstörerisch,0.0
zerstört,-0.0013555680597473014
ziellos,0.0089092366190939
zittern,0.24275751530342557
zornig,-0.029839548485003496
zurückbleiben,-0.023061708186266988
zurückgeben,-0.010055927839446178
zurückgegeben,0.0014749262536873156
zurückgehen,-0.005750507272324245
zurückgeschickt,0.0
zurückhalten,-0.02745664739884393
zurückschicken,-0.005780346820809248
zusammenbrechen,0.0030692107013146454
zusammenhanglos,0.0
zusammenrechen,0.0
zusammenschlagen,-0.0028006547649496137
zusammenstoßen,-0.004335260115606936
zwecklos,-0.010085767387931181
zweideutig,-0.004335260115606936
zweifelhaft,-0.012916261701365797
zweifeln,-0.02177860760141183
zweitklassig,0.0
zwiespältig,0.0
zwieträchtig,0.0
zwingen,0.007349054512592268
zögern,-0.019276348321312253
züchtigen,-0.002830494313434617
ärger,-0.0777064470475898
ärgernis,-0.002890173410404624
übel,-0.06699404914147356
überfüllung,0.0
übergewicht,-0.002890173410404624
überhöhung,0.0
überlastung,0.0
übermaß,-0.002830494313434617
überschreitung,0.0
überschuß,0.0
überschwemmung,0.0
übertreibung,-0.001445086705202312
ängstigen,-0.02294234999232697
ängstlich,-0.06581751837263629
ärgerlich,-0.027396968301873922
ärgern,-0.04750882398076628
öde,0.11948607771923543
übellaunig,0.0
überfallen,-0.0271880914624789
überfluten,-0.004335260115606936
überflüssig,-0.028871894555561238
übergewichtig,0.0
überhöhen,0.0014749262536873156
überlasten,0.0
übermäßig,-0.005780346820809248
überschreiten,-0.002651457022524596
überschwemmen,0.0014749262536873156
übersehen,-0.01150101454464849
übertreiben,-0.01150101454464849
übertreten,-0.004335260115606936
übertrieben,-0.014450867052023121
überwältigen,-0.01878612716763006
abmachung,0.0
abschluß,0.0
abstimmung,0.0014749262536873156
agilität,0.0
aktivität,0.0
aktualisierung,0.0
aktualität,0.0
akzeptanz,0.0
andrang,0.0
anerkennung,-0.005750507272324245
angebot,-0.004335260115606936
angemessenheit,0.0
anhebung,0.0
anheiterung,0.0
ankurbelung,0.0
annehmlichkeit,-0.008670520231213872
annäherung,-0.008670520231213872
anpassung,0.0
anpassungsfähigkeit,0.0
anreicherung,0.0
anspruch,-0.053438368544000546
anstand,-0.01728136136545774
anstieg,-0.008670520231213872
anständigkeit,-0.001445086705202312
anteil,-0.015895953757225433
anziehung,-0.002890173410404624
applaus,0.0058997050147492625
attraktivität,0.0
aufbereitung,0.0
aufbesserung,-0.004335260115606936
auferstehung,0.011888928674953536
aufmerksamkeit,-0.051993281838798235
aufmunterung,-0.002890173410404624
aufrichtigkeit,-0.005780346820809248
aufschwung,2.9839548485003546e-05
aufstieg,-0.002830494313434617
aufstockung,0.0
auftrag,-0.05771394956263747
auftrieb,0.0
aufwertung,0.0
aufwärtstrend,0.0
augenweide,0.0029796920558596346
ausbau,-0.002890173410404624
ausbildung,-0.004335260115606936
ausdauer,-0.012975940798335805
ausgleich,-0.010085767387931181
ausgleichszahlung,0.0
auszeichnung,-0.002890173410404624
authentizität,0.0
autonomie,0.0
bedeutung,-0.02595188159667161
befreiung,-0.004215901921666923
befriedigung,-0.02014169522737736
beförderung,-0.001445086705202312
begeisterung,-0.014241990212628099
begnadigung,0.0
begünstigung,-0.002890173410404624
beifall,-0.002532098828584583
beifallsruf,0.0
beilegung,0.0
beisteuerung,0.0
beitritt,0.0
bekräftigung,0.0
belastbarkeit,0.0
belebtheit,0.0
beliebtheit,0.0
belohnung,0.0030095316043446383
benefiz,0.0
bereicherung,0.0
bereitschaft,-0.010115606936416185
bereitstellung,0.0
beruhigung,-0.010055927839446178
bescheidenheit,-0.012975940798335805
beschleunigung,-0.001445086705202312
beschwichtigung,-0.001445086705202312
besitz,-0.15602247344280185
besserung,-0.015895953757225433
bestätigung,-0.008670520231213872
beteiligung,0.0
bewunderer,-0.005780346820809248
bewunderung,-0.030346820809248554
bildung,-0.03456272273091548
blüte,0.23302555970467373
bonität,0.0
bonus,0.0
boom,0.0
brillanz,0.0
brüderlichkeit,0.0014749262536873156
bund,0.05329343359421625
bündnis,-0.0014152471567173085
champion,0.0
charisma,0.0
charme,0.0
cleverness,0.0
comeback,0.0
dankbarkeit,-0.024476955342984295
diskretion,-0.002890173410404624
disziplin,-0.001445086705202312
duft,0.5138881784234487
dynamik,0.0
echtheit,0.0
effizienz,0.0
ehre,-0.063907787269596
ehrfurcht,-0.014331508858083108
ehrlichkeit,-0.00864068068272887
ehrwürdigkeit,-0.001445086705202312
eifer,-0.05693812130202739
eigenkapital,0.0
eignung,-0.001445086705202312
eindeutigkeit,0.0
einfallsreichtum,0.0
einhaltung,0.0
einheit,0.0051110883762170295
einheitlichkeit,0.0
einkauf,-0.02023121387283237
einnahme,-0.008670520231213872
einsparung,0.0
einweihung,0.0
einzigartigkeit,0.0
eleganz,-0.005780346820809248
empathie,0.0
empfehlung,-0.010115606936416185
engagement,-0.001445086705202312
entlastung,0.0
entlohnung,0.0
entschluß,-0.001445086705202312
entschlüsselung,0.0
entschädigung,-0.007195593977526556
entspannung,0.0
entwirrung,0.0
erbe,0.08504271318225998
erfahrung,-0.044738008764301666
erfolg,-0.12633212270022337
erfolgserlebnis,0.0
erfüllung,0.0049618906337920085
ergiebigkeit,0.0
ergänzung,0.0
erhaltung,-0.06358381502890173
erholung,-0.010085767387931181
erhöhung,-0.008670520231213872
erlaubnis,-0.024536634439954304
erleichterung,-0.011560693641618497
erleuchtung,0.0015047658021723192
erlösung,0.0177886336897028
ermutigung,0.0
erneuerung,-0.001445086705202312
ernsthaftigkeit,0.0
ersparnis,-0.004335260115606936
ertrag,-0.05669940491414736
erweiterung,0.0
erzeugnis,-0.002890173410404624
experte,0.0
expertise,0.0
exzellenz,-0.001445086705202312
fairness,0.0
faszination,0.0
favorit,0.0014749262536873156
feier,0.06872900574624448
fertigkeit,-0.012975940798335805
fest,0.011202619059798413
festakt,0.0
festigkeit,-0.005690828175354238
festlichkeit,-0.0028603338619196204
finanzierung,0.0
fitness,0.0
flair,0.0
fleiß,0.026177809606629493
flexibilität,0.0
fortschritt,-0.00864068068272887
freiheit,0.045799444131839645
freispruch,0.0
freude,0.14714307637219293
freund,-0.1473732671747916
freundlichkeit,-0.01728136136545774
freundschaft,-0.05579143008167511
frieden,0.1602511637423909
fruchtbarkeit,0.008849557522123894
funktionsfähigkeit,0.0
furchtlosigkeit,0.0
fähigkeit,-0.010026088290961174
förderung,-0.001445086705202312
führung,-0.04615325592101898
fülle,0.11003120364213004
gabe,-0.04580796971712106
garantie,-0.002890173410404624
gastfreundlichkeit,0.0
gedenken,0.03121643050795439
geduld,-0.044631438948283794
gefallen,-0.11625914369021434
gehaltszulage,0.0
gelassenheit,-0.008670520231213872
geldgeber,0.0
gemeinschaft,-0.017311200913942743
genauigkeit,-0.0072254335260115606
genehmigung,-0.004335260115606936
genesung,-0.001325728511262298
genialität,0.0
genie,0.02451105768411002
genuss,0.001163742390915136
genuß,0.004514297406516958
gerechtigkeit,-0.008401964294848841
geräumigkeit,0.0
geschenk,-0.041489760772077
geschick,0.029055194639111992
geschicklichkeit,-0.010115606936416185
gesundheit,-0.02444711579449929
gesundung,0.0
gewinn,0.0016582263372380557
gewinner,0.0015047658021723192
gewährleistung,0.0
glamour,0.0
glanz,0.3883404095691169
glaube,-0.13530530120892797
glaubwürdigkeit,0.0
gleichstellung,0.0
glück,0.275691851245588
glückseligkeit,-0.007165754429041554
glückwunsch,-0.007195593977526556
gnade,0.06343888007911742
gratulation,-0.002890173410404624
grenzenlosigkeit,0.0
großzügigigkeit,0.0
größe,-0.012140433440755709
gründlichkeit,-0.005780346820809248
gunst,0.011100312036421298
gönner,-0.011560693641618497
gönnerschaft,0.0
gültigkeit,-0.010115606936416185
güte,0.011637423909151373
hammer,0.05622623493102802
harmonie,0.029707401913141335
harmonisierung,0.0
hartnäckigkeit,-0.001445086705202312
heiligtum,0.01495813937626818
heilung,-0.004245741470151925
heirat,-0.11259740481184033
heiterkeit,-0.002532098828584583
helligkeit,-0.0014152471567173085
herrlichkeit,0.0391835899534503
highlight,0.0
hilfe,-0.08478268283117636
hilfsbereitschaft,0.0
hingabe,-0.004335260115606936
hochdruckgebiet,0.0
hochruf,0.0
hochwertigkeit,0.0
hoffnung,0.037354851910583686
humanität,0.0
humor,-0.0041860623731819185
hurra,0.01923372039490511
hurrageschrei,-0.001445086705202312
höflichkeit,-0.04181799580541204
höhepunkt,-0.001445086705202312
individualität,0.0
innovation,0.0
inspiration,-0.001445086705202312
integrität,0.0
intellekt,0.0
intelligenz,0.0
interesse,-0.04907326887990861
interessenvertretung,0.0
investition,0.0
jubel,0.1755929544563234
jubiläum,-0.001445086705202312
kauf,-0.10547427830920593
klarheit,0.007881903592681636
komfort,0.0
kommunikation,0.0
kompatibilität,0.0
kompensation,0.0
kompetenz,0.0
kompliment,-0.010055927839446178
kompromiss,0.0
konjunkturaufschwung,0.0
konsens,0.0
konsistenz,0.0
konsolidierung,0.0
konstanz,0.0014749262536873156
konsultation,0.0
kontinuität,0.0
kooperation,0.0
koordinierung,0.0
korrektheit,0.0
korrektur,0.0014749262536873156
kostbarkeit,-0.005780346820809248
kraft,0.22963237676266476
kreativität,0.0
kulanz,0.0
kur,-0.21294354357426637
langlebigkeit,0.0
laune,-0.03688594472010504
lebensfähigkeit,0.0
legalität,0.0
legitimität,0.0
leichtigkeit,-0.0072254335260115606
leidenschaft,-0.02156973076201682
leistung,-0.015895953757225433
leistungsfähigkeit,0.0
liberalismus,-0.001445086705202312
liebe,0.33997902706020766
liebling,0.004053915801319759
linderung,5.967909697000709e-05
lob,-0.023445359523931314
lohn,0.07975258751513292
loyalität,0.0
luxus,-0.005750507272324245
lösung,0.012217163708288573
macht,0.22133271949119304
magie,0.0029796920558596346
majestät,0.029617883267686326
maximum,0.0
meisterschaft,5.967909697000709e-05
meisterwerk,0.0
menschenwürde,0.0029498525073746312
menschlichkeit,0.007434310365406585
milde,0.03145088410319369
mitgefühl,-0.001325728511262298
mobilität,0.0
modernisierung,0.0
modernität,0.0
moral,-0.014361348406568112
motivation,0.0
mut,0.14126894811328794
möglichkeit,-0.046183095469503985
nachhaltigkeit,0.0
nutzen,-0.07638071853632752
nähe,-0.14621805036915786
oase,-0.004215901921666923
optimalität,0.0
optimismus,0.0
optimist,0.0
ordnungsmäßigkeit,0.0
originalität,0.0
pannenhilfe,0.0
paradies,0.07443262229952087
partner,-0.001445086705202312
partnerschaft,0.0
perfektion,0.0
perfektionismus,0.0
perfektionist,0.0
pflege,-0.06898903609732808
phantasie,-0.015448360529950383
plausibilität,0.0
positivität,0.0
potenz,-0.001445086705202312
pracht,0.27947721111054274
praktikabilität,0.0
premium,0.0
prestige,0.0
privileg,0.0
produktivität,0.0
profit,-0.0014152471567173085
progression,0.0
prächtigkeit,0.0
präferenz,0.0
präzision,0.0
pünktlichkeit,-0.001445086705202312
qualifikation,0.0
qualität,-0.0072254335260115606
qualitätsverbesserung,0.0
rat,-0.3300680341705458
recht,-0.29159633058809487
rechtmäßigkeit,0.0
rechtsgültigkeit,-0.001445086705202312
rehabilitation,0.0
reichtum,-0.009608334612171122
reinheit,0.0032482479922246663
reinigung,-0.01878612716763006
relevanz,0.0
renovierung,0.0
rentabilität,0.0
respekt,-0.027367128753388918
rettung,0.00047743277576005674
robustheit,0.0
romantik,0.0014749262536873156
ruhe,0.29121267925043054
ruhm,0.09213173734376864
rückendeckung,0.0
rückgrat,-0.001445086705202312
rücksicht,-0.0517545654509182
rückversicherung,0.0
sauberkeit,-0.001445086705202312
schatz,0.06518236226916979
schenkung,0.0014749262536873156
schirmherr,0.0
schirmherrschaft,0.0
schlauheit,-0.005750507272324245
schmuck,0.08959963851518406
schnelligkeit,-0.02023121387283237
schnäppchen,0.0
schuldlosigkeit,0.0
schutz,-0.033816734018790394
schutzmaßnahme,0.0
schwung,0.03301532900233601
schönheit,0.1417890088154552
selbstständigkeit,0.0
sensation,-0.001445086705202312
seriösität,0.0
sicherheit,-0.054793936603747845
siegeszug,0.0
sinn,0.15312377444711583
solidarität,0.0
sorgfältigkeit,0.0
sorglosigkeit,-0.008670520231213872
sparsamkeit,-0.008670520231213872
spaß,-0.040014834518389684
spende,0.07103517656487118
spezialität,0.0
sprung,-0.026084028168533765
stabilität,0.0
standhaftigkeit,0.0
stattlichkeit,-0.001445086705202312
steigerung,-0.004335260115606936
steigflug,0.0
stifter,0.0014749262536873156
stiftung,-0.008670520231213872
stil,0.44998465394649345
stimulation,0.0
stolz,0.28487390659368766
stärke,-0.0031715177246917983
stütze,-0.05115777448121813
subvention,0.0
suchtfaktor,0.0
superlativ,0.0
symbiose,0.0
sympathie,-0.005720667723839241
talent,-0.010055927839446178
toleranz,0.0
tradition,0.0
treue,0.1125590396780739
triumph,-0.0022933824407045528
trophäe,-0.0013854076082323048
trost,0.11002694084948932
umbruch,0.0
unabhängigkeit,-0.005780346820809248
unbesiegbarkeit,0.0
unerschrockenheit,-0.001445086705202312
unfehlbarkeit,0.0
unparteilichkeit,-0.001445086705202312
unschuld,-0.02325353385509915
unsterblichkeit,0.008879397070608898
unterstützung,-0.004335260115606936
unverwundbarkeit,0.0
unverzichtbarkeit,0.0
unwiderstehlichkeit,-0.001445086705202312
upgrade,0.0
verantwortung,-0.010115606936416185
verband,-0.005750507272324245
verbesserung,0.0
verbund,-0.003917506436816889
verbundenheit,-0.001445086705202312
verbündete,-0.007195593977526556
verdienst,-0.002651457022524596
veredelung,0.0
verehrung,-0.017341040462427744
vereinbarung,0.0
vereinfachung,0.0
vereinigung,-0.011560693641618497
vererbung,0.0
verfeinerung,-0.001445086705202312
vergebung,0.00011935819394001419
vergrößerung,-0.004335260115606936
vergötterung,-0.001445086705202312
verhandelung,0.0
verlobung,-0.01878612716763006
verlöbnis,0.0
vermittlung,0.0
vernunft,-0.02300202908929698
verschönerung,-0.001445086705202312
versicherung,-0.014450867052023121
versprechen,-0.10766535372653332
verstand,-0.01795061981004996
verständnis,-0.025892202499701603
verstärkung,-0.001445086705202312
versöhnung,0.00011935819394001419
verteidiger,-0.002890173410404624
verteidigung,-0.005780346820809248
vertrag,-0.036037648984602794
vertrauen,-0.006492233191808611
vertrauenswürdigkeit,0.0
vertrauter,0.0
vertrautheit,-0.002890173410404624
verwendbarkeit,0.0
verwirklichung,-0.002890173410404624
vielseitigkeit,0.0
vielzahl,-0.001445086705202312
visionär,0.0
vitalität,0.0
vollständigkeit,0.0
vorbereitung,-0.03468208092485549
vorsicht,-0.10796374921138337
vorsorge,-0.001445086705202312
vorteil,-0.04332276160758436
wachsamkeit,-0.0028603338619196204
wachstum,0.0014749262536873156
wahrheit,0.025568230259007285
weichheit,2.9839548485003546e-05
weisheit,0.020188585946425225
weitsichtigkeit,0.0
wert,0.06530598325575052
wertschätzung,-0.002890173410404624
wertsteigerung,0.0
widerstandsfähigkeit,0.0
wiederbelebung,0.0
wiedergutmachung,0.0
wiederherstellung,-0.002890173410404624
wiederkehr,0.010891435197026275
wiedervereinigung,0.0
wille,-0.0839301243030334
wirksamkeit,0.0
wissen,-0.12428598223268028
witz,-0.017861101164594946
wohlergehen,-0.010115606936416185
wohlgefallen,-0.012826743055910788
wohlstand,-0.004305420567121933
wohltat,-0.005750507272324245
wohltäter,-0.004335260115606936
wohltätigkeit,0.0
wohlwollen,-0.02023121387283237
wunder,0.11252493733694818
wärme,0.10750763039882688
zenit,0.008849557522123894
ziel,0.15400617252374374
zuflucht,-0.001295888962777294
zufriedenheit,-0.014391187955053113
zugabe,-0.001445086705202312
zugänglichkeit,0.0
zulage,0.0
zulässigkeit,0.0
zuneigung,-0.008670520231213872
zusammenarbeit,0.0
zusammengehörigkeit,-0.002890173410404624
zusammenhalt,-0.011471174996163486
zuschuß,0.0
zustimmung,-0.010115606936416185
zuverlässigkeit,0.0
zuversicht,-0.024297918052074277
abgesichert,0.0
abmachen,-0.0028603338619196204
abschließen,-0.024536634439954304
absolut,-0.012975940798335805
abstimmen,0.0
abwechslungsreich,0.0
addieren,0.0
adrett,0.0
agil,0.0014749262536873156
akkurat,0.0
aktiv,0.0
aktualisieren,0.0
aktuell,0.0
akzeptabel,0.0
akzeptieren,0.0
allerbeste,0.0014749262536873156
allererste,0.0
allgemeingültig,0.0
allumfassend,0.0029498525073746312
anbieten,-0.01872644807066005
anerkannt,-0.004335260115606936
anerkennen,-0.008610841134243865
anerkennenswert,0.0
angemessen,-0.005780346820809248
angenehm,-0.11843743072961958
angesehen,-0.010115606936416185
anheben,-0.001325728511262298
anheitern,-0.002890173410404624
ankurbeln,0.0
anlocken,0.0015047658021723192
annehmbar,0.0
annähern,-0.001445086705202312
anpassen,0.0014749262536873156
anpassungsfähig,0.0
anreichern,0.0
ansehnlich,-0.02023121387283237
ansprechend,0.0
anspruchsvoll,-0.008670520231213872
ansteigen,-0.005750507272324245
anständig,-0.036127167630057806
anteilig,0.0
anvertrauen,-0.017072484526062713
anziehen,-0.05476409705526284
applaudieren,0.0014749262536873156
artig,-0.11530854093133493
atemberaubend,0.0
attraktiv,0.0
aufbereiten,0.0
aufbessern,0.0
aufblühen,0.005959384111719269
auferstehen,0.013423534025610858
aufmerksam,-0.1299981243712381
aufmuntern,-0.004335260115606936
aufmunternd,0.0
aufrecht,-0.01836837348884001
aufrichtig,-0.046242774566473986
aufschwingen,0.0029498525073746312
aufsteigen,-0.018577250328235033
aufstocken,0.0
auftreiben,-0.005750507272324245
aufwendig,0.0
aufwerten,0.0
aufwärts,0.036084539703650664
ausbauen,0.0
ausbilden,-0.008670520231213872
ausdauern,-0.0072254335260115606
ausführlich,-0.01878612716763006
ausgeflippt,0.0
ausgeglichen,0.0
ausgeweitet,0.0
ausgewogen,0.0
ausgewählt,0.0
ausgezeichnet,-0.011560693641618497
ausgleichen,-0.007195593977526556
auskommen,-0.03754241478677511
auskurieren,0.0
ausreichen,-0.005750507272324245
ausreichend,-0.001445086705202312
aussichtsreich,0.0
ausweiten,0.0
auszeichnen,-0.02167630057803468
authentisch,0.0
autonom,0.0
außergewöhnlich,-0.005780346820809248
außerordentlich,-0.05346820809248555
bahnbrechend,0.0
barmherzig,-0.00966801370914113
beachtenswert,0.0
beachtlich,0.0
beauftragen,-0.004335260115606936
bedarfsgerecht,0.0
bedarfsorientiert,0.0
bedarft,0.0
bedenken,-0.027797670810101115
bedeuten,-0.08180299077531672
bedeutend,-0.05777362865960748
bedeutsam,-0.0072254335260115606
beeindrucken,0.0
beeindruckend,0.0
befreien,0.008359336368441696
befriedigen,-0.030227462615308544
befriedigend,-0.0028603338619196204
befördern,-0.01586611420874043
begehrt,0.009058434361518918
begeistern,0.009058434361518918
beglückend,0.001713642641567344
begnadet,0.0014749262536873156
begnadigen,-0.0014152471567173085
begünstigen,-0.011560693641618497
behaglich,-0.024148720309649256
beheben,-0.004335260115606936
beheizbar,0.0
beherrscht,-0.004305420567121933
behutsam,-0.007046396235101539
behütet,0.0014749262536873156
beilegen,-0.0028603338619196204
beispielhaft,0.0
beisteuern,-0.0014152471567173085
beitragen,-0.007195593977526556
beitreten,0.0
bejubelt,0.0
bekannt,-0.08895169403379542
bekennend,-0.001445086705202312
bekräftigen,-0.001445086705202312
belastbar,0.0
beleben,0.012455880096168603
belehrbar,0.0
beliebt,-0.011560693641618497
belohnen,-0.005571469981414223
bemerkenswert,0.0
beneidenswert,-0.0014152471567173085
bequem,-0.0762315207939025
berauschend,0.01628386788753048
bereichern,-0.0028603338619196204
bereit,-0.22513086773406993
bereitstellen,-0.002890173410404624
beruhigen,-0.07505499002506522
beruhigend,-0.011560693641618497
berühmt,-0.046033897727078964
bescheiden,-0.0027537640459017465
beschleunigen,-0.011560693641618497
beschwichtigen,-0.011471174996163486
besitzen,-0.08409637321602129
besondere,-0.03468208092485549
besonders,-0.12265333265128651
besonnen,-0.011560693641618497
besser,-0.054346343376472796
bessern,-0.019783620645557318
bestehen,-0.07722901427182977
bestens,-0.004335260115606936
bestmöglich,0.0
bestätigen,-0.02023121387283237
beteiligen,-0.014450867052023121
beträchtlich,-0.008670520231213872
bevorzugt,-0.002890173410404624
bewegend,-0.0014152471567173085
bewirken,-0.010085767387931181
bewundern,-0.02131822599621464
bewundernswert,0.0
bewundert,-0.001445086705202312
bewährt,-0.004215901921666923
bezaubernd,-0.0028006547649496137
blendend,0.019621634525210156
blühen,0.3730540351595137
bombastisch,0.0
bombig,0.0
boomen,0.0
brandneu,0.0
bravourös,0.0
breitgefächert,0.0
brillant,0.0015047658021723192
brilliant,0.0
brillieren,-0.001445086705202312
brüderlich,0.0030095316043446383
bunt,0.2360947704059884
bärenstark,0.0
charakterstark,0.0
charismatisch,0.0
charmant,0.0014749262536873156
chic,-0.03830545466946306
clever,0.0
cool,0.0
dankbar,-0.03842055007076235
danken,-0.07980374102682147
dauerhaft,-0.002890173410404624
denkwürdig,0.0
detailliert,0.0
dienlich,-0.002890173410404624
diplomatisch,-0.004335260115606936
diskret,-0.004335260115606936
diszipliniert,0.0
dufte,0.13520299418555085
duften,0.12475915221579961
durchdacht,0.0014749262536873156
durchhalten,0.0
durchschlagend,0.0
dynamisch,0.0
edel,0.14024161508687574
effektiv,0.0
effektvoll,0.0
effizient,0.0
ehren,-0.02740975667979606
ehrenwert,-0.0028603338619196204
ehrfürchtig,0.0015047658021723192
ehrgeizig,0.0014749262536873156
ehrlich,-0.0428453288318243
ehrwürdig,-0.010055927839446178
eifern,-0.0012660494142922914
eifrig,-0.04738946578682626
eignen,-0.025981721145156615
eindeutig,0.0
eindrucksvoll,0.0
einfach,-0.09929322898016948
einfallsreich,0.0
einflußreich,0.0
einflussreich,0.0
einhalten,-0.004335260115606936
einheitlich,-0.004335260115606936
einkaufen,-0.008670520231213872
einmalig,-0.004335260115606936
einnehmen,-0.04470816921581667
einsparen,0.0
einträglich,0.0
einwandfrei,0.0
einweihen,-0.004305420567121933
einzigartig,0.0
elegant,-0.017311200913942743
empathisch,0.0
empfehlen,-0.033177315122683175
empfehlenswert,0.0
energisch,-0.018756287619145055
engagieren,-0.008670520231213872
engagiert,0.0
enorm,-0.001445086705202312
enthusiastisch,-0.0014152471567173085
entlasten,0.0029796920558596346
entlohnen,-0.001445086705202312
enträtseln,2.9839548485003546e-05
entschlossen,-0.046123416372533976
entschlüsseln,0.0
entschädigen,-0.011560693641618497
entspannen,0.0
entwirren,2.9839548485003546e-05
entzückend,0.004633655600456971
epochal,0.0
erarbeiten,-0.004335260115606936
erben,0.21660101965999962
erfahren,-0.16572032670042797
erfolgreich,-0.001445086705202312
erfreuen,-0.00789469197060378
erfreulich,-0.015836274660255428
erfrischend,-0.0028603338619196204
erfüllen,-0.026305693385850926
ergebnisreich,0.0
ergiebig,-0.002890173410404624
ergänzen,-0.0013555680597473014
erhalten,-0.1994944327928112
erhebend,-0.004245741470151925
erheblich,-0.010115606936416185
erholen,-0.13716387880027964
erholsam,0.0
erhältlich,0.0
erhöhen,0.004693334697426978
erkennbar,-0.010055927839446178
erklimmen,0.0016539635445973373
erklärt,0.026727709857281703
erlauben,-0.09790782137193718
erleichtern,-0.021616621481064677
erleuchten,0.015256534861118214
erlösen,0.047436356505874126
ermunternd,-0.002890173410404624
ermutigen,-0.010115606936416185
ermutigend,-0.001445086705202312
ermöglichen,-0.010115606936416185
erneuern,-0.005660988626869234
ernsthaft,-0.06337493818950671
erreichen,-0.08927992906713045
erschaffen,0.0038748785104097405
erschlossen,-0.0011168516718672722
ersprießlich,-0.002830494313434617
erstaunen,-0.10802342830835338
erstaunlich,-0.007195593977526556
erstklassig,0.0
erstrangig,0.0
erstrebenswert,0.0
ertragreich,0.0
erweitern,-0.008521322488788854
erweitert,-0.002890173410404624
erwünscht,-0.01722168226848773
erzeugen,-0.054793936603747845
erzielen,-0.0013555680597473014
etabliert,0.0
euphorisch,0.0
exakt,-0.002890173410404624
exklusiv,0.0
exorbitant,0.0
exotisch,-0.002890173410404624
explosiv,0.0
exponiert,0.0
exquisit,0.0
extravagant,0.0
exzellent,0.0
fabelhaft,-0.007195593977526556
fair,2.9839548485003546e-05
famos,-0.004305420567121933
fantasievoll,0.0
fantastisch,0.0
faszinieren,0.0
faszinierend,0.0
favorisieren,0.0
fehlerfrei,0.0
feiern,0.011249509778846319
fein,0.04391528978464371
fertig,-0.1497519054683104
fertigen,-0.04040274864869473
fesch,-0.0014152471567173085
fesselnd,5.967909697000709e-05
festlich,0.013632410865005884
fidel,0.00011935819394001419
finanzieren,0.0
findig,-0.008610841134243865
fit,0.035726465121830614
fleißig,-0.024148720309649256
flexibel,0.0
flink,0.025491499991474414
florieren,0.0
flott,0.0044844578580319535
flüssig,-0.0271880914624789
formvollendet,0.0
fortdauernd,-0.001445086705202312
fortschreiten,5.967909697000709e-05
frei,0.0170000170511706
freikommen,0.0
freisprechen,0.0029498525073746312
freiwillig,-0.04187767490238205
freudig,0.04862993844527427
freuen,-0.01700854263645199
freundlich,-0.07354596143025219
freundschaftlich,-0.01300578034682081
friedlich,0.03596518150971065
friedvoll,0.0029796920558596346
froh,0.2366190939007963
frohlocken,0.016403226081470493
fruchtbar,0.02091752348798745
fröhlich,0.10196599996589766
fulminant,0.0
funkeln,0.09296724470134873
funktionieren,-0.002890173410404624
funktionierend,-0.001445086705202312
funktionsfähig,0.0
furchtlos,-0.0027708152164646095
fähig,-0.05337868944703054
fördern,-0.01999249748495234
führen,-0.07340528927310858
führend,-0.018696608522175046
füllen,0.025512813954678
galant,-0.010085767387931181
garantiert,0.0
gastfreundlich,0.0029498525073746312
gedeihen,0.004842532439851995
gedeihlich,-0.0028603338619196204
gediegen,-0.005780346820809248
geduldig,-0.029839548485003496
geeignet,-0.008670520231213872
gefeiert,-0.001445086705202312
gefesselt,-0.010055927839446178
gefestigt,0.0014749262536873156
gefragt,-0.007195593977526556
geglückt,0.0
gehorsam,-0.0374230565928351
gehörig,-0.03465224137637049
geil,0.005929544563234266
gelassen,-0.04154943986904701
geliebt,0.09512848057019113
gelohnt,-0.001445086705202312
gelungen,-0.0014152471567173085
gemeinsam,-0.009966409193991166
gemeinschaftlich,-0.010115606936416185
gemütlich,-0.023031868637781984
genau,-0.13801217453578188
genehm,-0.12563302470714613
genehmigen,-0.002890173410404624
genesen,0.02392705509233209
genial,-0.008670520231213872
genießbar,0.0
genießen,0.029813971729159214
genügend,-0.020201374324347366
geordnet,-0.00713591488055655
gepflegt,0.004514297406516958
gerecht,-0.03980595767899467
gerechtfertigt,-0.004335260115606936
geruhsam,-0.002890173410404624
geräumig,-0.0072254335260115606
gerührt,-0.0011168516718672722
geschickt,-0.05461489931283782
geschmackvoll,-0.004335260115606936
geschäftig,0.010682558357631253
geschätzt,-0.005780346820809248
gesteigert,-0.004335260115606936
gestiegen,-0.004215901921666923
gesund,-0.011125888792265587
getreu,0.022481968387129778
gewachsen,-0.0028603338619196204
gewaltfrei,0.0
gewaltig,0.047155012191586965
gewichtig,-0.004275581018636929
gewinnbringend,0.0
gewinnen,-0.026574249322215984
gewissenhaft,-0.011560693641618497
gewährleisten,-0.001445086705202312
gewünscht,-0.007165754429041554
gezielt,-0.001445086705202312
gigantisch,-0.0014152471567173085
glamourös,0.0
glanzvoll,0.0029498525073746312
glasklar,0.0
glatt,0.039153750404965305
glaubwürdig,0.0
gleichstellen,0.0
gleichwertig,0.0
glorios,0.0
glorreich,0.005929544563234266
glänzen,0.18425068630961514
glänzend,0.004591027674049827
glücklich,-0.08294541920302828
glühend,0.1308080549729739
gnädig,-0.02797670810101114
golden,0.16580558255324226
goldig,0.03846744078981022
grandios,0.0014749262536873156
gratulieren,-0.011560693641618497
gravierend,0.0
greifbar,-0.0013854076082323048
grenzenlos,0.006138421402629291
groß,-0.10979248725424995
großartig,-0.017341040462427744
großspurig,0.0
großzügig,0.0
grundlegend,0.0
grundsätzlich,0.0
größtmöglich,0.0
gründlich,-0.0025022592800995787
gut,-0.20278530871144307
gutgehend,0.0
gönnen,0.001014544648490115
göttlich,0.06115828601633502
gültig,-0.06623527205142633
günstig,-0.050488516036625915
gütig,0.0051110883762170295
gütlich,5.967909697000709e-05
handfest,-0.005780346820809248
handlich,-0.0028603338619196204
harmonisch,0.011888928674953536
harmonisieren,0.0
hauptsächlich,-0.015895953757225433
heben,0.11255477688543314
heil,0.32692209320169835
heilen,0.023019080259859846
heilig,0.22328507852064045
heilsam,-0.008610841134243865
heiraten,-0.06499906218561904
heiter,0.050821013862601655
heiß,0.2385330877964772
helfen,-0.09814227496717651
hell,0.41419424693505213
heranwachsen,-0.008670520231213872
heraufsetzen,0.0
herausgehoben,0.0
herausragen,-0.001445086705202312
herrlich,0.08298804712943544
herrschaftlich,-0.001445086705202312
hervorragend,-0.002890173410404624
herzig,-0.012229952086210721
herzlich,-0.041280883932681985
hilfreich,-0.004305420567121933
hilfsbereit,0.0
himmlisch,0.07765103074326052
hinausgehend,0.0
hingeben,-0.009608334612171122
hinhauen,0.0
hinreichend,-0.008670520231213872
hinreißend,-0.0028603338619196204
hinterlassen,-0.020111855678892357
hinzufügen,-0.01300578034682081
hinzunehmen,0.0
historisch,2.9839548485003546e-05
hoch,0.2468796357869968
hochattraktiv,0.0
hochgestellt,-0.001445086705202312
hochgradig,-0.002890173410404624
hochhalten,0.0
hochheben,0.0
hochkarätig,0.0
hochklassig,0.0
hochrangig,0.0
hochtreibend,0.0
hochwertig,0.0
hoffen,0.04530922297815747
hoffnungsfroh,0.0029498525073746312
hoffnungsvoll,0.0015942844476273298
human,-0.002890173410404624
humanitär,0.0
humorvoll,-0.001445086705202312
hundertprozentig,0.0
höchstmöglich,0.0
höflich,-0.09799734001739219
hörenswert,0.0
hübsch,-0.09628369737582484
ideal,0.012008286868893549
idyllisch,0.0014749262536873156
illuster,0.0
immens,0.0
imponierend,-0.002890173410404624
imposant,2.9839548485003546e-05
inbrünstig,0.007493989462376592
individuell,0.0
ingeniös,0.0
innovativ,0.0
inspirieren,0.0
inspirierend,0.0
intakt,-0.001445086705202312
integer,0.0
integrieren,0.0
intelligent,-0.002890173410404624
intensiv,-0.001445086705202312
interessant,-0.038987501491977425
interessieren,-0.02023121387283237
interessiert,-0.004335260115606936
investieren,0.0
jubeln,0.11015908742135147
kinderleicht,0.0
klaglos,0.0029796920558596346
klar,0.1814670827152284
klasse,-0.043292922059099355
klassisch,-0.001445086705202312
klettern,-0.019813460194042322
klimatisiert,0.0
klug,-0.0513496001500503
klären,-0.045211178747421005
knorke,0.0
knuddelig,0.0
knuffig,0.0
kollegial,0.0
komfortabel,0.0
kommod,8.951864545501086e-05
kommunikativ,0.0
kompatibel,0.0
kompensieren,0.0
kompetent,0.0
komplett,0.0
konfliktfrei,0.0
kongenial,0.0
konkret,0.0
konkurrenzfähig,0.0
konsequent,0.0
konsistent,0.0
konsolidieren,0.0
konstant,-0.008670520231213872
konstruktiv,0.0
konsultieren,0.0
kontinuierlich,0.0
konzertiert,0.0
kooperativ,0.0
kooperieren,0.0
koordinieren,0.0
koordiniert,0.0
korrekt,2.9839548485003546e-05
kostbar,-0.04028339045475472
kostengünstig,0.0
kostenlos,-0.001445086705202312
kraftvoll,0.005959384111719269
kreativ,0.0
kräftig,-0.03502310433611267
kulant,-0.002890173410404624
kultiviert,0.0
kunstreich,-0.0013555680597473014
kunstvoll,0.0015942844476273298
kurieren,-0.011560693641618497
kümmern,-0.02502685559363651
künstlerisch,-0.004335260115606936
lachen,0.21172864767166266
langlebig,0.0
lautstark,0.0
lebendig,0.00931420191996181
lebensfähig,0.0
lebhaft,-0.11705202312138728
legal,0.0014749262536873156
legendär,0.0
legitim,-0.0028603338619196204
leicht,-0.1859259638174161
leidenschaftlich,-0.031672549320510855
leistungsfähig,0.0
leistungsstark,0.0
lernen,-0.016978703087967006
leuchtend,0.1957048101352158
leutselig,-0.0014152471567173085
liberal,-0.007195593977526556
lieb,0.23805139222807647
liebenswert,0.0014749262536873156
liebenswürdig,-0.053438368544000546
liebevoll,-0.002532098828584583
lindern,0.011978447320408547
loben,-0.014523334526915274
lobenswert,-0.001445086705202312
locker,-0.01141149589919348
logisch,-0.004305420567121933
lohnen,0.005140927924702034
lohnend,2.9839548485003546e-05
loyal,2.9839548485003546e-05
lukrativ,0.0
luxuriös,-0.001445086705202312
lächeln,0.2437422204034307
lässig,-0.04143008167510699
löblich,-0.007195593977526556
lösen,0.09503896192473614
lückenlos,-0.001445086705202312
magisch,0.013483213122580865
majestätisch,0.0015942844476273298
makellos,8.951864545501086e-05
malerisch,-0.004305420567121933
markant,-0.001445086705202312
massiv,-0.002890173410404624
maximal,0.0
maximieren,0.0
meisterhaft,-0.001445086705202312
meisterlich,-0.002830494313434617
menschenwürdig,0.0
menschlich,-0.011752519310450668
messbar,0.0
mild,0.31889951745187306
miteinander,-0.07360990331986292
mitfühlen,0.0015047658021723192
mitmenschlich,0.0
mobil,-0.011560693641618497
mobilisieren,-0.001445086705202312
modern,0.028262315207939023
modernisieren,0.0
mondän,-0.001445086705202312
monumental,0.0
moralisch,-0.014421027503538117
motivieren,0.0
motiviert,0.0
mustergültig,0.0
mutig,-0.07316231009258786
mächtig,0.025465923235630128
mögen,-0.04820792197384349
möglich,-0.3622990093269903
mühelos,-0.004335260115606936
nachahmenswert,0.0
nachhaltig,-0.002890173410404624
nah,-0.013048408273227952
namhaft,-0.001445086705202312
nennenswert,0.0
nett,-0.018069978003989975
neu,0.03683052841577583
niedlich,0.0001790372909100217
nutzbringend,-0.001445086705202312
nähren,0.028680068886729075
nützen,-0.02110934915681962
nützlich,-0.025892202499701603
offensichtlich,0.0
optimal,0.0
optimistisch,0.0
ordentlich,-0.12283236994219653
ordnungsgemäß,-0.002890173410404624
original,-0.008670520231213872
packend,0.0014749262536873156
paradiesisch,0.0015047658021723192
partnerschaftlich,0.0
passend,-0.010115606936416185
perfekt,-0.001445086705202312
pflegen,-0.04752161235868842
phantasievoll,0.0
phantastisch,0.0046038160519719686
phänomenal,-0.001445086705202312
planmäßig,-0.001445086705202312
planvoll,0.0
plausibel,-0.002890173410404624
pompös,0.0
populär,-0.0014152471567173085
positiv,-0.001445086705202312
potent,0.0014749262536873156
prachtvoll,-0.011441335447678481
praktikabel,0.0
praktisch,-0.014421027503538117
prall,-0.004156222824696916
preisgünstig,0.0
prima,2.9839548485003546e-05
privilegiert,0.0
problemlos,0.0
produktiv,0.0
professionell,0.0
profiliert,0.0
profitabel,0.0
profitieren,2.9839548485003546e-05
progressiv,0.0
prominent,0.0
protzig,0.0
prunkvoll,0.0
prächtig,0.0026386686446024515
präzise,0.0
puppig,0.0
pünktlich,-0.005750507272324245
qualifizieren,-0.001445086705202312
qualifiziert,0.0
qualitativ,0.0
qualitätsvoll,0.0
quicklebendig,0.0
raffiniert,0.0
rational,0.0
realistisch,0.0
rechtlich,-0.012975940798335805
rechtmäßig,-0.008670520231213872
rechtsgültig,-0.001445086705202312
rehabilitieren,-0.001445086705202312
reibungslos,0.0
reich,0.1542150493631388
reichhaltig,-0.001445086705202312
reichlich,-0.02405920166419425
reif,0.009237471652428941
reifen,-0.03484832983784336
rein,0.26390522959401164
reinigen,-0.027158251913993896
reizend,0.008031101335106657
reizvoll,-0.005690828175354238
relevant,0.0
renommiert,0.0
renovieren,0.0
rentabel,0.0
reparieren,-0.001445086705202312
repräsentativ,-0.001445086705202312
respektabel,-0.002890173410404624
respektieren,-0.001445086705202312
respektvoll,-0.002890173410404624
retten,-0.011275086534690601
revanchieren,-0.001445086705202312
richtig,-0.1905724077957952
richtigstellen,0.0
riesengroß,0.004514297406516958
riesig,0.00640697733899432
robust,-0.0014152471567173085
romantisch,-0.005750507272324245
rosarot,0.004424778761061947
rosig,0.06534434838951694
ruhig,-0.18684246423516976
ruhmreich,0.0029498525073746312
rückhaltlos,-0.008670520231213872
rücksichtsvoll,-0.002890173410404624
rückversichern,0.0
rührig,-0.002890173410404624
sachgemäß,-0.002890173410404624
sagenhaft,0.0
sanft,0.26619008644943476
satt,0.05886490357563047
sauber,-0.05187392364485822
schaffen,0.08987245724418982
scharf,-0.04969563660545297
schenken,0.020086278923048068
schick,-0.00024297918052074152
schillern,0.014838781182328167
schillernd,0.01041400242126622
schlagend,-0.001295888962777294
schlank,0.10163776493256262
schlau,-0.00358927140348185
schlüssig,-0.011560693641618497
schmackhaft,0.0
schmeichelnd,0.02386737599536208
schmücken,0.14402271215918971
schnell,0.025231469640390802
schuldlos,0.00020887683939502417
schwunghaft,0.0
schätzen,-0.0006394188961072189
schön,0.2929305846846386
sehenswert,0.0
selbstständig,0.0
sensationell,0.0
sensibel,0.0
seriös,0.0
sexy,0.0
sicher,-0.22256892935700034
sichern,-0.06768035875662864
sicherstellen,0.0
sichtbar,-0.005643937456306369
simpel,-0.0028603338619196204
sinnvoll,0.0014749262536873156
solid,-0.004275581018636929
solidarisch,0.0
sonnendurchflutet,0.0
sonnig,0.07723327706447047
sorgenfrei,0.0
sorgfältig,-0.04326308251061435
sorglos,-0.011202619059798455
sorgsam,0.0032482479922246663
souverän,-0.0028603338619196204
spannend,-0.004305420567121933
sparen,-0.010993742220403432
sparsam,-0.024566473988439308
spaßig,0.0
spektakel,-0.004335260115606936
spektakulär,0.0
spenden,0.04295189864784217
speziell,-0.008670520231213872
spielend,0.022541647484099783
spielerisch,-0.0028603338619196204
spitze,-0.011215407437720606
spürbar,0.0
stabil,0.0
stabilisieren,0.0
standhaft,0.00011935819394001419
stark,0.04745767046907767
stattlich,-0.005541630432929219
staunen,-0.05397121762408991
steigen,0.15140586901290776
steigend,0.007673026753286613
steigern,-0.010026088290961174
stiften,-0.004126383276211912
stilsicher,0.0
stilvoll,-0.001445086705202312
stimulieren,0.0
strahlen,0.2529157501662489
strahlend,0.05354493836001842
stärken,-0.0067181612017665
störungsfrei,0.0
stützen,-0.051336811772128156
subventionieren,0.0
super,-0.004335260115606936
superschnell,0.0
sympathisch,-0.005780346820809248
sympathisieren,0.0
systematisch,0.0
süchtig,-0.013645199242928029
süß,0.5531314474738691
tadellos,-0.010085767387931181
tadelsfrei,0.0
talentiert,0.0
tatkräftig,-0.001445086705202312
tauglich,-0.0028603338619196204
tiefgreifend,0.0
tierisch,-0.004335260115606936
tolerant,0.0
tolerieren,0.0
toll,0.0795437106757379
top,-0.05552287414531007
toppen,-0.0014152471567173085
traditionell,0.0
traditionsreich,0.0
tragfähig,0.0
transparent,0.0
traumhaft,0.025163264958139378
treffend,-0.02745664739884393
trefflich,-0.06048476477910209
treu,0.31194690265486724
triumphal,0.0
triumphieren,-0.015895953757225433
trösten,0.026446365542994538
tätig,-0.0952862038978976
ultimativ,0.0
umfangreich,-0.004335260115606936
umfassend,0.005929544563234266
umgänglich,-0.002890173410404624
umjubelt,-0.001445086705202312
umsichtig,-0.002890173410404624
umsorgen,0.0
umwerfend,0.0
unabhängig,-0.011530854093133494
unangefochten,2.9839548485003546e-05
unantastbar,-0.004305420567121933
unaufholbar,0.0
unbedingt,-0.03320715467116817
unbegrenzt,0.006019063208689277
unberührt,0.008968915716063907
unbeschreiblich,-0.03176206796596586
unbeschwert,0.0014749262536873156
unbesiegbar,0.0014749262536873156
unbestreitbar,0.0014749262536873156
unbestritten,-0.0014152471567173085
unbezahlbar,-0.001445086705202312
uneingeschränkt,0.0
uneinholbar,0.0
unermesslich,0.016403226081470493
unermeßlich,0.0014749262536873156
unermüdlich,-0.007076235783586543
unerreicht,0.0015047658021723192
unerschrocken,-0.0013854076082323048
unersetzlich,0.0
unfehlbar,-0.005720667723839241
ungeahnt,8.951864545501086e-05
ungebrochen,0.0058997050147492625
ungeteilt,2.9839548485003546e-05
ungezwungen,-0.0028603338619196204
unglaublich,-0.0072254335260115606
universell,0.0
unkompliziert,0.0
unparteiisch,0.0
unschlagbar,0.0
unschuldig,-0.044529131924906644
unschätzbar,0.0014749262536873156
unsterblich,0.041417293297184854
unternehmerisch,0.0
unterstützen,-0.02745664739884393
untrennbar,0.0
unumschränkt,-0.0014152471567173085
unumstritten,0.0
ununterbrochen,-0.02023121387283237
unvergleichbar,0.0
unvergleichlich,-0.010115606936416185
unverhofft,-0.0012063703173222848
unverkrampft,0.0
unverwundbar,0.0029498525073746312
unverzichtbar,0.0
unwiderstehlich,-0.02014169522737736
unzweifelhaft,-0.005780346820809248
unübertrefflich,-0.001445086705202312
unübertroffen,0.0
upgraden,0.0
verantwortlich,-0.005780346820809248
verantwortungsbewußt,0.0
verantwortungsvoll,0.0
verbessern,-0.014450867052023121
verbinden,-0.04555646495131891
verbindlich,-0.010115606936416185
verblüffend,-0.004335260115606936
verdienen,-0.07192610022678056
verdient,0.0016241239961123331
veredeln,-0.002830494313434617
verehren,-0.008342285197878836
verehrt,-0.020171534775862362
vereidigen,0.0
vereinen,0.07687520248265044
vereinfachen,0.0
vererben,0.0015346053506573227
verfeinern,0.0
verführerisch,-0.0028006547649496137
vergeben,0.05479819939638855
vergnügen,-0.09342336351390523
vergolden,0.006019063208689277
vergrößern,-0.011560693641618497
vergöttern,0.0015346053506573227
vergöttert,-0.001445086705202312
verhandeln,-0.008610841134243865
verheißungsvoll,-0.001445086705202312
veritabel,0.0
verlockend,0.0089092366190939
verlässlich,0.0
vermachen,0.0015047658021723192
vermehrt,-0.0072254335260115606
vermitteln,0.0014749262536873156
vernünftig,-0.04615325592101898
verschönern,-0.004335260115606936
versichern,-0.062108888775214414
versiert,-0.001445086705202312
verstehen,-0.19809197401401607
verständlich,-0.04606373727556397
verstärken,-0.0028603338619196204
versöhnen,0.0253721417975344
versöhnlich,-0.014450867052023121
verteidigen,-0.03176206796596586
vertrauenerweckend,-0.001445086705202312
vertrauensvoll,0.0
vertrauenswürdig,0.0
vertraulich,-0.01713216362303272
vertraut,0.005528842055007074
verwendbar,0.0
verwirklichen,0.0
verwöhnen,-0.0014152471567173085
verzeihen,-0.06434259211894897
verzückt,0.004424778761061947
vielfältig,-0.007165754429041554
vielseitig,0.0
vielversprechend,-0.001445086705202312
vital,0.0
vollkommen,-0.0721349770661756
vollständig,-0.059248554913294796
voranbringen,0.0
vorankommen,-0.001445086705202312
vorantreiben,0.0
vorbehaltlos,0.0
vorbereiten,-0.02014169522737736
vorbildlich,0.0
vorsichtig,-0.08941633843163334
vorsorgen,0.0
vorsorglich,0.0
vorteilhaft,-0.014450867052023121
vorwärts,-0.015908742135147577
vorzeigbar,0.0
vorzüglich,-0.01150101454464849
wachsam,-0.005690828175354238
wachsen,0.08184135590908315
wachsend,0.00032823503333503923
wagen,-0.03969512507033607
wahr,-0.12877896567599367
wahren,-0.006402714546353605
warm,0.28728664722833225
warmherzig,0.0
wegweisend,0.0
weich,0.22698091974014017
weise,-0.13295223967125347
weiterempfehlen,0.0
weitgehend,0.0
weitläufig,-0.0072254335260115606
weitreichend,0.0
weiträumig,0.0
weitsichtig,0.0
weltberühmt,0.0
wertig,0.0
wertschätzen,0.0
wertvoll,-0.004305420567121933
wichtig,-0.07334134738349787
widerstandsfähig,-0.001445086705202312
wiederaufleben,0.0
wiederbeleben,0.0
wiedergewinnen,-0.002890173410404624
wiedergutmachen,-0.001445086705202312
wiederherstellen,-0.001445086705202312
wiederkehren,0.010682558357631253
wiedervereinigen,0.0
willensstark,0.0
willkommen,-0.0017861101164594953
wirksam,-0.004335260115606936
wirkungsvoll,0.0
wirtschaftlich,-0.001445086705202312
witzig,-0.01150101454464849
wohlbehalten,-0.001445086705202312
wohlgeordnet,-0.001445086705202312
wohlhabend,-0.002890173410404624
wohlig,0.011918768223438538
wohltuend,-0.001445086705202312
wohltätig,-0.0072254335260115606
wohlwollend,-0.011560693641618497
wohnlich,-0.005780346820809248
wunderbar,0.11403396593176121
wundersam,0.06661039780380924
wunderschön,0.015017818473238187
wundervoll,0.005051409279247021
wunschgemäß,0.0
wärmen,0.0774123143553805
wärmstens,0.0
wünschenswert,-0.0028603338619196204
würdevoll,-0.005750507272324245
würdig,-0.15956911691987655
würdigen,-0.00999624874247617
zauberhaft,0.007434310365406585
zeitsparend,0.0
zielgerichtet,0.0
zielstrebig,0.0
zivilisiert,0.0
zufließen,-0.001445086705202312
zufrieden,-0.08884938701041828
zufriedenstellend,-0.001445086705202312
zufügen,-0.02745664739884393
zugeben,-0.017251521816972735
zugreifen,-0.0014152471567173085
zugänglich,-0.002830494313434617
zukunftsweisend,0.0
zulegen,-0.0072254335260115606
zulässig,-0.001445086705202312
zurückgewinnen,-0.0014152471567173085
zusammenhalten,-0.011471174996163486
zuschießen,0.0
zustimmen,-0.01300578034682081
zuverlässig,-0.015895953757225433
zuversichtlich,-0.01300578034682081
zuvorkommend,-0.002890173410404624
zweifellos,-0.014450867052023121
übereinkunft,0.0
übereinstimmung,-0.001445086705202312
überfluß,0.0029498525073746312
überlegenheit,-0.014450867052023121
überlegung,-0.028901734104046242
überparteilichkeit,0.0
überschaubarkeit,0.0
überschwänglichkeit,0.0
überzeugung,-0.027426807850358927
ästhetisch,0.0015047658021723192
überdurchschnittlich,0.0
überglücklich,-0.0028006547649496137
übergroß,0.00014919774242501752
überholen,5.967909697000709e-05
überleben,-0.005750507272324245
überlegen,-0.11121199720360803
überlegt,-0.008670520231213872
übermenschlich,-0.002890173410404624
überragend,0.0
überraschend,-0.021646461029549677
überrascht,-0.03320715467116817
überrunden,0.0
überschaubar,0.0
überschwänglich,0.0
überschäumen,0.0029498525073746312
übersichtlich,-0.001445086705202312
übertreffen,-0.0014152471567173085
überwinden,-0.014003273824748072
überwältigend,-0.002890173410404624
überwältigt,0.0029498525073746312
überzeugen,-0.04335260115606936
überzeugend,-0.004335260115606936
überzeugt,-0.04335260115606936
üppig,0.047525875151329146
