liebreich,0.002485750186658897
angst,-0.03270445978183671
ängstlich,-0.0746744850946042
trauer,0.09431100103800558
traurig,0.04566860306302696
zornig,-0.0033908182033398297
zorn,0.019368819769453503
verachtungsvoll,0.0
verachtung,-0.005120827490758108
schuld,-0.03587675049623951
schuldig,-0.07804527161145813
liebe,0.32055615245934477
geliebt,0.05653670351282938
liebevoll,-0.002008631835813013
stolz,0.1582357547393149
scham,0.0018192413454009085
schämen,-0.012011727641906288
überrasschung,0.0
überrascht,-0.011862400524465974
sorge,-0.01353413581483437
sorgenvoll,0.0003678546063773606
ekel,0.006721541347221969
ekeln,0.002615045617613316
angeekelt,0.0
neid,0.015440788155810098
neidisch,0.0007357092127547211
neidvoll,0.0
glücklich,-0.037109609746326
glück,0.22661300602771656
freude,0.10503887968240672
freudig,0.04160217070639011
freuen,-0.05852712472456431
erleichterung,-0.0022471910112359553
erleichtert,-0.0022471910112359553
vergnügt,-0.006503013858284924
vergnügen,-0.06069418898985668
zufrieden,-0.0418516562562599
zufriedenheit,-0.0039972319851401305
verzweiflung,-0.0002786225483947351
verzweifelt,-0.016983228015224082
verlegenheit,-0.048314606741573035
verlegen,-0.09351701782820097
aufregung,-0.017977528089887642
aufgeregt,-0.005250122921712526
aufregen,-0.015233187041319906
spannung,-0.007865168539325843
gespannt,0.005597945841603991
erregung,-0.015233187041319906
erregt,-0.006870868464662283
hoffen,0.062154681040919264
hoffnung,0.030823302314570325
befriedigt,0.0009943000746635584
langweilig,-0.028716333108735635
langeweile,-0.0006264454682861984
mitgefühl,-0.0006264454682861984
mitfühlen,0.0004971500373317792
enttäuscht,-0.0017500409739041759
enttäuschung,-0.0017500409739041759
frust,0.0
frustriert,0.0
eifersucht,-0.012488845992752172
eifersüchtig,-0.007497313932948482
wut,0.025653306138801374
wütend,-0.007994463970280261
reue,0.002981079161582856
schock,0.0016207455429497568
schockiert,0.0
zuneigung,-0.0044943820224719105
verärgert,0.0
verärgerung,0.0
erwartungsvoll,0.0014914501119953384
erwartung,-0.006503013858284924
vorfreude,0.0
scheu,0.11386921129787117
gelassen,-0.015491777903228745
gelassenheit,-0.0044943820224719105
mut,-0.01479066887622238
mutig,-0.02735417842769472
neugierde,-0.0056179775280898875
neugierig,-0.02160690546865041
depression,0.0
depressiv,0.0
niedergeschlagenheit,0.0
niedergeschlagen,0.0
lustvoll,0.0016207455429497568
lust,0.30525558610893594
rausch,0.3245861635678255
einfühlend,-0.0022471910112359553
einfühlsam,0.0
euphorisch,0.0
euphorie,0.0
dankbarkeit,-0.012985996030083952
dankbar,-0.022362646367891027
hass,0.05292735782055251
entsetzt,0.004235791160563072
entsetzen,-0.010758836705333893
demütigung,-0.0011235955056179776
demütig,-0.011494545918088614
demut,0.015819569136634314
interesse,-0.019230419026460038
interessiert,0.0
einsamkeit,0.078770054449766
einsam,0.1904121064228871
empörung,-0.0006264454682861984
empört,0.004732941197894852
vertrauen,-0.006563108917742616
qualvoll,0.011842368837980077
qual,0.15816655436781818
gleichgültigkeit,-0.0011235955056179776
gleichgültig,-0.01760967348351028
fröhlichkeit,0.004732941197894852
fröhlich,0.08335366853022053
schadenfroh,-0.0022471910112359553
schadenfreude,0.0
schmerz,0.26566204723835884
melancholie,0.0016207455429497568
melancholisch,-0.0028736364795221535
panik,0.0
panisch,-0.0028736364795221535
fühlen,0.09698432065266874
herz,0.46154098300948776
seele,0.36275745269790394
schwermut,0.02031395115910622
unglück,-0.05820843880319778
wanderlust,0.004862236628849271
bitterkeit,0.002615045617613316
weinen,0.22416914027643728
erschrecken,-0.018813395735071847
empfinden,-0.012439677307741336
bekümmern,-0.005876568389998726
befürchten,-0.011235955056179775
jauchzen,0.08214084096661993
verzweifeln,0.001362154681040919
grausne,0.0
Lust,0.0
kichern,0.005727241272558411
leid,0.16468595778777345
heiter,0.02036311984411706
lache,0.15059821900096515
sehnsucht,0.20218527488937044
trost,0.07099411796842278
ohnmacht,0.004235791160563072
ohnmächtig,-0.0007557408992406164
akzeptieren,-0.006741573033707865
prall,-0.0006264454682861984
aggressiv,0.0
gründlich,-0.002008631835813013
anfällig,0.0
verschlechterung,0.0
entnervt,0.0
schwierig,-0.015233187041319906
extravagant,0.0
ungehobelt,-0.0011235955056179776
wohlergehen,-0.0011235955056179776
bewegungslos,-0.0011235955056179776
vergelten,-0.0039972319851401305
erbost,-0.0033707865168539327
gütlich,0.0004971500373317792
grauenhaft,-0.0011235955056179776
schlagen,0.06273924207382586
schwinden,0.07843133684191358
sicherstellen,0.0
gefeiert,0.0
eindrucksvoll,0.0
unkompliziert,0.0
brutal,0.0004971500373317792
teuerungsrate,0.0
rettung,-0.005250122921712526
hemmung,0.0
einheitlich,0.0
großartig,-0.024719101123595506
einnehmen,-0.015859632509606106
einweihen,-0.0033707865168539327
rechtsgültig,0.0
ausgezeichnet,-0.0044943820224719105
trüb,0.169621036912935
amateurhaft,0.0
finanzieren,0.0
ärgernis,-0.0022471910112359553
misten,0.0
übellaunig,0.0
abschaffen,0.0
clever,0.0
alt,-0.05034144920146422
abgetakelt,0.0
bereitschaft,-0.0022471910112359553
antipathie,0.0
beteiligung,0.0
trefflich,-0.020483309963032433
aufstieg,-0.0017500409739041759
verlangsamen,-0.0011235955056179776
glorios,0.0
ansprechend,0.0
unwiderstehlichkeit,0.0
verbot,-0.001382186367526816
infiltrieren,0.0
erpressen,-0.0033707865168539327
bequem,-0.07143299400870468
präzision,0.0
verblassen,0.008103727714748784
merkwürdigkeit,-0.0011235955056179776
führung,-0.020354014532078017
verfeinerung,0.0
einschüchterung,0.0
inkompetent,0.0
zurückhalten,-0.015730337078651686
gewinnen,-0.010431045471928323
vergeudung,0.0
einfältig,-0.010738805018847997
charisma,0.0
einsparung,0.0
unlogisch,0.0
weiterempfehlen,0.0
reichhaltig,0.0
geizkragen,0.0
schadhaft,0.0
langatmig,0.0
partner,-0.006741573033707865
widerwärtig,0.0004971500373317792
kaltherzig,0.0
enthauptung,0.0
unersetzlich,0.0
erhebend,0.002117895580281536
rührig,-0.0056179775280898875
abdämpfung,0.0
erbärmlich,-0.0012528909365723969
abstürzen,-0.0033707865168539327
sabotieren,0.0
überhöhen,0.0
genuß,0.0004971500373317792
heiraten,-0.06179775280898876
inspirieren,0.0
einsinken,-0.0022471910112359553
sorglosigkeit,-0.0044943820224719105
überschuß,0.0
versklavung,0.0
groteske,0.0
schmerzvoll,0.002615045617613316
heillos,-0.0011235955056179776
retten,-0.0045344453954437
gedankenlos,0.0036093456922768738
zweifeln,-0.0027844044215395262
angenehm,-0.03945513812758363
kommunikativ,0.0
missbrauch,-0.0022471910112359553
fälschen,0.0
stümperhaft,0.0
desaster,0.0
attraktiv,0.0
veredelung,0.0
gönner,-0.0033707865168539327
abschreckung,0.0016207455429497568
fehler,-0.016983228015224082
fraglich,-0.0033707865168539327
boomen,0.0
klage,0.13489883998324623
kostenintensiv,0.0
überschwänglich,0.0
miserabel,-0.0022471910112359553
müde,0.1568936317447599
untergehen,0.0022271593247500596
umbruch,0.0
ungleich,0.0004971500373317792
möglich,-0.1698122484657549
übermaß,-0.0006264454682861984
seriösität,0.0
unfehlbar,0.0004971500373317792
unsachgemäß,0.0
sparsam,-0.008988764044943821
unverbesserlich,-0.0022471910112359553
immobilität,0.0
bescheidenheit,-0.008491614007612041
illegalität,0.0
mangel,-0.008879500300475296
erneuerung,0.0
favorit,0.0
fälschung,-0.0011235955056179776
eingehen,-0.01410959153570193
androhung,-0.0011235955056179776
durchfallen,-0.0044943820224719105
kaputt,0.0
erhöhen,0.001362154681040919
erbittert,-0.004623677453426329
debil,0.0
geräumigkeit,0.0
lobenswert,0.0
beeinträchtigen,-0.0022471910112359553
crash,0.0
anpassung,0.0
superschnell,0.0
eignung,0.0
anzünden,-0.0035000819478083517
unregelmäßigkeit,-0.0022471910112359553
neutralisieren,0.0
behindern,0.0
kultiviert,0.0
veritabel,0.0
blindheit,0.0
alarmieren,0.0
plausibel,-0.0011235955056179776
bitter,0.0282282883834429
folgenschwer,-0.0011235955056179776
duften,0.0694134357984448
öde,0.08436800029136998
besonders,-0.06367708921384736
melodramatisch,0.0
ablehnung,-0.008988764044943821
ordnungsgemäß,-0.0011235955056179776
not,0.11192977983355488
gerührt,0.0037386411232312932
schubs,0.0
sucht,0.17930544679766175
flucht,-0.0027844044215395262
strittig,0.0
konkurrenzfähig,0.0
abrutschen,-0.0011235955056179776
anheben,-0.0028736364795221535
beitritt,0.0
verdienen,-0.025971992060167905
unsterblichkeit,0.0032414910858995136
unerschrockenheit,0.0
unverkrampft,0.0
versöhnlich,-0.007865168539325843
beitragen,-0.0033707865168539327
renommiert,0.0
heranwachsen,-0.0033707865168539327
unliebsam,-0.0011235955056179776
rebell,0.0016207455429497568
blutig,0.04786662538925209
explodieren,0.0
ausgehungert,0.0
engagieren,-0.0011235955056179776
arm,0.1786953908910458
stören,0.011891537522990908
meisterlich,-0.0006264454682861984
unaufholbar,0.0
rückendeckung,0.0
diskriminierung,0.0
produktivität,0.0
zersetzen,0.0009943000746635584
beseitigen,-0.0056179775280898875
brüchig,-0.0022471910112359553
zusammenschlagen,-0.0028736364795221535
rücksicht,-0.028477773933312696
gütig,-0.002764372735053632
schlagend,-0.00012929543095441904
übergewicht,-0.0011235955056179776
bedeuten,-0.06218563910185203
wackelig,-0.0011235955056179776
ungünstig,0.0
bösartigkeit,0.0
wertsteigerung,0.0
entbehrungsreich,0.0
schenkung,0.0016207455429497568
charismatisch,0.0
abstoß,-0.0022471910112359553
ehrfurcht,-0.0035000819478083517
immens,0.0
entmutigung,0.0
hochheben,0.0
ankurbelung,0.0
verwirklichen,0.0
provozieren,0.0
ehrwürdig,-0.0039972319851401305
unterstellen,0.0
schwerfällig,-0.00012929543095441904
gratulation,-0.0011235955056179776
unheilvoll,0.0004971500373317792
zumutung,-0.0011235955056179776
abdanken,0.0
sterben,0.17535738349753244
leistungsfähig,0.0
eindeutigkeit,0.0
geisteskrank,0.0
speziell,-0.0022471910112359553
bosheit,-0.002376486442190374
steuerhinterziehung,0.0
gräßlich,-0.0022471910112359553
kränklich,-0.0017500409739041759
bunt,0.13297033489337678
zuschuß,0.0
schimpfend,-0.0011235955056179776
undiplomatisch,0.0
bemerkenswert,0.0
farce,0.0
rausgeschmissen,0.0
bescheuert,0.0
einheit,-0.002764372735053632
zerschlagung,0.0
verdächtige,-0.0022471910112359553
ruhm,0.050223080144956564
sinn,0.11990239105494144
ersticken,-0.0033908182033398297
veraltet,0.0004971500373317792
beteiligen,-0.0056179775280898875
verdorben,0.0014914501119953384
unbehagen,-0.0044943820224719105
eintönig,0.011345218800648298
nützlich,-0.003002931910476572
verbundenheit,0.0
verboten,0.0009943000746635584
bezaubernd,-0.0011235955056179776
highlight,0.0
würdevoll,-0.0017500409739041759
glänzen,0.11348132500500792
bescheiden,-6.0095059457684896e-05
degradierung,0.0
vernachlässigung,0.0
konsequent,0.0
aufbesserung,-0.0022471910112359553
verarschen,0.0
intelligenz,0.0
unterlaufen,-0.0011235955056179776
vertrautheit,0.0
profan,-0.0011235955056179776
fluch,0.05552237175167993
gastfreundlich,0.0032414910858995136
mächtig,0.04467430298836341
grotesk,0.0032414910858995136
stimulieren,0.0
lebensfeindlich,0.0016207455429497568
unruhig,-0.031589969588257785
entschlüsseln,0.0
wunderbar,0.06265183107825105
liberal,-0.0017500409739041759
anheitern,0.0
zugreifen,0.0016207455429497568
eifern,-0.00862090943856646
pünktlichkeit,-0.0022471910112359553
blauäugig,-0.0011235955056179776
schlottern,-0.0006264454682861984
unerklärlich,-0.0033707865168539327
sackgasse,0.0
ausreichend,-0.0056179775280898875
dürr,0.04873163003296123
hinzunehmen,0.0
beitreten,0.0
uninformiert,0.0
individuell,0.0
faszinierend,0.0
weitreichend,0.0
beschränkung,-0.0011235955056179776
beilegen,-0.0011235955056179776
umtauschen,0.0
willkommen,-0.003907999927157506
aussetzen,-0.015730337078651686
trist,-0.0017500409739041759
verhandelung,0.0
auftrieb,0.0
gefallen,-0.09433285378689928
wüten,-0.010370950412470634
exquisit,0.0
unschuldig,-0.009376650337807076
gunst,0.012448782619780378
übergewichtig,0.0
bergab,0.007974432283794367
anmaßung,-0.0011235955056179776
geringwertig,0.0
artig,-0.08789904030011109
herausfordern,0.0
gnade,0.02874547010726057
aufstocken,0.0
effizient,0.0
bund,0.03624278404020905
einbruch,-0.0028736364795221535
unverständlich,-0.005120827490758108
abgleiten,0.0
treue,0.05928104456139712
bösartig,0.0
gewünscht,-0.0017500409739041759
gültig,-0.020483309963032433
abschießen,0.0004971500373317792
unstimmigkeit,0.0
stabilität,0.0
majestät,0.001859304718372699
komplikation,0.0
schramme,-0.0022471910112359553
niederlage,-0.0011235955056179776
fadenscheinig,0.0
unseriös,0.0
progressiv,0.0
verschleudern,-0.0011235955056179776
ruchlos,0.002117895580281536
ermordung,-0.0011235955056179776
unvergleichlich,-0.0022471910112359553
verfassungswidrig,0.0
heuchelei,0.0004971500373317792
beeindruckend,0.0
gesundung,0.0
lohnend,0.0004971500373317792
magisch,0.013463114380929835
verteidiger,-0.0011235955056179776
malerisch,-0.0006264454682861984
teuerung,-0.0033707865168539327
uneinigkeit,-0.0022471910112359553
unverhofft,0.0031121956549450946
gewachsen,0.0004971500373317792
unverantwortlichkeit,0.0
angetrunken,0.0
lebensfähigkeit,0.0
aufschreien,-0.002376486442190374
scharf,-0.021667000528108105
belastbarkeit,0.0
sagenhaft,0.0
entwirren,0.0
vertrauter,0.0
ergebnislos,0.0
doppelspiel,0.0
defizit,0.0
experte,0.0
apokalyptisch,0.0
abnehmen,-0.016356782546937884
trottelig,0.0
gefährlich,-0.04669386119862328
zusammenstoß,-0.0011235955056179776
bedenklich,-0.011991695955420392
eingeschränkt,0.0016207455429497568
grandios,0.0016207455429497568
rehabilitieren,-0.0011235955056179776
verworren,0.01558100996121137
unerträglichkeit,0.0
verstricken,-0.0006264454682861984
todesstrafe,-0.0022471910112359553
renitent,0.0
unterdrücken,-0.0022471910112359553
hemmen,0.011583777976071241
verzicht,-0.013006027716569848
sicherheit,-0.011365250487134194
kompensieren,0.0
überlastung,0.0
wohltuend,0.0
stürzen,0.02507602935552601
murren,0.0039772002986542335
mist,-0.0012528909365723969
auffallen,-0.025842696629213482
rutschen,-0.0033707865168539327
brisant,0.0
klarheit,0.009336586964835287
steigflug,0.0
willkürlich,-0.028089887640449437
fit,0.018196055578824685
rechtmäßigkeit,0.0
grundsätzlich,0.0
ruckeln,0.0
verstimmen,-0.011235955056179775
unvollkommenheit,0.0
vielseitigkeit,0.0
durchschlagend,0.0
interessieren,-0.006741573033707865
sensibel,0.0
vielversprechend,-0.0011235955056179776
hochtreibend,0.0
rückstand,0.0
erschöpfen,-0.0035000819478083517
unzufrieden,-0.007865168539325843
abgedroschen,0.0
unerwiesen,0.0
lebendig,0.008560814379108776
unumstritten,0.0
widerruf,0.002615045617613316
gewaltsam,-0.01348314606741573
eigenartig,-0.0022471910112359553
handikap,0.0
dämpfen,0.004971500373317794
mangelhaft,0.0
vage,0.0016207455429497568
vermeiden,-0.024351246517218147
aufstockung,0.0
ausreichen,-0.006741573033707865
intensiv,-0.0011235955056179776
kopfschmerz,-0.0044943820224719105
schrumpfen,0.008103727714748784
scheidung,-0.008491614007612041
einfallsreich,0.0
schurke,0.0031121956549450946
nachlassen,-0.006741573033707865
milde,0.02679693333090525
sorgenschwer,0.0032414910858995136
kontinuität,0.0
rivalität,-0.0011235955056179776
laune,-0.015879664196092
gestiegen,-0.0017500409739041759
standhaft,-0.0006264454682861984
vorsichtig,-0.024977691985504345
befallen,0.0007357092127547211
herrisch,0.004862236628849271
hilflos,-0.003002931910476572
diffamieren,0.0
verlässlich,0.0
mobil,-0.0044943820224719105
erbe,0.09527252198932856
unermesslich,0.009098027789412343
rückversicherung,0.0
besser,-0.02873636479522153
kollision,0.0
unstetig,0.0
innovation,0.0
reizvoll,-0.0022471910112359553
aufschwung,0.0004971500373317792
verstand,-0.012270318503815127
mißfallen,0.0
unterliegen,0.007974432283794367
funkeln,0.05830677617321946
negativität,0.0
leichtsinn,-0.020224719101123594
fertigen,-0.021477610037695993
tragisch,0.0009943000746635584
lückenlos,0.0
ruppig,-0.0022471910112359553
attacke,0.0016207455429497568
unnütz,-0.012488845992752172
entwirrung,0.0
lächerlich,-0.030337078651685393
abwechslungsreich,0.0
stürmisch,-0.0004079179793491511
außerordentlich,-0.02247191011235955
todesfall,-0.0033707865168539327
unglaubwürdig,0.0
verrückt,0.005230091235226632
glücklos,0.0032414910858995136
pannenhilfe,0.0
kostengünstig,0.0
brüderlichkeit,0.0
sexy,0.0
verurteilung,-0.0011235955056179776
inkompetenz,0.0
ausgrenzen,0.0
aussichtslos,-0.0011235955056179776
einheitlichkeit,0.0
boshaft,-0.009615209513230019
wertig,-0.0011235955056179776
entlohnen,0.0
konstant,-0.0022471910112359553
skandalös,-0.0011235955056179776
tolerant,0.0
abrutsch,-0.0011235955056179776
aufbringen,-0.007865168539325843
schimmlig,0.0
einnahme,-0.0033707865168539327
leblos,-0.0007557408992406164
drastisch,0.0
hundertprozentig,0.0
rosarot,0.0
gammeln,0.0
klaglos,0.0032414910858995136
übertreten,-0.0011235955056179776
wermutstropfen,0.0
befreiung,-0.0006264454682861984
vorzeigbar,0.0
streng,-0.04174239251179138
grenzenlos,0.001859304718372699
unbeliebt,0.0
dekadenz,0.0
tot,0.04446488081146541
auslöschung,0.0
wrack,0.0016207455429497568
fies,0.0
grottenübel,0.0
verdacht,-0.013612441498370148
überzeugung,-0.018603973558173836
dämlich,0.0016207455429497568
humorvoll,0.0
rückständig,-0.0011235955056179776
erfolgserlebnis,0.0
wahnsinn,0.004842204942363376
champion,0.0
belanglos,0.0
mager,0.0004771183508458822
nervenaufreibend,0.0
wachsend,0.0019886001493271167
zwangslage,0.0
abspaltung,0.0
pflichtwidrig,0.0
verheeren,0.0037386411232312932
entbindung,0.0
packend,0.0
wertschätzen,0.0
tätig,-0.055682625243567097
sturheit,0.0
verzögern,0.0016207455429497568
exakt,-0.0011235955056179776
ekelig,0.0
widernatürlich,0.0
locker,-0.0039972319851401305
nähe,-0.035687360005827395
produktiv,0.0
herrschaftlich,0.0
geschmacklos,-0.0022471910112359553
unbotmäßig,0.0
meckern,-0.0033707865168539327
witz,-0.004405149964489284
einsparen,0.0
konsolidieren,0.0
fragil,0.0016207455429497568
prügeln,0.0004971500373317792
adrett,0.0
rutsch,-0.0017500409739041759
glaube,-0.11940159889279403
geistlosigkeit,0.0
haft,-0.2199388123030976
lebensfähig,0.0
sparen,-0.012747436854661008
dummheit,-0.014606741573033709
schwierigkeit,-0.0056179775280898875
hoffnungsfroh,0.0032414910858995136
rost,0.11659352065995303
klein,-0.18248320069928792
entziehen,-0.019359714457414454
festlichkeit,-0.005120827490758108
halbfertig,0.0
freundschaft,-0.021736200899604832
zustimmung,-0.0022471910112359553
dezimierung,0.0
morbid,0.0
verhängnisvoll,-0.0044943820224719105
schmerzerfüllt,0.0016207455429497568
verschlechtern,0.0004971500373317792
verdrießlich,0.0003678546063773606
zusammenarbeit,0.0
lautstark,0.0
präferenz,0.0
beliebtheit,0.0
hinreißend,0.0004971500373317792
löschung,0.0
geiz,-0.007000163895616703
sprengung,-0.0011235955056179776
entschädigen,-0.0033707865168539327
rentabilität,0.0
vergötterung,-0.0011235955056179776
anpassen,-0.0033707865168539327
unheilbarkeit,0.0
teuer,-0.016695500154790308
lösen,0.08722160508440624
leistungsfähigkeit,0.0
bedrücken,-0.005120827490758108
zuschießen,0.0
untrennbar,0.0
respekt,-0.02197476007502777
ungerechtigkeit,-0.0011235955056179776
hervorragend,-0.0011235955056179776
super,-0.008988764044943821
verständlich,-0.020354014532078017
ehrgeizig,0.0
lösung,0.009833737002167064
kommunikation,0.0
unverschämtheit,-0.0011235955056179776
vergebung,-0.0012528909365723969
unpraktisch,0.0
überglücklich,-0.0006264454682861984
zusammenstoßen,-0.0011235955056179776
überwältigen,-0.0056179775280898875
unsauber,-0.0022471910112359553
unbestimmt,-0.007865168539325843
gewaltig,0.03924571595068563
bedarfsorientiert,0.0
froh,0.16718445541128696
schillern,0.004235791160563072
kämpfen,0.04309362081838544
belohnung,0.002117895580281536
historisch,0.0016207455429497568
unterirdisch,-0.0022471910112359553
konkurrenz,-0.0011235955056179776
großzügigigkeit,0.0
zuflucht,-0.0017500409739041759
entzückend,0.004235791160563072
langweilen,-0.0012528909365723969
unzumutbar,0.0
stau,0.1004352339154663
zerren,0.010092327864075903
favorisieren,0.0
epochal,0.0
beschädigung,-0.0011235955056179776
unterlassung,0.0
zensur,0.0
privilegiert,0.0
einschüchtern,-0.015730337078651686
verwöhnen,-0.0006264454682861984
kauf,-0.039256642325132485
schlapp,-0.004623677453426329
einflußreich,0.0
gesund,-0.01328465026496458
gehorsam,-0.006373718427330504
neustart,0.0
rückgang,0.0
geldstrafe,0.0
unbedacht,0.0032414910858995136
maßlosigkeit,0.0
zittern,0.1605922094950194
unbeschwert,0.0
reparatur,0.0
stabil,0.0
auftrag,-0.03433431063682553
herunter,-0.03636297415912443
schwunghaft,0.0
blödheit,0.0
faschistisch,0.0
unglaubwürdigkeit,0.0
schaurig,0.02106969205834684
diffizil,0.0
berauschend,0.006980132209130806
gewissenhaft,-0.0033707865168539327
häßlich,-0.008988764044943821
sauberkeit,-0.0011235955056179776
alptraum,0.0
korruption,0.0
reinigen,-0.020354014532078017
drift,0.0
unerhört,0.001362154681040919
rechtmäßig,-0.0022471910112359553
gedenken,0.023087429206198898
leidende,-0.0006264454682861984
verherrlichen,0.0
wiedervereinigung,0.0
reduzieren,0.0
verwendbar,0.0
klischee,0.0
günstig,-0.014736037003988128
aufmerksamkeit,-0.03096352411997159
erzeugnis,-0.0011235955056179776
missgeschick,0.005856536703512829
vererben,0.0009943000746635584
transparent,0.0
ungewollt,-0.0011235955056179776
versöhnen,0.011215923369693879
geblitzt,0.0
überschaubarkeit,0.0
auferstehen,0.009098027789412343
entrüsten,0.0004971500373317792
verringern,-0.0011235955056179776
fitness,0.0
formvollendet,0.0
genehmigung,-0.0022471910112359553
auftreiben,0.0004971500373317792
solidarisch,0.0
überholen,0.0004971500373317792
abnutzung,0.0
zurückschicken,-0.006741573033707865
konfrontieren,0.0
fruchtbar,0.009963032433121483
flach,0.022928996776719536
seicht,0.002117895580281536
dahinschwinden,0.0016207455429497568
riesengroß,0.004235791160563072
ausbrechen,-0.015730337078651686
höflichkeit,-0.01410959153570193
geschmackvoll,-0.0011235955056179776
beunruhigen,-0.011235955056179775
fremd,0.11977491668639483
befall,0.0007357092127547211
optimistisch,0.0
explosiv,0.0
beängstigend,-0.0022471910112359553
denkwürdig,0.0
heilsam,-0.0033707865168539327
ungehorsamkeit,0.0
schwäche,-0.0050115637462895875
schmerzlich,0.030774133629559483
toll,0.01837451969478994
drohung,-0.01410959153570193
vergeuden,0.0031121956549450946
unzüchtig,0.0
kontraproduktiv,0.0
desinteresse,0.0
frivol,0.0
unfug,-0.0022471910112359553
vorzüglich,-0.0028736364795221535
grenzdebil,0.0
konfliktfrei,0.0
vorteil,-0.017977528089887642
düsternis,0.0
gedrängt,-0.00012929543095441904
streiten,0.01603809662557136
müll,-0.007000163895616703
anklagen,-0.004623677453426329
terror,0.0
ramponieren,0.0
suchtfaktor,0.0
beunruhigt,-0.0011235955056179776
gammelig,0.0
bereitstellung,0.0
gebrechen,0.0
glanzvoll,0.0
verwunden,0.003480050261322455
missglücken,0.0
brilliant,0.0
grausig,-0.0006264454682861984
unattraktiv,0.0
stagnieren,0.0
ungeschicklichkeit,0.0
wiederbelebung,0.0
ausbauen,0.0
verhöhnen,0.010718773332362099
finster,0.10055542403438164
gediegen,-0.0033707865168539327
armut,0.0072186913845537475
unabhängig,-0.0056179775280898875
furcht,-0.024839291242510872
einstürzen,-0.0011235955056179776
schenken,0.01837451969478994
trübsal,0.006482982171799027
warm,0.14388760402819006
illuster,0.0
unsolid,0.0
phänomenal,0.0
unehrlichkeit,0.0
ehren,0.09574053502813545
einstellen,-0.006741573033707865
sorgenfrei,0.0
lasch,-0.03621364704168412
preissturz,0.0
unvollkommen,0.0
hochhalten,0.0
versenkung,0.0
nachteil,-0.0011235955056179776
aufhebung,0.0
optimalität,0.0
mau,0.026308888605612507
ungerechtfertigt,-0.0011235955056179776
aufhören,-0.007994463970280261
berauben,0.005727241272558411
unvorhergesehen,-0.0006264454682861984
minderung,0.0
zusammenhanglos,0.0
wutschäumend,0.0
aufwendig,0.0
verräterisch,0.002117895580281536
glücklosigkeit,0.0
wiederherstellen,0.0
rechtswidrigkeit,0.0
unwillig,0.0008650046437091398
bessern,-0.016118223371514938
bekräftigung,0.0
florieren,0.0
beschruppt,0.0
erniedrigen,-0.0044943820224719105
schön,0.24524611658441536
stumpfsinnig,-0.0006264454682861984
verlieren,0.06443100905068017
erlauben,-0.03934587438311511
sachgemäß,-0.0011235955056179776
arschloch,0.0
hilfsbereitschaft,0.0
kippen,-0.0011235955056179776
erhalten,-0.09243348569555478
echtheit,0.0
leicht,-0.19846120226540162
veredeln,-0.0022471910112359553
stattlich,0.0002385591754229411
erstrebenswert,0.0
gravierend,0.0
entfremdung,0.0
konflikt,-0.0011235955056179776
diktatorisch,0.0
hochruf,0.0
dämpfer,0.0
abschluß,0.0
besorgnis,-0.006741573033707865
abtragen,-0.0022471910112359553
abgrund,0.02154681040919272
last,0.055114453772330776
goldig,0.01720175550416113
zusammengehörigkeit,0.0
bekennend,0.0
abspalten,0.0
egoistisch,0.0
verletzung,-0.0033707865168539327
zurückgegeben,0.0
heilig,0.14810336350226722
modernisieren,0.0
zukunftsweisend,0.0
eignen,-0.012985996030083952
anstrengen,-0.010112359550561797
schlägerei,0.0
gefährdung,0.0
trotten,0.0
ausbildung,-0.0011235955056179776
protestieren,-0.0022471910112359553
verrückter,0.0032414910858995136
glanz,0.2162347713656147
unstetigkeit,0.0
elendig,-0.0011235955056179776
verschimmelt,0.0
ungeheuerlich,0.002117895580281536
kunstvoll,0.0037386411232312932
verschlingen,0.015193123668348114
prominent,0.0
wichtig,-0.05207327955129022
wiedervereinigen,0.0
verbittert,-0.002376486442190374
menschlich,-0.0007958042722124095
krude,0.0
gehässig,0.0
doppeldeutigkeit,0.0
findig,-0.017977528089887642
frieden,0.09587165152149764
verzwickt,0.0
individualität,-0.0011235955056179776
aufschlagen,-0.006632309289239344
lieblos,0.0016207455429497568
kooperation,0.0
fahrlässigkeit,-0.0011235955056179776
unumschränkt,-0.0022471910112359553
traurigkeit,0.006721541347221969
monoton,0.0016207455429497568
wehklagend,-0.0022471910112359553
auszeichnen,-0.011235955056179775
unabhängigkeit,-0.0033707865168539327
ausschließen,-0.0056179775280898875
unüblich,0.0
universell,0.0
verantwortungsbewußt,0.0
erheblich,-0.01348314606741573
dussel,0.0
verfehlung,0.0
talentiert,0.0
zielgerichtet,0.0
unbesiegbar,0.0
geruhsam,-0.0011235955056179776
schauerlich,0.009724473257698542
profiliert,0.0
reichtum,-0.002008631835813013
stark,0.026765975269972486
riskieren,-0.0011235955056179776
aufblasen,0.0
irrsinnig,0.002117895580281536
gemeinschaft,-0.005120827490758108
gedeihlich,-0.0033707865168539327
vergeben,0.044217216324003425
erklimmen,0.0003678546063773606
hysterie,0.0
addieren,0.0
seriös,0.0
lakonisch,0.0
provokation,0.0
entführung,0.0004971500373317792
unruhe,-0.015730337078651686
fremdartig,-0.0056179775280898875
aussterben,0.0032414910858995136
aufbereiten,0.0
trennung,-0.0015114817984812328
spielerisch,-0.0022471910112359553
strapaze,-0.010112359550561797
höflich,-0.0323457104874984
schaden,-0.06605357565603774
konkurrieren,0.0
aufblähen,0.0
bestrafen,-0.0056179775280898875
verängstigen,0.0
hämisch,0.004235791160563072
verhasst,0.00010926374446852335
größe,-0.0002786225483947351
jubel,0.10729699706808951
ausbruch,-0.0033707865168539327
naiv,-0.0044943820224719105
unterbrechen,-0.04444667018738732
wohltätigkeit,0.0
krise,-0.0011235955056179776
fahrlässig,-0.0022471910112359553
knuffig,0.0
mißglücken,0.0
unwirksamkeit,0.0
verletzbar,0.0
notfall,-0.0011235955056179776
wertverlust,0.0
erzeugen,-0.012488845992752172
fortschritt,-0.010738805018847997
rauh,0.07541929961939796
gewährleistung,0.0
rosig,0.035268515652031394
verwirren,0.004842204942363376
unglaublich,-0.0011235955056179776
dreckig,0.0
einschränkung,-0.0011235955056179776
bewundert,-0.0011235955056179776
verteidigen,-0.011235955056179775
wachsam,-0.0039972319851401305
pracht,0.1741354506218928
protest,-0.0017500409739041759
schräglauf,0.0
ruin,-0.019359714457414454
seltsam,0.029869065612878547
unnötig,-0.0056179775280898875
korrupt,0.0
abstimmung,0.0016207455429497568
protzig,-0.0011235955056179776
ziellosigkeit,0.0
denkfaul,0.0
bewegend,0.0
auseinandersetzung,-0.0044943820224719105
fehleranfällig,0.0
schmerzhaft,-0.002376486442190374
nervös,-0.009615209513230019
verbund,0.001859304718372699
unbeschreiblich,-0.009615209513230019
widrigkeit,0.0
schlaff,0.029173419773095625
wärmstens,0.0
tolerieren,0.0
klimatisiert,0.0
beisteuern,0.0004971500373317792
schwung,0.01906106022253383
integer,0.0
mühe,-0.022273414309908403
trägheit,0.0004971500373317792
pessimistisch,0.0
kulanz,0.0
fidel,0.0009943000746635584
revolution,-0.0022471910112359553
heben,0.12184182251925774
krüppel,0.0009943000746635584
schrott,0.0
effektiv,0.0
verdrängung,0.0
verbindlich,-0.010112359550561797
sonnig,0.042875093329448395
lähmung,0.0
garantiert,0.0
gültigkeit,-0.0022471910112359553
verantwortungsvoll,0.0
abhängigkeit,-0.0033707865168539327
befriedigend,-0.0044943820224719105
schwindlig,-0.0011235955056179776
befriedigung,-0.002376486442190374
relevanz,0.0
missraten,-0.0011235955056179776
kränkung,0.0
verzichten,-0.01125598674266567
andrang,0.0
wärmen,0.03725711580135851
exzellent,0.0
laienhaft,0.0
eifrig,-0.01724181887713292
stornierung,0.0
beschränken,-0.0039972319851401305
zerbrechen,0.023535410558519845
ineffizient,0.0
begünstigung,-0.0011235955056179776
aufschwingen,0.0016207455429497568
ungeschminkt,0.0
sinnlos,-0.001382186367526816
verband,-0.0028736364795221535
gesundheit,-0.015233187041319906
langlebig,0.0
schönheit,0.07911787736965745
wunde,0.17068271629668746
wahr,-0.04254001784641159
aktualisieren,0.0
lädiert,0.0
ärgern,-0.0360843516107297
gedränge,0.0012328592500865012
intervenieren,0.0
knorke,0.0
chaotisch,0.0016207455429497568
lob,-0.04629686959372098
optimismus,0.0
inkonsistent,0.0
nett,-0.01575036876513758
romantisch,-0.0011235955056179776
vorbildlich,-0.008988764044943821
unerwünscht,0.0
stehlen,0.015560978274725475
pflicht,-0.02417278240125289
angebot,-0.0033707865168539327
erstechen,0.0031121956549450946
ehrlich,-0.01786826434541912
blockierung,0.0
zurückgehen,-0.0006264454682861984
absenken,0.0016207455429497568
dusselig,0.0
vereinigung,-0.0011235955056179776
missachtung,0.0
frech,-0.0053102179811702135
fülle,0.11305337533917287
lukrativ,0.0
überschwemmung,0.0
unerfreulich,-0.0011235955056179776
unsittlich,-0.0011235955056179776
authentisch,0.0
triumph,-0.0006464771547720939
spielend,0.022431846739387758
anomalie,0.0
isolieren,0.0
faszination,0.0
abweisen,-0.0044943820224719105
beleidigt,-0.006741573033707865
sabotage,0.0
kollegial,0.0
qualität,0.0
hinterlistig,-0.0011235955056179776
untergraben,0.0004971500373317792
rebellion,0.0
wert,0.04273487152404712
dominierung,0.0
haarig,0.0009943000746635584
beglückend,0.0023564547557044773
stattlichkeit,0.0
spürbar,0.0
freundlichkeit,-0.002376486442190374
spektakulär,0.0
bedeutsam,-0.0011235955056179776
trostlosigkeit,0.0
undemokratisch,0.0
schonungslos,-0.0011235955056179776
vermeidung,-0.007865168539325843
immobil,0.0
vernichtung,0.009098027789412343
fortdauernd,-0.0011235955056179776
ausgeweitet,0.0
ausbau,0.0
spaß,-0.0424580700380602
liquidation,0.0
uneinholbar,0.0
übel,-0.03785442427111976
beherrscht,0.0004971500373317792
archaisch,0.0
krumm,0.003480050261322455
erweitert,0.0
hochtrabend,0.0
trennen,0.0035692823193050824
verdient,0.0004971500373317792
kollidieren,0.0
ausbeute,-0.0022471910112359553
kranken,0.00696010052264491
stupide,0.0
lernen,-0.022572068544789034
steigend,0.008471582321126145
verehrt,-0.004623677453426329
verwerfung,-0.0044943820224719105
rentabel,0.0
träge,0.00916722816090907
ergiebig,0.0
unterbrechung,-0.0056179775280898875
deinstallieren,0.0
gallig,0.0
stil,0.441755139948646
kümmerlich,0.0016207455429497568
dilemma,0.0
verleumden,0.0
provisorium,0.0
brillanz,0.0
ausgeglichen,0.0
schlamperei,0.0
unzusammenhängend,-0.0011235955056179776
gefahr,-0.031371442099320745
töricht,-0.006503013858284924
auferstehung,0.006980132209130806
qualitativ,0.0
feige,-0.009873800375138858
funktionierend,-0.0011235955056179776
leichtsinnig,-0.019101123595505618
phantasievoll,-0.0011235955056179776
gutgehend,0.0
raub,0.07659206381002676
vergeltungsmaßnahme,0.0
ermutigung,0.0
einkaufen,-0.008988764044943821
bombastisch,0.0
keim,0.04561943437801613
grimmig,0.003221459399413618
gerechtigkeit,-0.00038788629286325496
dreck,0.0004971500373317792
flaute,0.0
ruhe,0.25231730191393653
charmant,-0.005120827490758108
bedrängung,0.0
intakt,0.0
prächtig,0.009813705315681171
spaßig,0.0
konsultation,0.0
jähzornig,-0.0033707865168539327
gestresst,0.0
auskurieren,0.0
notstand,0.0
annullieren,0.0
ungesund,0.0016207455429497568
instabil,0.0
vereidigen,0.0
melodrama,0.0
scheusslich,0.0
drosselung,0.0
gewalttätige,-0.0033707865168539327
ergaunern,0.0
einwandfrei,0.0
empfehlung,-0.0022471910112359553
träne,0.045927193924935814
verlockend,0.004862236628849271
arrogant,0.0
partnerschaftlich,0.0
ausschließung,0.0
sturz,0.008839436927503505
sympathisieren,0.0
intervention,0.0
alkoholisiert,0.0
entschwinden,0.012707373481689219
brutalität,0.0
luxuriös,-0.0011235955056179776
trophäe,0.0004971500373317792
beauftragen,-0.0011235955056179776
heil,0.26731192977983353
kongenial,0.0
armselig,0.0009943000746635584
abführen,-0.0033707865168539327
vergeltung,0.0
vertreiben,0.0033507548303680374
cool,0.0
bestechung,0.0
ausgleiten,0.0
verschönerung,0.0
besteuerung,0.0
misstrauensantrag,0.0
konsistenz,0.0
unbesiegbarkeit,0.0
ungenauigkeit,0.0
schwächlich,0.0016207455429497568
wiedergutmachung,0.0
abstumpfung,0.0
bekümmert,0.007974432283794367
garantie,-0.0011235955056179776
schelte,-0.0012729226230582917
unlauter,0.0
verwerflich,0.0
galant,-0.0056179775280898875
uneingeschränkt,0.0
hungertod,0.0032414910858995136
hinterhalt,-0.0022471910112359553
ermunternd,-0.0011235955056179776
vorantreiben,0.0
einbuße,0.0
enorm,0.0
fehlverhalten,0.0
unqualifiziert,0.0
heimsuchung,0.0
beschädigen,0.0
diebstahl,-0.0056179775280898875
zensieren,0.0
grauen,0.06517764463788174
einschrumpfen,0.0
loyalität,0.0
schleppend,0.004862236628849271
aufbereitung,0.0
ergänzung,0.0
flüchtiger,0.0
gemein,-0.030009287418279823
beheben,-0.0022471910112359553
glamourös,0.0
ehebruch,0.0
schuldlos,0.0032414910858995136
banal,0.0
erschweren,-0.0006264454682861984
fehlen,-0.06317083386447653
lähmen,-0.003002931910476572
diplomatisch,0.0
aufwühlen,-0.0011235955056179776
unvereinbar,0.0
gammlig,0.0
ergebnisreich,0.0
begnadigen,-0.0011235955056179776
verbinden,-0.010132391237047693
abstieg,-0.0011235955056179776
geschickt,-0.036342942472638536
vergöttern,-0.0011235955056179776
bonus,0.0
schuldlosigkeit,0.0
bürde,0.005230091235226632
zerstörerisch,0.0
mobilität,0.0
kulant,-0.0011235955056179776
abreißen,-0.0056179775280898875
abstoßend,0.0
hochattraktiv,0.0
vollständig,-0.01348314606741573
nachlässigkeit,-0.0033707865168539327
schädigen,-0.0033707865168539327
gut,-0.33297579808060024
erzielen,-0.0017500409739041759
umtausch,0.0
energisch,-0.006741573033707865
einbrecher,-0.0011235955056179776
vereinfachen,0.0
attraktivität,0.0
bombe,-0.0039972319851401305
hartnäckig,-0.006244422996376086
invasion,0.0
ausgewogen,0.0
groß,-0.10308670078123583
ungewohnt,-0.006244422996376086
leidenschaftlich,-0.009118059475898239
kraft,0.09094931983319068
ungeliebt,-0.0011235955056179776
erholung,-0.010112359550561797
perfektion,0.0
knuddelig,0.0
zuvorkommend,-0.0022471910112359553
freundschaftlich,-0.0056179775280898875
liquidieren,0.0
versuchung,0.0032414910858995136
motivieren,0.0
spektakel,-0.0011235955056179776
mangelbehaftet,0.0
verzückt,0.0032414910858995136
verehrung,-0.0033707865168539327
glanzlos,0.0
ungezogen,-0.0033707865168539327
energielos,0.0
gewalttätig,-0.0033707865168539327
schelten,0.003221459399413618
ermöglichen,-0.0033707865168539327
überlegt,0.0
mord,0.00817292808624552
vorhersehbar,0.0
zeitsparend,0.0
traumatisch,0.0
befangenheit,-0.006741573033707865
verzögerung,0.0
verrücktheit,0.0016207455429497568
bedeutungslosigkeit,0.0
ekelerregend,0.0
reklamation,0.0
lässig,-0.013373882322947207
nah,-0.017941106841731502
reifen,0.008777520805638012
frustrierend,0.0
unregelmäßig,-0.0033707865168539327
verfluchen,0.010092327864075903
kräftig,-0.003540145320780147
wohlwollend,-0.006741573033707865
relevant,0.0
ingeniös,0.0
störungsfrei,0.0
gefährden,-0.0011235955056179776
hinhauen,0.0
leichtsinnsfehler,0.0
respektieren,0.0
arbeitslose,0.0
explosion,0.0
skandal,-0.00012929543095441904
versenken,0.01720175550416113
verharmlosen,0.0
zenit,0.0032414910858995136
hochkarätig,0.0
spott,0.021765337898129768
jähzorn,-0.0033707865168539327
magern,0.0
unermüdlich,-0.006870868464662283
mißmutig,0.0
scheiden,0.0626609363902901
grottenschlecht,0.0
eindeutig,0.0
fruchtlos,0.0009943000746635584
kriegerisch,-0.00012929543095441904
duft,0.3240890135304937
rechtswidrig,0.0
ungebeten,0.0016207455429497568
widrig,-0.006741573033707865
niederschmetternd,0.0
etabliert,0.0
repräsentativ,0.0
kümmern,-0.003907999927157506
ausfall,-0.007368018501994064
abbruch,0.0
verfehlen,-0.0044943820224719105
gefecht,-0.0018793364048585942
folgewidrig,0.0
unkritisch,0.0
freisprechen,0.0
auszeichnung,-0.0022471910112359553
ungeteilt,-0.0022471910112359553
geil,0.0004971500373317792
brüderlich,0.0037386411232312932
gelohnt,-0.0022471910112359553
arbeitslos,-0.0011235955056179776
meisterwerk,0.0
allerbeste,0.0016207455429497568
intelligent,0.0
zwingen,-0.004962395061278754
unbefriedigend,-0.0011235955056179776
beschämen,-0.0015114817984812328
brandneu,0.0
praktikabel,0.0
unerbittlichkeit,0.0
keimig,0.0
qualitätsverbesserung,0.0
dauerhaft,0.0
bewundern,-0.008750204869520878
klug,-0.05874565221350135
ungesetzlich,0.0
ordentlich,-0.07303370786516854
zivilisiert,0.0
zufriedenstellend,0.0
abnahme,-0.0011235955056179776
erhaltung,-0.033707865168539325
qualitätsminderung,0.0
ängstigen,-0.009615209513230019
gewährleisten,-0.0011235955056179776
aggression,0.0
undurchführbar,-0.0011235955056179776
erfreuen,-0.019121155281991514
leidenschaft,-0.020264782474095386
erhältlich,0.0
verkehrswidrig,0.0
unbarmherzig,-0.0022471910112359553
weglassen,-0.0056179775280898875
totalitär,0.0
spröde,0.006980132209130806
paradies,0.039872161418971826
sparsamkeit,-0.0044943820224719105
berühmt,-0.019856864494746235
tragfähig,0.0
lüge,0.15049988163094347
abgründig,0.0
beleidigen,-0.014606741573033709
meisterhaft,-0.0022471910112359553
konkurrenzkampf,0.0
beenden,-0.013612441498370148
bedeutungslos,-0.0011235955056179776
farblos,0.005359386666181049
beschleunigen,-0.0044943820224719105
garnichts,-0.0011235955056179776
schubsen,0.0
unvergleichbar,0.0
krachen,0.017569610110538487
furchterregend,0.0
akkurat,-0.0011235955056179776
giftig,-0.00412652741609455
besorgniserregend,0.0
verschwenderisch,-0.0011235955056179776
kontinuierlich,0.0
beschwerde,0.010589477901407681
betrügerisch,0.0
umsichtig,0.0
ehrwürdigkeit,0.0
rückschritt,0.0
erzürnt,-0.0011235955056179776
irrational,0.0
positiv,0.0
zwecklos,-0.0006264454682861984
einzigartigkeit,0.0
humanitär,0.0
ärger,-0.055811920674521516
verwirrung,-0.01348314606741573
sichtbar,0.011802305465008284
fatal,-0.016853932584269662
charakterschwach,0.0
unbestimmtheit,0.0
hart,0.006492087483838074
erhöhung,-0.0056179775280898875
geschicklichkeit,-0.0056179775280898875
exotisch,-0.0011235955056179776
senken,0.056556735199315276
helligkeit,0.0004971500373317792
erlösen,0.03602425655127201
stilllegung,0.0
revolte,0.0
verwundung,-0.0022471910112359553
ärgerlich,-0.014606741573033709
verschwinden,0.0017791779724291024
verbesserung,0.0
unselig,0.008600877752080564
verdienst,0.006980132209130806
harmonisierung,0.0
kompatibilität,0.0
achtlos,0.010092327864075903
stoßen,-0.030198677908691934
abgestanden,0.0
rosten,0.001859304718372699
heiligtum,0.010718773332362099
streik,0.0
tod,0.30227268588494527
breitgefächert,0.0
katastrophe,-0.0011235955056179776
verdorbenheit,0.0
verspätet,-0.0011235955056179776
hübsch,-0.11188243221095186
realistisch,0.0
unvernünftig,-0.0056179775280898875
hammer,0.03377706554003606
betrug,0.0019886001493271167
missmutig,-0.0033707865168539327
inbrünstig,0.0074772822464625865
zulegen,-0.0033707865168539327
erlösung,0.011215923369693879
hinausgehend,0.0
befangen,-0.021736200899604832
nennenswert,0.0
solidarität,0.0
würdigen,0.004235791160563072
beschweren,0.006980132209130806
warmherzig,-0.0011235955056179776
zusammenrechen,0.0
schlüssig,-0.0056179775280898875
existenzbedrohend,0.0
passend,-0.01348314606741573
nachteilig,0.0
kompetenz,0.0
unmoral,-0.0011235955056179776
panne,0.030127656474787386
befremdlich,0.0
fähigkeit,0.0003678546063773606
elegant,-0.008491614007612041
verachten,-0.001143627192103874
angreifer,0.0
beträchtlich,-0.0033707865168539327
heiß,0.14697794693424143
vereinfachung,0.0
doof,0.0
ehrenwert,-0.0011235955056179776
korrektheit,0.0
original,-0.007865168539325843
bedenken,-0.026877060076848838
messbar,0.0
absurdität,0.0
lohnen,0.0002185274889370467
untragbar,0.0
oberflächlich,-0.010112359550561797
gedeihen,0.000974268388177664
sklave,0.014328119024638973
unsterblich,0.024808333181578133
rückständigkeit,0.0
zerschunden,0.0
diskret,-0.0022471910112359553
witzig,-0.007865168539325843
anpassungsfähigkeit,0.0
friedvoll,0.0037386411232312932
spannend,0.0
intellekt,0.0
nötigung,-0.0044943820224719105
furchtbar,-0.04448673356035911
entmutigen,0.0
traumatisieren,0.0
helfen,-0.034822355362118265
turbulenz,0.0
naivität,-0.0011235955056179776
klar,0.07175896417970243
aufmerksam,-0.055682625243567097
überfüllung,0.0
begriffsstutzig,0.0
vermindern,-0.0011235955056179776
übereinkunft,0.0
unterlassen,-0.02197476007502777
vertrauensvoll,0.0
zersetzend,0.0
abweichung,0.0
bewährt,0.002117895580281536
beifallsruf,0.0
phantasie,0.0033507548303680374
ehrfürchtig,0.002117895580281536
aufsteigen,-0.00862090943856646
schwach,0.02137745160526651
absperrung,0.0
knappheit,0.0
profit,0.0004971500373317792
verletzt,-0.0006264454682861984
unpopulär,0.0
zaudern,0.0019886001493271167
modernität,0.0
planmäßig,-0.0011235955056179776
übertreiben,-0.0033707865168539327
groll,0.05134667565057455
deinstalliert,0.0
willensstark,0.0
heimzahlen,0.0016207455429497568
lebhaft,-0.043820224719101124
ungeschickt,-0.010112359550561797
anerkennenswert,0.0
geschäftig,0.007347986815508167
kahl,0.032524174603463664
ausweiten,0.0
vergrößern,-0.0056179775280898875
dumm,-0.02065266876695864
bösewicht,-0.0011235955056179776
schwund,0.019319651084442665
funktionieren,-0.0022471910112359553
abschwächen,0.0
bankrott,0.0
prestige,0.0
beförderung,0.0
schuftig,0.0
annähern,-0.0011235955056179776
fesch,0.0
unpassend,-0.0056179775280898875
lückenhaft,-0.0011235955056179776
ersparnis,-0.0022471910112359553
krass,0.0
gewalttätiger,0.0
unmoralisch,-0.0011235955056179776
mürrisch,-0.007368018501994064
abschwächung,0.0
respektvoll,-0.0011235955056179776
sprengstoff,0.0
beschränkt,0.0004971500373317792
geduld,0.0009342050152058717
ungleichheit,0.0
genesen,0.011086627938739461
beachtenswert,0.0
unterstützung,-0.0011235955056179776
unachtsam,-0.0011235955056179776
zufließen,-0.0011235955056179776
unzurechnungsfähig,-0.0011235955056179776
umstritten,0.0
verschmutzung,0.0
ungültig,0.0
vergrößerung,-0.0011235955056179776
böse,-0.006991058583577653
unbewiesen,0.0
kriechen,-0.0004079179793491511
schwer,0.2733669622857975
unredlich,0.0
entsetzlich,-0.018236118951796478
schimmelig,0.0
überschreiten,-0.003002931910476572
unrühmlich,0.0
aggressor,0.0
belastung,-0.0011235955056179776
schwächen,0.0
tiefgreifend,0.0
zögern,-0.010261686668002111
ungeduld,-0.013871032360278987
bevormundung,0.0
einkauf,-0.012359550561797753
sicher,-0.16652158869484457
zweitklassig,0.0
fleißig,-0.013871032360278987
lebensgefahr,-0.0011235955056179776
dezimieren,0.0
unwirtlich,0.002117895580281536
bonität,0.0
kränken,-0.008123759401234682
überflüssig,-0.008491614007612041
anpassungsfähig,0.0
solid,-0.012985996030083952
verräter,0.008600877752080564
missglück,-0.0011235955056179776
ablenkung,-0.0011235955056179776
beispielhaft,0.0
systematisch,0.0
aktuell,0.0
wüste,0.03250414291697777
annullierung,0.0
miesepetrig,0.0
geglückt,0.0
modernisierung,0.0
stilsicher,0.0
erschlagen,0.011305155427676506
robustheit,0.0
desolat,0.0
abwertung,0.0
blind,0.037107788683918196
triumphal,0.0
fesselnd,0.0016207455429497568
wiederkehren,0.006224391309890189
banalität,0.0
unbefugt,0.0
defizitär,0.0
gehörig,-0.010738805018847997
trugschluss,0.0
unterentwickelt,0.0
anfälligkeit,0.0
stornieren,0.0
glaubwürdig,0.0
ernüchterung,0.0
hinfällig,-0.0022471910112359553
bestätigung,-0.0011235955056179776
beruhigung,-0.0006264454682861984
terrorismus,0.0
diktator,0.0
räuber,-0.025733432884744962
motiviert,0.0
disziplinlos,0.0
scheußlichkeit,0.0
abwerten,0.0
nervosität,0.0
unfähigkeit,0.0016207455429497568
krank,-0.03175022308014497
missverständnis,0.0004971500373317792
klassisch,0.0
abrupt,0.0
gestank,0.0
unvereinbarkeit,0.0
erschütternd,0.0014914501119953384
geschätzt,-0.0011235955056179776
ratlosigkeit,-0.0033707865168539327
superlativ,0.0
beleidigung,-0.0022471910112359553
erstklassig,0.0
propaganda,0.0
beisteuerung,0.0
perfektionist,0.0
verletzen,-0.013115291461038372
pompös,-0.0056179775280898875
pünktlich,-0.0044943820224719105
unbequem,-0.015233187041319906
nähren,0.015690273705679894
diffamierung,0.0
freiwillig,-0.023098355580645748
gewichtig,-0.0028736364795221535
stillstehen,-0.0006264454682861984
magie,0.0032414910858995136
faschist,0.0
strafverfahren,0.0
läppisch,0.0
würdig,-0.11326461857847867
zurückbleiben,-0.009615209513230019
füllen,0.04500209422176897
vermitteln,-0.0011235955056179776
mühsam,0.00160071385646386
vollständigkeit,0.0
schnäppchen,0.0
problematisch,0.0
talent,-0.013612441498370148
vorsorglich,0.0
unwahrheit,-0.0033707865168539327
beruhigend,-0.0011235955056179776
rivale,-0.0022471910112359553
selbstständig,0.0
grausam,8.923205798262723e-05
störung,-0.0002585908619088381
bedrohung,0.0
trauern,0.040498606887258023
undiszipliniert,0.0
verehren,0.0002385591754229411
reizend,0.003718609436745398
erleiden,-0.0015114817984812328
sinnlosigkeit,0.0
konfrontation,0.0
beeindrucken,0.0
krankheit,-0.04820534299710451
flexibilität,0.0
kollaps,0.0
scheiße,0.0
konjunkturaufschwung,0.0
raffiniert,0.0
genesung,0.0037386411232312932
glanzlosigkeit,0.0
unerbittlich,0.0003678546063773606
unwürdig,-0.0022471910112359553
rückhaltlos,-0.0044943820224719105
hunger,0.05372316209276491
erfüllen,0.004414255276528327
unbezahlbar,-0.0011235955056179776
ende,0.009221860033143292
feindlich,0.005100795804272211
beilegung,0.0
unzuverlässigkeit,0.0
meisterschaft,0.0
hochwertig,0.0
beschwerlichkeit,0.0
unverantwortliche,-0.0011235955056179776
praktisch,-0.023098355580645748
professionell,0.0
kontroverse,0.0
zulässig,-0.0011235955056179776
erschüttern,-0.001640777229435654
bedrohlich,-0.0011235955056179776
durcheinander,-0.006870868464662283
androhen,0.0
bedeutung,-0.012985996030083952
anstrengung,-0.015730337078651686
unschön,-0.0011235955056179776
aufblühen,0.006980132209130806
schmutzig,0.001362154681040919
versklaven,0.0
abwärtstrend,0.0
minderwertig,-0.0011235955056179776
stilllegen,0.0
versagen,0.005080764117786317
züchtigen,-0.0022471910112359553
betrunken,-0.006870868464662283
tradition,0.0
schlachtfeld,-0.00012929543095441904
verwendbarkeit,0.0
wissen,-0.12875093329448395
empathisch,0.0
erkennbar,-0.002376486442190374
unbedeutend,-0.008988764044943821
gewinn,0.007765010106896356
unpersönlich,0.0
bedeutend,-0.030337078651685393
heraufsetzen,0.0
frohlocken,0.0036093456922768738
heirat,-0.0804017263671626
fertigkeit,-0.005120827490758108
kreativ,0.0
ungerecht,-0.006870868464662283
inkonsequent,0.0
mißachten,0.0
verbieten,-0.014736037003988128
profitabel,0.0
faszinieren,0.0
vertrauenswürdigkeit,0.0
applaus,0.004862236628849271
unmut,-0.0008850363301950367
golden,0.0869630142224974
überhöhung,0.0
sinnvoll,0.0016207455429497568
unübersichtlich,0.0
destruktiv,0.0
progression,0.0
vulgär,0.0
ausgleich,-0.0017500409739041759
annehmbar,-0.0011235955056179776
schnelligkeit,-0.006741573033707865
tadellos,-0.0017500409739041759
rehabilitation,0.0
sorgen,0.018702310928195506
umgänglich,-0.0022471910112359553
bedrängen,0.0037386411232312932
schadensbild,0.0
tragödie,0.0
liberalismus,-0.0011235955056179776
tödlich,-0.00362937737876277
famos,-0.011862400524465974
drängelnd,0.0
genervt,0.0
gekränkt,0.0004971500373317792
kampf,0.09619033744286418
aufgeben,-0.03146067415730337
begünstigen,-0.0011235955056179776
sehenswert,0.0
rebellisch,0.0
zerstreuen,-0.007000163895616703
reparieren,-0.0011235955056179776
ununterbrochen,-0.006741573033707865
genial,-0.0022471910112359553
fiasko,0.0
epidemie,0.0
standhaftigkeit,0.0
überschreitung,0.0
deformation,0.0
untauglich,0.0
verderblich,0.0032414910858995136
angreifen,-0.019101123595505618
schocken,0.0
siegeszug,0.0
fehltritt,-0.0011235955056179776
beknackt,0.0
beeinträchtigung,-0.0011235955056179776
verzerrung,0.0
ausgleichszahlung,0.0
angemessen,-0.0011235955056179776
mögen,-0.01619106586782726
steigerung,0.0
konjunkturrückgang,0.0
sanft,0.15615792253200517
korrekt,-0.0011235955056179776
wundersam,0.03876859759983974
förderung,0.0
achtlosigkeit,-0.0011235955056179776
subvention,0.0
wachstum,0.0016207455429497568
feuern,0.005230091235226632
unvermeidlich,-0.0017500409739041759
verführerisch,-0.0033707865168539327
verheißungsvoll,0.0
pest,0.004235791160563072
beschissen,0.0
dominieren,0.0
eigenkapital,0.0
streit,0.036311984411705786
lohn,0.04270573452552218
schick,-0.003024784659370283
offensichtlich,0.0
kacken,0.0
höhnisch,0.001859304718372699
gastfreundlichkeit,0.0
erschlossen,-0.0025057818731447938
trotzen,0.015451714530256951
fehlanzeige,0.0
überwältigt,0.0016207455429497568
unsicherheit,0.0
gebrechlich,0.0
befreien,0.012190191757871543
gefesselt,-0.002376486442190374
fortschreiten,-0.0028736364795221535
beifall,0.0002385591754229411
stoß,-0.017511336113488624
flüchtling,0.0009943000746635584
leer,0.10628266530694008
hoffnungslos,0.005230091235226632
zerschmettern,-0.002376486442190374
beheizbar,0.0
leistung,-0.0056179775280898875
bedrückung,0.0
weitgehend,0.0
zugänglich,-0.006741573033707865
benefiz,0.0
vertraut,0.013940232731775717
unklar,-0.006741573033707865
recht,-0.2943947699087648
insturz,0.0
mies,0.0
unermeßlich,0.0
abschuß,0.0
apathisch,0.0
diszipliniert,0.0
abfallen,-0.0022471910112359553
kränkeln,-0.0011235955056179776
spezialität,-0.0056179775280898875
empathie,0.0
genau,-0.08504543550707483
verleumdung,-0.0006264454682861984
ausrottung,0.0
bahnbrechend,0.0
symbiose,0.0
verdammt,0.0039772002986542335
aufwerten,0.0
gemütlich,-0.006244422996376086
flair,0.0
verwelken,0.011215923369693879
enttäuschen,-0.008988764044943821
stagnation,0.0
glasklar,0.0
festlich,0.009833737002167064
bedauern,-0.02098046000036421
geldgeber,0.0
skrupellos,-0.0011235955056179776
fürchten,-0.056716988691202445
gering,-0.022253382623422503
bestürzung,-0.0044943820224719105
aufstand,-0.0056179775280898875
uneinig,-0.0022471910112359553
konsens,0.0
grausamkeit,-0.011235955056179775
kontrovers,0.0
zuversichtlich,-0.006741573033707865
legitimität,0.0
enträtseln,-0.0011235955056179776
überdurchschnittlich,0.0
glamour,0.0
unvollständigkeit,0.0
bewirken,-0.0017500409739041759
verabscheuungswürdig,0.0
weiträumig,0.0
gegner,-0.013612441498370148
grau,0.2269826816965017
mittellosigkeit,0.0
enthaupten,0.0
abweisung,0.0
schlimmer,-0.010112359550561797
schmuggeln,0.0
stinken,-0.0012528909365723969
hoch,0.20738258700125656
perfekt,0.0
verfallen,0.00160071385646386
mindern,0.0009943000746635584
sorgfältigkeit,0.0
abmachung,-0.0022471910112359553
atemberaubend,0.0
absurd,0.0
begrenzung,0.0
freundlich,-0.020344909220038968
imposant,0.0
zwiespältig,0.0
vielzahl,-0.0011235955056179776
abschaffung,0.0
verdecken,0.0008650046437091398
beschwichtigen,-0.006244422996376086
fehlkonstruktion,0.0
unberechtigt,0.0
rein,0.2178336641596707
feindselig,-0.0035000819478083517
unparteilichkeit,-0.0011235955056179776
stabilisieren,0.0
egoist,0.0
ausdauer,-0.0006264454682861984
unverantwortlich,-0.0022471910112359553
verhandeln,-0.007368018501994064
niederträchtig,0.0004971500373317792
ehrlichkeit,-0.0022471910112359553
abstoßen,-0.0022471910112359553
dreist,0.004732941197894852
primitiv,0.0
hinreichend,-0.0033707865168539327
humor,-0.0035000819478083517
klettern,-0.0015114817984812328
heikel,0.0
rat,-0.2769726658532588
vagheit,0.0
unverwundbarkeit,0.0
manipulation,0.0
unsportlich,0.0
hauptsächlich,-0.0033707865168539327
unbestritten,0.0016207455429497568
hektisch,-0.0011235955056179776
steigern,-0.008491614007612041
ermahnung,-0.0022471910112359553
drängen,0.053016589878535136
rammen,-0.0022471910112359553
größtmöglich,0.0
erliegen,0.009833737002167064
koordinieren,0.0
hell,0.31512938648407485
lächeln,0.11133247136379362
beachtlich,0.0
beliebt,-0.0044943820224719105
erfahrung,-0.011365250487134194
gönnerschaft,0.0
wettbewerbswidrig,0.0
genie,-0.020822027570884846
ausgestorben,0.0
anstößig,-0.0056179775280898875
kapitalverbrechen,0.0
schuldnerin,0.0
schlicht,0.023296851383096902
partnerschaft,0.0
bestens,-0.0011235955056179776
integrieren,0.0
aufbessern,0.0
aufruhr,0.0019886001493271167
lästig,-0.006244422996376086
funktionsfähig,0.0
wirksamkeit,-0.0011235955056179776
bedürftig,-0.0022471910112359553
kentern,0.0016207455429497568
chic,-0.043146431628211884
gemeinsam,-0.00012929543095441904
unhöflich,-0.0022471910112359553
ausführlich,-0.0044943820224719105
überrunden,0.0
narr,0.02751261085717407
fruchtbarkeit,0.004862236628849271
bündnis,0.0
kapitulation,0.0
markant,-0.0011235955056179776
rücksichtsvoll,-0.006741573033707865
belohnen,-0.0025057818731447938
ablaufen,-0.006244422996376086
frustration,0.0
angestrengt,-0.006741573033707865
gleichstellen,0.0
jammer,0.051068053102179815
harmonie,0.02156684209567862
kostenlos,0.0
zerfressen,0.0
menschenwürdig,0.0
korrektur,0.0
toleranz,0.0
unzumutbarkeit,0.0
kompliziert,-0.008988764044943821
maximum,0.0
schädigung,-0.0017500409739041759
prunkvoll,0.0
brillant,0.0016207455429497568
vertrauenswürdig,0.0
maximal,0.0
wirr,0.10029683317247282
handicap,0.0
leere,0.022799701345765117
genügend,-0.011235955056179775
untröstlich,-0.0011235955056179776
handgemenge,0.0016207455429497568
unheilbar,-0.0033707865168539327
konstanz,0.0
weich,0.15259774552473915
erbrechen,-0.028905723599147747
zoll,-0.002764372735053632
kläger,0.0004971500373317792
human,0.0
kompatibel,0.0
kriminell,0.0
hinterlassen,-0.006870868464662283
strenge,-0.013741736929324566
wahnsinnig,-0.004623677453426329
kunstreich,0.002117895580281536
gefestigt,0.0
schlau,-0.004017263671626026
arbeitslosigkeit,-0.0011235955056179776
abriss,0.0
freudlos,0.004862236628849271
meiden,-0.002675140677071003
planlos,0.0004971500373317792
blüte,0.12687523901444103
legalität,0.0
sündenbock,0.0
dynamisch,0.0
heimsuchen,0.0
wertvoll,-0.0011235955056179776
kompliment,-0.005747272959044307
liebenswürdig,-0.05118824322109519
wiedergewinnen,0.0
üppig,0.03377706554003606
hurrageschrei,-0.0011235955056179776
diskreditieren,0.0
weisheit,0.010937300821299147
heuchlerisch,0.002117895580281536
revanchieren,0.0
wiedergutmachen,0.0
kündigen,-0.008123759401234682
treffend,-0.008988764044943821
verstehen,-0.11522408172928086
ultimativ,0.0
künstlerisch,-0.0044943820224719105
zuversicht,-0.012488845992752172
herausgehoben,0.0
ausgleichen,-0.0017500409739041759
unfreundlichkeit,0.0
aufrichtigkeit,-0.0011235955056179776
schmeichelnd,0.013830968987307197
ausgeflippt,0.0
zweifellos,-0.0044943820224719105
luxus,-0.0017500409739041759
engstirnig,0.0
amateur,0.0
begeistern,0.006850836778176388
dieb,-0.013871032360278987
unberührt,0.01022162329503032
abschreibung,0.0
degradieren,0.0
gehaltszulage,-0.0056179775280898875
fertig,-0.0785424216487899
katastrophal,0.0
verwickeln,-0.0033707865168539327
ungehorsam,-0.0044943820224719105
hungern,0.028546974304809423
herabsetzen,0.0
anbieten,-0.023098355580645748
menschlichkeit,0.0037386411232312932
rückzug,-0.011862400524465974
verstoß,0.012836668912643637
anreicherung,0.0
spitze,-0.000925099703166829
vorwärts,0.012428750933294486
großspurig,0.0
hinterlist,-0.0039972319851401305
zwietracht,0.0
plausibilität,0.0
umfangreich,-0.0011235955056179776
schlag,0.11562653652140659
weitläufig,-0.0044943820224719105
zurückgewinnen,0.0016207455429497568
rache,0.025961065685721055
sintflut,0.004862236628849271
vertrag,-0.02821918307140386
legendär,0.0
schrecklich,-0.03297215595578461
ruhig,-0.1204742046509934
begnadigung,0.0
edel,0.09766175586837361
nutzbringend,0.0
beschwerlich,-0.0056179775280898875
entschlüsselung,0.0
behämmert,0.0
inkonsistenz,0.0
belästigung,0.0
unverwundbar,0.0
beschneiden,0.0004971500373317792
provisorisch,0.0
schlechtigkeit,-0.0033707865168539327
vertreibung,0.0
sorglos,-0.005876568389998726
gammler,0.0
blockieren,0.0
umgetauscht,0.0
verlöbnis,0.0
versklavt,0.0
unübertrefflich,0.0
fairness,0.0
reinfall,-0.0044943820224719105
radikal,-0.0022471910112359553
heruntermachen,0.0
inkonsequenz,0.0
souverän,-0.0006264454682861984
abhängig,-0.006741573033707865
abschuss,0.0
unzuverlässig,0.0
unhöflichkeit,-0.0022471910112359553
finanzierung,0.0
erholsam,0.0
bedrückt,-0.0006264454682861984
konzertiert,0.0
einweihung,0.0
befördern,-0.0044943820224719105
schaffen,0.026745943583486614
inspiration,-0.0011235955056179776
konstruktiv,0.0
engagement,0.0
festakt,0.0
unterwürfig,0.0
präzise,0.0
umsorgen,0.0
niederschlagen,0.0008650046437091398
bedeppert,0.0
makelhaft,0.0
humanität,0.0
ausgewählt,0.0
verwirklichung,0.0
freispruch,0.0
misstrauisch,-0.0033707865168539327
übertreibung,-0.0011235955056179776
legitim,0.0004971500373317792
verbannen,0.018325351009779108
ungemütlich,-0.0011235955056179776
unrentabel,0.0
gabe,-0.02142844135268516
steigen,0.08825414746963381
fair,0.0016207455429497568
kurz,-0.0725474842022836
koordiniert,0.0
übermenschlich,-0.006741573033707865
entlohnung,0.0
ernsthaftigkeit,0.0
erarbeiten,-0.0044943820224719105
liebling,0.00894870067197203
turbulent,0.0
vermittlung,0.0
übertreffen,-0.0033707865168539327
heftig,-0.06717717116165571
unaufrichtig,0.0
erreichen,-0.03962449693150984
disziplin,0.0
abstrich,0.0
frustrieren,0.0
ergiebigkeit,0.0
abstumpfen,0.0
erfreulich,-0.0056179775280898875
zusammenhalt,-0.011862400524465974
vergeblich,-0.005379418352666946
untreu,-0.0017500409739041759
feier,0.020452351902099694
wertlos,-0.0006264454682861984
wärme,0.04994445759656183
geisteskrankheit,0.0
kostspieligkeit,0.0
tristesse,0.0
ernüchternd,0.0
nerven,-0.007497313932948482
löschen,0.05344453954437019
augenweide,0.0016207455429497568
hungersnot,0.0032414910858995136
weltberühmt,0.0
ordnungswidrig,0.0
verächtlich,-0.011862400524465974
abgesichert,0.0
hochgradig,0.0
charme,0.0
schade,-0.10088503633019504
beschäftigungslose,0.0
knapp,0.0022271593247500596
labil,0.0
jubiläum,-0.0011235955056179776
ungezwungen,0.0016207455429497568
unerquicklich,0.0016207455429497568
exponiert,0.0
widersprüchlich,0.0
strahlen,0.15851437728770967
unerwartet,-0.014606741573033709
kur,-0.10102525813559632
fuchsteufelswild,0.0
kürzen,0.0008650046437091398
distanziert,0.0
verständnis,-0.01748037805255586
führen,-0.06907836031540798
kompromiss,0.0
zulage,-0.0056179775280898875
erwürgen,0.0031121956549450946
dürre,0.0032414910858995136
liebenswert,0.0016207455429497568
überlasten,0.0
opposition,-0.0011235955056179776
massaker,0.0
vererbung,0.0
überzeugt,-0.030337078651685393
hilflosigkeit,-0.0022471910112359553
fabelhaft,-0.007865168539325843
prima,-0.0028736364795221535
optimist,0.0
ziellos,0.01022162329503032
aufwärts,0.011693041720539761
voranbringen,0.0
bestechen,0.0016207455429497568
weitsichtig,0.0
nutzlosigkeit,0.0
verheerend,0.002117895580281536
anstieg,-0.0044943820224719105
missachten,0.0032414910858995136
kooperativ,0.0
wahrheit,0.026736838271447565
zusammenhalten,-0.007368018501994064
umwerfend,0.0
stütze,-0.021497641724181886
namhaft,-0.0011235955056179776
koordinierung,0.0
vertraulich,-0.005250122921712526
geeignet,-0.0056179775280898875
gelähmt,0.0
merkwürdig,-0.056179775280898875
defekt,-0.0011235955056179776
abzocke,0.0
redundanz,0.0
freikommen,0.0
abschrecken,-0.0033707865168539327
gesteigert,-0.0011235955056179776
paradiesisch,0.0004971500373317792
repetiv,0.0
hingabe,-0.0044943820224719105
idiot,0.0
vertrauenerweckend,0.0
erweitern,-0.002376486442190374
brechen,0.11066596252253566
entschluß,0.0
entgleiten,0.006482982171799027
trügerisch,0.0004971500373317792
ungeordnet,0.0
phantastisch,-0.008491614007612041
bevorzugt,-0.0011235955056179776
tatenlos,0.0
mühelos,-0.0011235955056179776
spende,0.037018556625935575
absolut,-0.005120827490758108
beleben,0.011583777976071241
traditionsreich,0.0
beseitigung,0.0
herzig,-0.010132391237047693
beunruhigung,0.0
stärken,-0.010500245843425052
versäumnis,0.0
abschreckend,-0.0011235955056179776
unbequemlichkeit,-0.0033707865168539327
einfallsreichtum,0.0
unmenschlich,-0.0033707865168539327
überlegenheit,-0.020224719101123594
unehrlich,0.0
ausbeuter,0.0
idiotisch,0.0
verderben,0.0009542367016917644
unverzichtbar,0.0
riskant,0.0
schwächung,0.0
widerspruch,0.0007357092127547211
gigantisch,-0.0022471910112359553
bekannt,-0.047638992588275995
habgier,0.0016207455429497568
boom,0.0
unfall,-0.0006264454682861984
hoffnungsvoll,-0.0006264454682861984
ansteigen,-0.0006264454682861984
unbestreitbar,0.0
verwüsten,0.0004971500373317792
überschaubar,0.0
unantastbar,0.0004971500373317792
verdunkeln,0.013960264418261613
geschäftsauflösung,0.0
unglücklich,-0.02821918307140386
verrucht,0.004235791160563072
billig,-0.014736037003988128
verschmutzen,0.0
gründlichkeit,0.0
hochklassig,0.0
originalität,0.0
täuschen,-0.018991859851037095
närrisch,0.002982900223990677
akzeptanz,0.0
verstrickung,0.0016207455429497568
verantwortung,-0.0056179775280898875
geräumig,-0.0011235955056179776
schmuck,0.044585070930380784
freund,-0.10974632600659226
denkfehler,0.0
illoyal,0.0
zahlungsunfähigkeit,0.0
kompensation,0.0
allgemeingültig,0.0
versiert,0.0
missfallen,-0.006244422996376086
mittelmäßigkeit,0.0
profitieren,0.0016207455429497568
fesseln,0.021049660371860943
sprengen,0.023167555952142482
besitz,-0.045868919927885936
entführen,0.005856536703512829
grob,-0.006373718427330504
hindernis,-0.010738805018847997
affäre,-0.0011235955056179776
fad,0.11365068380893414
auseinandersetzen,-0.0011235955056179776
feiern,-0.0005372134103035706
flüssig,-0.0037586728097171885
gnädig,-0.026747764645894415
blöd,0.013830968987307197
altmodisch,0.0
pikiert,-0.0006264454682861984
upgraden,0.0
wünschenswert,-0.0022471910112359553
harmonisch,0.009724473257698542
kraftlos,-0.006741573033707865
anspannung,-0.0011235955056179776
verkleinern,0.0
hohn,0.039762897674503306
überlegen,-0.06853932584269663
ertragreich,0.0
gezielt,0.0
schirmherrschaft,0.0
ausrotten,-0.0011235955056179776
erschlaffen,0.012965964343598054
verlust,0.0012328592500865012
kälte,0.0017300092874182795
göttlich,0.03613352029574053
verblüffend,0.0
brand,0.08136506838089341
wirkungsvoll,-0.0011235955056179776
erschreckend,0.002615045617613316
höchstmöglich,-0.0011235955056179776
prachtvoll,-0.0018793364048585942
anreichern,0.0
hingeben,-0.009505945768761495
abneigung,-0.0022471910112359553
finanzkrise,0.0
expertise,0.0
süchtig,-0.011017427567242728
klasse,-0.011862400524465974
pflegen,-0.015661136707154952
attackieren,0.0
anklage,-0.006373718427330504
aussetzung,0.0
nachhaltigkeit,0.0
tadelnswert,0.0
rechthaberisch,0.0
offensive,0.0
ausschalten,0.0
schlotterig,0.0
modern,0.014954564492925173
einschlag,-0.017977528089887642
tadelsfrei,0.0
abschließen,-0.019101123595505618
prekär,0.0
ruinös,0.0
konsistent,0.0
sorgfältig,-0.013612441498370148
pflege,-0.028905723599147747
rüde,0.009833737002167064
entschädigung,-0.0006264454682861984
unerlaubt,-0.0011235955056179776
unfreiwillig,-0.0022471910112359553
kalt,0.11795567534099392
sympathie,0.002117895580281536
rätselraten,0.0
verfeinern,0.0
krieg,-0.14450676524684503
furchtlosigkeit,0.0
nervig,0.0016207455429497568
morden,-0.0018993680913444895
beschwichtigung,0.0
ästhetisch,-0.006741573033707865
authentizität,0.0
stiftung,-0.0044943820224719105
beschäftigungsloser,0.0
bereit,-0.08974923970644474
wichtigtun,0.0
unzufriedenheit,-0.0011235955056179776
glückseligkeit,-0.0033707865168539327
entziehung,0.0
heimtückisch,-0.0017500409739041759
nachahmenswert,0.0
aktualität,0.0
anziehung,0.0
beschuldigung,-0.0011235955056179776
anmaßen,0.0
betrügen,0.01182233715149418
wichtigtuer,-0.0011235955056179776
autonomie,0.0
wiederherstellung,-0.0022471910112359553
reichlich,-0.002764372735053632
langlebigkeit,0.0
unten,-0.017839127346894176
belehrbar,0.0
weitsichtigkeit,0.0
einfach,-0.03509005153606615
comeback,0.0
kostbarkeit,0.0
bildung,-0.01410959153570193
abnutzen,0.0
bestürzt,-0.002376486442190374
einhalten,0.0
erstaunen,-0.03908728352120627
vereinbarung,0.0
ungeahnt,0.0004971500373317792
unterwerfung,0.0
rechtsgültigkeit,0.0
trauma,0.0032414910858995136
volltrunken,0.0
eleganz,-0.0022471910112359553
wunschgemäß,0.0
leistungsstark,0.0
verbannung,0.0016207455429497568
schädigend,0.0
beschäftigungslos,0.0
fehlkauf,0.0
belästigen,-0.0044943820224719105
zappeln,-0.00412652741609455
ausbeutung,-0.0022471910112359553
erklärt,0.01707246007320671
abdämpfen,-0.0011235955056179776
erfüllung,0.00010926374446852335
entspannung,0.0
planvoll,-0.0011235955056179776
ruhmreich,0.0016207455429497568
einbrechen,-0.0002585908619088381
niedlich,0.0009943000746635584
übergroß,0.0037386411232312932
rücktritt,0.0
nutzen,-0.025971992060167905
erosion,0.0
sensation,0.0
schmutz,0.012080928013403018
loswerden,-0.0022471910112359553
behütet,0.0
freiheit,0.04311365250487134
verrat,0.0035692823193050824
zerrissen,0.0002385591754229411
bestehen,-0.05408191138710324
anstand,-0.009615209513230019
glückwunsch,-0.0011235955056179776
wiederbeleben,0.0
glorreich,0.004862236628849271
leichtigkeit,-0.0033707865168539327
ungenau,0.0004971500373317792
riesig,0.006095095878935771
vergewaltigen,0.0
qualifiziert,-0.0056179775280898875
umjubelt,-0.0011235955056179776
heuchler,0.0037386411232312932
stifter,0.0016207455429497568
glänzend,0.0030521005954874045
fest,0.028186403948063266
bedauerlich,-0.0033707865168539327
kritisch,0.0
einschüchternd,0.0
lebensgefährlich,-0.0022471910112359553
zufügen,-0.01348314606741573
versöhnung,-0.0006264454682861984
eklatant,0.0
inflation,0.0
horror,0.0
zulässigkeit,0.0
geizhals,-0.0011235955056179776
angesehen,-0.0011235955056179776
besonnen,-0.006741573033707865
fehlerfrei,0.0
vergolden,0.0019886001493271167
sauber,-0.02759273760311766
hässlich,0.0006064137818003017
finte,0.0016207455429497568
unwahr,-0.0056179775280898875
aktivität,0.0
erdrückend,0.0
ungebührlich,-0.0006264454682861984
rückversichern,0.0
ermüdung,-0.0022471910112359553
unkorrekt,0.0
angespannt,0.0
totschlag,-0.0011235955056179776
übertrieben,-0.0033707865168539327
monotonie,0.0
einzigartig,0.0
anlocken,0.0032414910858995136
vorwand,-0.007368018501994064
wohlgeordnet,-0.0011235955056179776
wagen,0.0172800611876969
herzlich,-0.015253218727805804
hektik,0.0
bußgeld,0.0
erfahren,-0.04428823775790797
wundervoll,0.005339354979695152
autonom,0.0
effektvoll,0.0
vergöttert,-0.0011235955056179776
arroganz,0.0
besondere,-0.01348314606741573
agitation,0.0
verzeihen,-0.013761768615810462
qualitätsvoll,0.0
verärgern,0.0
wegfallen,0.0
suboptimal,0.0
top,-0.01676470052628704
zugabe,0.0
dunkelheit,0.00209786389379564
dekadent,0.0
verantwortlich,-0.0033707865168539327
enttäuschend,0.0
machtlos,0.004732941197894852
bedauernswert,-0.0033707865168539327
unbefriedigt,-0.0006264454682861984
hassen,0.029024092655655306
eifer,-0.031868592136652524
interessenvertretung,0.0
aufmunternd,-0.0011235955056179776
bewundernswert,0.0
vorbehaltlos,0.0
vernichten,-0.006135159251907564
fantasievoll,0.0
albtraum,0.0016207455429497568
erschütterung,-0.010112359550561797
linderung,0.0032414910858995136
unschätzbar,0.0
pessimismus,-0.0011235955056179776
wohltätig,-0.0033707865168539327
rezession,0.0
hochrangig,0.0
erniedrigung,0.0
schamlos,0.0004971500373317792
richtig,-0.14444667018738733
detailliert,0.0
gleichwertig,0.0
anziehen,-0.021477610037695993
kriminalität,0.0
gerechtfertigt,-0.0011235955056179776
gefragt,-0.0006264454682861984
kündigung,-0.007368018501994064
visionär,0.0
schwerwiegend,0.0
gift,-0.0002986542348806312
mißbrauchen,0.0
verspielen,0.0016207455429497568
überfallen,-0.019856864494746235
feuer,0.10099247901225575
innovativ,0.0
absinken,0.002117895580281536
unternehmerisch,0.0
erschießen,-0.005876568389998726
beneidenswert,-0.0011235955056179776
konkret,0.0
unsozial,0.0
erleuchten,0.005707209586072515
furchtlos,0.005359386666181049
macht,0.12257935279442027
zweifelhaft,-0.011235955056179775
begehrt,0.004106495729608655
rächen,-0.00226722269772185
auskommen,-0.04157303370786517
toppen,0.0
haarsträubend,-0.0011235955056179776
zwieträchtig,0.0
mondän,-0.0011235955056179776
unwirtschaftlichkeit,0.0
dienlich,-0.0011235955056179776
falsch,-0.0055688088430790525
beklagenswert,0.0
überfluß,0.0
reinigung,-0.0044943820224719105
unrecht,-0.04358166554367818
entwürdigend,0.0
übersichtlich,0.0
einhaltung,0.0
begnadet,0.0
wiederaufleben,0.0
faul,-0.0058966000764846226
begrenzt,0.0074772822464625865
ankurbeln,0.0
rabiat,-0.0011235955056179776
aufwertung,0.0
erwünscht,-0.0028736364795221535
ausgrenzung,0.0
garstig,-0.0033707865168539327
robust,-0.0022471910112359553
erstaunlich,-0.01348314606741573
pech,-0.0018793364048585942
effizienz,0.0
wegweisend,0.0
wertlosigkeit,0.0
blockade,0.0
müdigkeit,0.005727241272558411
ambivalenz,0.0
rasend,-0.0035201136342942474
besteuern,0.0
wutentbrannt,0.0016207455429497568
maßlos,0.0004971500373317792
unverzichtbarkeit,0.0
wertschätzung,0.0
verstärken,-0.0011235955056179776
vorzeitig,0.0
niedergleitend,0.0
betrüger,-0.0033707865168539327
ungebrochen,0.0016207455429497568
abfällig,0.0
anhebung,0.0
kritiker,0.0
problemlos,0.0
beleidigend,-0.0033707865168539327
schmücken,0.08250869557299728
erleuchtung,0.0016207455429497568
komplett,0.0
simpel,0.0004971500373317792
welken,0.041880793254784845
mutlos,-0.0044943820224719105
möglichkeit,-0.020224719101123594
unverhältnismäßigkeit,0.0
kommod,-0.0044943820224719105
empören,-0.0018793364048585942
bravourös,0.0
geschick,0.014745142316027166
genehmigen,-0.0011235955056179776
hilfe,-0.028607069364267115
entlastung,0.0
lügner,-0.008988764044943821
miteinander,-0.021477610037695993
wohlbehalten,0.0
kompetent,0.0
verstoßen,0.010718773332362099
risiko,0.0
aufrichtig,-0.015730337078651686
verirren,0.001362154681040919
abfuhr,0.0
deformieren,0.0
sinken,0.24500027315936115
verschönern,-0.0011235955056179776
barriere,0.0
besorgt,-0.03146067415730337
skeptisch,0.0
dynamik,0.0
engagiert,0.0
unfein,0.0
abweichen,-0.0022471910112359553
privileg,0.0
infektion,0.0
gleichstellung,-0.0056179775280898875
mutlosigkeit,0.0
täuschung,0.012080928013403018
erben,0.15159251907562873
fulminant,0.0
unbegrenzt,0.009724473257698542
schätzen,-0.0002786225483947351
illegal,0.0
flüchtend,0.0004971500373317792
beunruhigend,-0.0022471910112359553
gewinner,-0.0011235955056179776
instabilität,0.0
komfort,0.0
verstärkung,0.0
blendend,0.002982900223990677
kurieren,-0.007865168539325843
upgrade,0.0
romantik,0.0
ermüden,-0.004752972884380748
unsolidarisch,0.0
schlank,0.054200280443610804
mißlingen,0.0
behinderung,0.0
belebtheit,0.0
unwissend,-0.0007557408992406164
stress,0.0
bärenstark,0.0
entlasten,0.0016207455429497568
herausforderung,0.0
abfall,-0.0006264454682861984
töten,-0.01425891865314224
getreu,0.014069528162730136
vorsorge,0.0
einbehalten,0.0
zurückgeben,-0.0006264454682861984
unfehlbarkeit,0.0
undankbarkeit,0.0
wirksam,-0.0033707865168539327
widerstandsfähigkeit,0.0
aufrühren,-0.0011235955056179776
überwältigend,0.0
bereitstellen,0.0
einschränken,-0.0033707865168539327
wachsamkeit,-0.0022471910112359553
zuverlässig,-0.0056179775280898875
zwangsmaßnahme,0.0
investieren,0.0
erschöpfung,-0.0022471910112359553
hurra,0.011842368837980077
verhängnis,-0.00412652741609455
bewunderer,-0.0011235955056179776
moralisch,-0.007368018501994064
ziel,0.09493744650629177
begrenzen,0.0
senkung,0.0016207455429497568
kinderleicht,0.0
interessant,-0.020851164569409792
zerstören,0.003221459399413618
wunder,0.11138164004880446
streiken,0.0
verwüstung,-0.0022471910112359553
driften,0.0
unschuld,0.011046564565767664
mild,0.19382295631271285
makellos,0.0009943000746635584
vorsicht,-0.03696938794092473
vereiteln,-0.0011235955056179776
inspirierend,0.0
vorankommen,0.0
ungedeckt,0.0
erstrangig,0.0
vermachen,0.0016207455429497568
wirkungslos,0.0
unsinnig,-0.0033707865168539327
hysterisch,-0.0011235955056179776
unsäglich,0.0019886001493271167
brillieren,0.0
beschämung,-0.0022471910112359553
überwinden,-0.013741736929324566
zielstrebig,0.0
geärgert,0.0
gerecht,-0.018624005244659732
entbinden,-0.0011235955056179776
ausbilden,-0.0033707865168539327
wahren,0.012885837597654472
bereicherung,0.0
zerschlagen,0.004106495729608655
unzureichend,-0.0011235955056179776
stützen,-0.02087119625589569
erpressung,0.0
vernichtend,0.002117895580281536
ansehnlich,-0.006741573033707865
anstrengend,-0.0011235955056179776
moral,-0.015233187041319906
hölle,0.024529710633183398
geduldig,-0.002396518128676268
hochdruckgebiet,0.0
umfassend,0.004862236628849271
schlauheit,-0.0044943820224719105
reinheit,-0.0002585908619088381
brennen,0.0810463824595269
wirtschaftlich,-0.0011235955056179776
krach,0.012448782619780378
schäbig,0.0
missverstehen,-0.0056179775280898875
aggressivität,0.0
premium,0.0
integrität,0.0
anheiterung,0.0
kraftvoll,0.0009943000746635584
unverlangt,0.0
großzügig,0.0
massiv,-0.0011235955056179776
nachlässig,-0.009615209513230019
verschwenden,0.004603645766940433
unvollständig,0.0
überschwänglichkeit,0.0
verschleppen,0.0
applaudieren,0.0
schmackhaft,0.0
antiquiert,0.0
flüchtigkeit,0.0
fürchterlich,-0.009873800375138858
undankbar,-0.006741573033707865
greifbar,0.0016207455429497568
kurzsichtig,-0.0011235955056179776
bevormunden,0.0
borniert,0.0
verbeulen,0.0
subventionieren,0.0
unangemessen,0.0
bereichern,-0.0033707865168539327
unwiderstehlich,-0.0012528909365723969
blöde,0.0016207455429497568
entschlossen,-0.008491614007612041
terrorisieren,0.0
genialität,0.0
niedergang,0.0032414910858995136
bombardierung,0.0
isolation,0.0
verlobung,-0.04044943820224719
spenden,0.02193469670205598
populär,0.0016207455429497568
geschmacklosigkeit,0.0
gewinnbringend,0.0
unzivilisiert,0.0
flüchtig,0.018046728461384373
begeisterung,-0.006870868464662283
nützen,0.0039772002986542335
abdankung,0.0
gauner,-0.0006264454682861984
sensationell,0.0
kostspielig,-0.0011235955056179776
potent,0.0016207455429497568
minderwertigkeit,0.0
unerträglich,-0.012359550561797753
zugänglichkeit,0.0
verfall,0.000974268388177664
neu,0.00522644911041098
launisch,-0.0022471910112359553
uneinsichtig,-0.0044943820224719105
nachhaltig,-0.0022471910112359553
wohlwollen,-0.016853932584269662
ablenken,0.0004971500373317792
blühen,0.23496804035474295
zerstört,0.0004971500373317792
undurchsichtig,0.0016207455429497568
ungeduldig,-0.00862090943856646
himmlisch,0.04572869812248466
flau,0.012707373481689219
rücksichtslos,-0.003002931910476572
vitalität,0.0
wiederkehr,0.013204523519020996
bedürftige,-0.0011235955056179776
hochwertigkeit,0.0
absenkung,0.0
vereinen,0.049616666363156266
unverhältnismäßig,0.0016207455429497568
sympathisch,0.0
annäherung,-0.0033707865168539327
außergewöhnlich,-0.0022471910112359553
anerkannt,-0.0033707865168539327
verweigerung,0.0
unangenehm,-0.008988764044943821
würgen,0.010460182470453263
überschwemmen,0.0016207455429497568
aktiv,0.0
heucheln,0.0037386411232312932
tyrannisch,-0.0022471910112359553
verkrüppeln,0.0
renovierung,0.0
flexibel,0.0
hörenswert,0.0
puppig,0.0
reif,0.03901444102489393
angriff,-0.006373718427330504
treu,0.18894979330941672
gewalt,0.061985322236993046
chaos,0.0037386411232312932
absteigen,-0.010738805018847997
diffus,0.0
erschüttert,-0.0011235955056179776
weichheit,0.0016207455429497568
einflussreich,0.0
mitmenschlich,0.0
befürchtung,-0.015730337078651686
fehlermeldung,0.0
charakterstark,0.0
einmalig,0.0
schlitterbahn,0.0
dissens,0.0
schlimm,-0.06931509842842315
quicklebendig,0.0
dunkel,0.34538633838981664
matt,0.11866224755522373
pleite,0.0
irre,0.09649809698978384
abbau,-0.0011235955056179776
logisch,0.0016207455429497568
unrentabilität,0.0
vorbereitung,-0.014606741573033709
unterwerfen,-0.004623677453426329
wohltat,0.0004971500373317792
durchdacht,0.0016207455429497568
mobilisieren,0.0
menschenwürde,0.0032414910858995136
oberflächlichkeit,-0.0011235955056179776
schulden,-0.0007557408992406164
befriedigen,-0.012488845992752172
zeitverschwendung,-0.0011235955056179776
enthusiastisch,0.0004971500373317792
reich,0.14523701127237637
verschwörung,-0.0011235955056179776
bestmöglich,0.0
praktikabilität,0.0
bizarr,0.0
überparteilichkeit,0.0
geschenk,-0.023615537304463426
ausfallen,-0.008988764044943821
überfluten,-0.0022471910112359553
grauenvoll,0.0037386411232312932
vernünftig,-0.02372480104893195
konkurs,-0.0011235955056179776
genehm,-0.04394952015005554
heilung,-0.0012528909365723969
barbarisch,0.0
wohlstand,-0.0011235955056179776
ermorden,-0.007497313932948482
kurseinbruch,0.0
anspruchsvoll,-0.0011235955056179776
schmuggel,0.0
kürzung,0.0
anschießen,0.0016207455429497568
sprung,0.0029428368510188846
ambivalent,0.0
scheiß,0.0
unzweifelhaft,-0.0022471910112359553
ehebrechen,0.0
manipulieren,0.0
festigkeit,-0.0006264454682861984
schmerzen,0.0504816710068654
hilfreich,-0.0011235955056179776
legal,0.0016207455429497568
nutzlos,0.002615045617613316
ertrag,-0.03299218764227049
ertrinken,0.012707373481689219
verdammen,-0.003002931910476572
statisch,-0.0011235955056179776
funktionsfähigkeit,0.0
beschneidung,0.0
launenhaftigkeit,0.0
verkleinerung,0.0
verherrlichung,0.0
hilfsbereit,0.0
vorsorgen,0.0
betäuben,0.008968732358457925
anständig,-0.052808988764044947
bedarfsgerecht,0.0
belastbar,0.0
erneuern,0.0037386411232312932
gruselig,-0.0011235955056179776
missbrauchen,-0.0022471910112359553
unbedingt,-0.012359550561797753
agil,0.0016207455429497568
diskretion,-0.0022471910112359553
besserung,-0.006741573033707865
zerstörung,0.0014914501119953384
ausbeuten,-0.0022471910112359553
friedlich,0.02504689235700107
kreativität,0.0
überragend,0.0
kapitulieren,0.0
dilettantisch,0.0
unwichtig,0.0
faulheit,-0.0011235955056179776
erleichtern,-0.005747272959044307
richtigstellen,0.0
exzellenz,-0.0056179775280898875
abstimmen,0.0
schirmherr,0.0
zusammenbrechen,0.0004971500373317792
abschätzig,0.0
güte,0.014178791907198663
vielfältig,-0.002376486442190374
mangeln,-0.0039972319851401305
erfolg,-0.050711124870249306
lindern,0.0074772822464625865
genießbar,0.0
demütigen,-0.0033707865168539327
unsinn,-0.04894105220985923
vergammelt,0.0
imponierend,-0.0011235955056179776
hungrig,0.005100795804272211
gewaltfrei,0.0
entlassung,-0.0033707865168539327
wille,-0.01083896345127748
ordnungsmäßigkeit,0.0
erschaffen,0.0013421229945550228
verminderung,0.0
reibungslos,0.0
anteilig,0.0
bejubelt,0.0
unangefochten,-0.0011235955056179776
vermehrt,0.0
anspannen,-0.0022471910112359553
negativ,0.0
fördern,-0.004623677453426329
herrlichkeit,0.03576566568936317
elend,0.04607652104237612
entlassen,-0.02709558756578588
unbrauchbar,0.0
auflösen,-0.006244422996376086
aufwärtstrend,0.0
fehde,0.006980132209130806
trugschluß,0.0
abschreiben,-0.0033707865168539327
gratulieren,-0.012359550561797753
verlangsamung,0.0
gnadenlos,0.0016207455429497568
anerkennung,-0.0028736364795221535
wankelmütig,0.0016207455429497568
rechtlich,-0.0028736364795221535
widernatürlichkeit,0.0
erlaubnis,-0.007865168539325843
vollkommen,-0.04057873363320161
lieb,0.31180412652741607
knurrig,0.0
aufrecht,-0.021736200899604832
zauberhaft,0.006980132209130806
fallen,-0.015018301677198476
strafbar,-0.0011235955056179776
heiterkeit,-0.0026350773040992106
langweiler,0.0
genuss,0.00832225520368583
durchhalten,0.0
barmherzig,-0.008123759401234682
widersinnig,-0.0011235955056179776
vielseitig,0.0
herausragen,0.0
überlegung,-0.008988764044943821
gangster,0.0
erweiterung,0.0
stärke,-0.005031595432775482
genießen,0.009902937373663795
teuflisch,0.0004971500373317792
zweideutig,-0.0022471910112359553
handlich,0.0004971500373317792
nötigen,-0.012359550561797753
akzeptabel,0.0
bombardement,0.0
löblich,-0.0011235955056179776
bombig,0.0
vorteilhaft,-0.007865168539325843
glatt,0.01292590097062626
unbegründet,-0.0022471910112359553
herrlich,0.07471272740516816
auflösung,-0.0022471910112359553
ungeeignet,-0.0011235955056179776
hochgestellt,-0.0011235955056179776
missgelaunt,0.0
unaufhörlich,-0.008491614007612041
stiften,-0.0002585908619088381
schal,0.1594686139894014
zahlungsunfähig,0.0
verbessern,-0.016853932584269662
unterbelichten,0.0
tauglich,0.0016207455429497568
weise,-0.05743448727987907
wohltäter,0.0
rückläufig,0.0
höhepunkt,0.0
anteil,-0.006741573033707865
erschöpft,0.004603645766940433
harmonisieren,0.0
traditionell,0.0
motivation,0.0
gelungen,0.0
schlecht,-0.011008322255203679
idyllisch,0.0016207455429497568
einträglich,0.0
verlierer,0.0
unscharf,0.0
beschuldigen,-0.0011235955056179776
scheiss,0.0
behaglich,0.004971500373317794
menschenunwürdig,0.0
scheitern,-0.006373718427330504
teufelskreis,0.0
konsultieren,0.0
überzeugend,0.0
beanstandet,0.0
beschleunigung,-0.0011235955056179776
abbauen,0.0
mittellos,0.0
unübertroffen,0.0
potenz,0.0
annehmlichkeit,-0.0022471910112359553
exorbitant,0.0
investition,0.0
energielosigkeit,0.0
zerrung,0.0
schockierend,0.0
behutsam,-0.00412652741609455
unparteiisch,0.0
kritik,-0.0007557408992406164
untergang,0.005100795804272211
schande,0.014695973631016334
happig,0.0
unzulässig,-0.0011235955056179776
herzlos,0.0003678546063773606
stocken,0.01307522808806658
agilität,0.0
strahlend,0.018305319323293205
heilen,0.034015624715459
rückgrat,0.0
überraschend,-0.0006264454682861984
schnell,0.046194890098883695
absturz,0.0
bombardieren,0.0
abbrechen,-0.008988764044943821
ausdauern,-0.0011235955056179776
auseinanderfallen,0.0
ermutigend,0.0
verdrängen,0.0009943000746635584
ausradieren,0.0
unfähig,-0.0006264454682861984
rücksendung,0.0
handfest,0.0
wunderschön,0.006721541347221969
leuchtend,0.1174093566186513
kooperieren,0.0
trott,-0.0011235955056179776
schutz,0.003460018574836559
prächtigkeit,0.0
grundlegend,0.0
dufte,0.08125580463642489
monumental,0.0
exklusiv,0.0
anständigkeit,-0.0056179775280898875
widerstandsfähig,-0.0011235955056179776
allererste,0.0
sichern,-0.07141296232221878
oase,0.0003678546063773606
einschlagen,-0.017977528089887642
kollabieren,0.0
schreck,-0.04354342323311419
maximieren,0.0
klobig,0.0
ernsthaft,-0.031092819550926014
erfrischend,-0.0033707865168539327
aufschrei,-0.010868100449802416
aufreibend,0.0
respektabel,-0.0011235955056179776
torheit,-0.007497313932948482
verschwendung,-0.0028736364795221535
niedrig,-0.01324458689199279
qualifizieren,0.0
frechheit,0.0
ideal,0.006980132209130806
intolerant,0.0
fehlleistung,0.0
alarm,0.0004971500373317792
problem,0.0
angemessenheit,0.0
schuldner,-0.0011235955056179776
umweltschädlich,0.0
dramatisch,-0.0011235955056179776
versicherung,-0.010112359550561797
bewunderung,-0.011235955056179775
leistungsunfähig,0.0
wohnlich,-0.0011235955056179776
entspannen,0.0
makel,0.0003678546063773606
bedrohen,0.007974432283794367
preisgünstig,0.0
nörgeln,0.0
schutzmaßnahme,0.0
zurückgeschickt,0.0
führend,-0.00412652741609455
starr,0.13269171234498206
besitzen,-0.018017591462859434
unmöglich,-0.04282592464443756
bruch,-0.01786826434541912
überschäumen,0.0
schatz,0.039722834301531514
trostlos,0.0012328592500865012
ehre,0.020767395698650604
bekloppt,0.0
unwissenheit,-0.0011235955056179776
anspruch,-0.020224719101123594
verbündete,-0.0044943820224719105
cleverness,0.0
inkorrekt,0.0
rückfall,-0.006741573033707865
stur,0.2682279241709613
bedarft,0.0
ersprießlich,0.0009943000746635584
triumphieren,-0.0022471910112359553
renovieren,0.0
verletzlich,-0.0011235955056179776
verstopfen,-0.0006264454682861984
wohlgefallen,-0.0025057818731447938
misstrauen,-0.01348314606741573
aktualisierung,0.0
konsolidierung,0.0
rücksichtslosigkeit,0.002117895580281536
wirtschaftskrise,0.0
beule,0.0
untreue,-0.0022471910112359553
wohlhabend,-0.0011235955056179776
tabu,0.0
übersehen,-0.008491614007612041
feind,0.015222260666873058
stilvoll,0.0
verteidigung,-0.0022471910112359553
leiden,0.04749694972046692
drosseln,0.0016207455429497568
habgierig,0.0
unklarheit,0.0
erholen,-0.06979221677926903
fragwürdig,-0.0011235955056179776
flott,-0.0039972319851401305
absperren,-0.0011235955056179776
bestrafung,-0.0011235955056179776
unwirksam,-0.0022471910112359553
fleiß,0.0024456868136871063
positivität,0.0
selbstständigkeit,0.0
verlogen,0.0
schillernd,0.004235791160563072
sorgsam,0.004106495729608655
fein,0.01892994372917159
glühend,0.06716624478720885
infiltration,0.0
klären,-0.0037095041247063587
leblosigkeit,0.0
grenzenlosigkeit,0.0
unwirtschaftlich,0.0
mittelmäßig,-0.0033707865168539327
unanständig,-0.0033707865168539327
wohlig,0.008600877752080564
unfreundlich,-0.0011235955056179776
leider,-0.040708029064156034
ungeübt,0.0
schuldhaft,0.0
unbehaglichkeit,0.0
fantastisch,0.0
ungeheuer,0.0009542367016917644
süß,0.38613443082694443
frei,0.00742447143663616
flink,0.0113251871141624
vorurteil,-0.0011235955056179776
mörderisch,0.002615045617613316
unterdrückung,-0.0022471910112359553
peinlich,-0.016486077977892304
unklug,-0.0022471910112359553
unschlagbar,0.0
zwang,0.0070893959535993315
sklavenarbeit,0.0032414910858995136
vorbereiten,-0.006870868464662283
unsicher,-0.015859632509606106
langsam,0.013621546810409196
abmachen,-0.0044943820224719105
hartnäckigkeit,0.0
tyrannei,0.0
geistlos,-0.0033707865168539327
abgebrochen,-0.0022471910112359553
wachsen,0.07570702747983173
wackeln,0.0009943000746635584
mustergültig,-0.0011235955056179776
loyal,-0.0011235955056179776
unerschrocken,0.002117895580281536
stimulation,0.0
sonnendurchflutet,0.0
übereinstimmung,-0.0011235955056179776
vital,0.0
unmenschlichkeit,0.0
sauer,0.0006064137818003017
widerspenstig,-0.0044943820224719105
quälen,0.006552182543295759
zuverlässigkeit,0.0
traumhaft,0.010460182470453263
vorwurf,-0.01810682352084206
unordnung,-0.012359550561797753
übermäßig,0.0
ominös,0.0
leutselig,-0.0011235955056179776
stillstand,-0.0011235955056179776
zweifel,-0.03653233296305065
entfremden,0.002615045617613316
überleben,0.0004971500373317792
leichtgläubig,-0.0011235955056179776
desinteressiert,0.0
erfolgreich,-0.0011235955056179776
majestätisch,0.0009943000746635584
rational,0.0
qualifikation,0.0
gehandicapt,0.0
umständlich,-0.0044943820224719105
komfortabel,0.0
scheußlich,-0.0022471910112359553
scheisse,0.0
aufgebracht,0.0016207455429497568
vernunft,-0.011235955056179775
tatkräftig,-0.0022471910112359553
satt,0.0257625698832699
ineffizienz,0.0
misslingen,-0.0033707865168539327
gnadenlosigkeit,0.0
harsch,0.002117895580281536
härte,0.004235791160563072
unerreicht,0.0016207455429497568
düster,0.09249175969260466
dummkopf,-0.0011235955056179776
allumfassend,0.0016207455429497568
gepflegt,0.002117895580281536
unbeliebtheit,0.0
aufmunterung,0.0
unfair,0.0
fehlerhaft,0.0
zusammenbruch,0.0
belasten,0.0016207455429497568
rückwärts,0.015819569136634314
gönnen,-0.0076466410503887965
tierisch,-0.0011235955056179776
genauigkeit,-0.0022471910112359553
perfektionismus,0.0
vorwerfen,-0.0056179775280898875
gemeinschaftlich,-0.0044943820224719105
grässlich,0.007347986815508167
schädlich,-0.011235955056179775
fähig,-0.02996922404530803
groggy,0.0
empfehlenswert,0.0
optimal,0.0
kostbar,-0.004752972884380748
unaufgefordert,0.0
verurteilen,-0.0011235955056179776
aussichtsreich,0.0
glaubwürdigkeit,0.0
geordnet,-0.009615209513230019
