herr,-0.08709777284067521
kind,0.22797516070875745
auge,0.12370841148726164
frau,-0.19673119297798336
wort,-0.09140276437273509
mensch,0.1755941216105476
jahr,0.041580317957496365
gesicht,0.06318722342614683
mutter,-0.0950011836905651
seite,-0.1602771656984685
hand,0.10063008759310188
weib,0.09920237466537977
vater,-0.025755285633638658
augenblick,-0.17583814397319394
welt,0.43829512137380955
bett,-0.008970553420865751
gedanke,-0.022324404057327024
leute,-0.1698723435252126
mädchen,-0.03014950922368112
name,-0.052452060532114445
scheik,-0.043820224719101124
luft,0.19701345765119369
anselmus,-0.020224719101123594
tür,-0.16090543222916248
geld,-0.0824504215759474
sohn,0.008202065084770449
tod,0.30227268588494527
zug,-0.10604774825633276
sache,-0.18567188097536103
stadt,-0.025436599712272134
pferd,-0.05697557955311129
bild,0.07981170214703259
peter,-0.03273359678036166
seele,0.36275745269790394
boden,-0.037825287272594835
doktor,-0.06305064374556117
gräfin,-0.02260120554331397
richter,-0.028129951013421226
schwester,-0.018813395735071847
straße,-0.05792071094276402
brust,0.24945459180886126
freude,0.10503887968240672
blut,0.3078214630415384
dame,-0.05470835685538944
stirn,0.1260594030557427
tier,-0.1724873891428259
woche,-0.10014932711744032
antwort,-0.1589842113889243
kleid,0.008121938338826878
brief,-0.0785424216487899
bruder,0.04867153497350354
gestalt,0.0894087010361845
tochter,-0.11341394569591899
geschäft,-0.04909037932729955
bauer,-0.02365560067743521
hund,0.00878844718008484
person,-0.09550561797752809
volk,0.047119989802050524
gesellschaft,-0.07765738531859487
knabe,0.07797425017755358
bella,-0.04057873363320161
höhe,0.0086099830641196
lust,0.30525558610893594
stuhl,-0.037894487644091555
familie,-0.06691858029974687
verhältnis,-0.05905341176042103
blume,0.2758836705333892
baum,0.21976399031194802
tor,-0.12963232749986342
teufel,0.0033106914573962504
thür,0.027969697521534068
geschichte,-0.05459909311092091
gefühl,-0.07985540764481999
lippe,0.1538906998342833
wange,0.15092783129677853
hütte,-0.032764554841294424
wunsch,0.03421412051791015
haupt,0.011958916832079836
arbeit,-0.06836086172673136
minute,-0.059182707191375444
bewegung,-0.06480068471946533
miene,-0.003410849889825724
gespräch,-0.08191320816564383
gendarm,-0.016853932584269662
großmama,-0.012985996030083952
faust,0.005060732431300417
anblick,-0.031242146668366326
hilfe,-0.028607069364267115
richterin,-0.023098355580645748
befehl,-0.04509314734215942
hoffnung,0.030823302314570325
wesen,-0.027603663977564502
wohnung,-0.0829075082403074
treppe,-0.06008777520805638
ausdruck,-0.02772203303407208
leib,0.057576530147688154
soldat,-0.02387412816637226
stube,-0.0746945167810901
blatt,0.11023983391910842
fräulein,-0.08517473093802924
jacopone,-0.019101123595505618
gelegenheit,-0.07640449438202247
diener,-0.05695554786662539
eindruck,-0.06292134831460675
traum,0.37425199861599256
großvater,-0.030337078651685393
schönheit,0.07911787736965745
natur,0.08370149145011199
gewalt,0.061985322236993046
waffe,0.006681477974250179
herd,0.03635204778467758
mitte,-0.0934587438311511
lied,0.478626190519549
nase,-0.019747600750277716
meer,0.27233441990057
großmutter,-0.00862090943856646
erinnerung,-0.0021779906397392246
körper,-0.02700635550780325
gegenstand,-0.035457906142443506
freundin,-0.024351246517218147
leidenschaft,-0.020264782474095386
mantel,0.018871669732121725
kaiser,-0.001183690565075661
grund,0.1111339755613425
schuh,0.00143135505253765
arzt,-0.05643836614280772
hadschi,-0.021348314606741574
konrektor,-0.010112359550561797
abenteuer,-0.02772203303407208
kamel,-0.018603973558173836
messer,-0.01164387303552893
eltern,-0.0058966000764846226
araber,-0.03146067415730337
schatz,0.039722834301531514
kuss,0.10291187879008615
richtung,-0.05244113415766758
unglück,-0.05820843880319778
wille,-0.01083896345127748
wirt,-0.05347549760530293
heimat,0.10167901953999962
uhr,-0.05749276127692896
absicht,-0.030466374082639813
wahrheit,0.026736838271447565
schicksal,0.05232094403875222
kirche,-0.004057327044597818
kammer,0.006661446287764286
lage,0.12497222879828096
alp,0.014546646513576022
krieger,-0.015253218727805804
jungfrau,0.008670078123577292
offizier,-0.029213483146067417
engel,0.09541456485713766
küche,-0.06741573033707865
zeichen,-0.011813231839455145
kampf,0.09619033744286418
kapitel,-0.0348314606741573
geheimnis,-0.028627101050753008
kunst,0.018613078870212893
mama,-0.02709558756578588
doctor,-0.005747272959044307
gruß,0.10018756942800428
glied,0.0932074372188735
gefahr,-0.031371442099320745
gesang,0.12663667983901808
neigung,-0.029839928614353615
herd|herde,0.0022071276382641634
fluss,0.022888933403747744
registrator,-0.008988764044943821
anfang,-0.11637681423342379
freundschaft,-0.021736200899604832
gewand,0.08372152313659788
gericht,0.00017846411596525447
unterhaltung,-0.03258426966292135
mond,0.24162948664250722
pascha,-0.012985996030083952
königin,0.03911642051973121
christ,0.0016699142279605894
aufregung,-0.017977528089887642
sir,-0.0076466410503887965
gatte,-0.016873964270755562
entschluss,-0.035457906142443506
krankheit,-0.04820534299710451
sprache,-0.011902463897437768
kranz,0.17013821863675269
feld,0.14624405878389451
thränen,0.17713838253236938
vogel,0.11475424762806623
führer,-0.021994791761513668
tuch,-0.027394241800666512
flut,0.18932857429024091
erscheinung,-0.0171125234461785
freiheit,0.04311365250487134
duft,0.3240890135304937
geschenk,-0.023615537304463426
strom,0.1544279132445869
zukunft,0.01651521497641724
prinz,-0.028348478502358273
löwe,0.0024657185001730024
kerl,-0.005399450039152841
streit,0.036311984411705786
verbindung,-0.020224719101123594
flügel,0.12261941616739207
gegend,-0.05544406606814416
held,0.04732941197894852
gott,0.22445504707446323
spaß,-0.0424580700380602
bube,0.008690109810063192
land,0.23282829202556768
verlegenheit,-0.048314606741573035
knecht,0.027124724564310823
bank,-0.03649226959007885
meinung,-0.03658150164806148
entfernung,-0.017977528089887642
archivarius,-0.01348314606741573
schüler,-0.011494545918088614
schnee,0.11527142935188389
empfindung,-0.014736037003988128
krone,0.05093875767122539
ordnung,-0.05507621146176679
beamter,-0.011235955056179775
erstenmal,-0.007497313932948482
hundertpfund,-0.006741573033707865
thut,0.027771201719082914
türke,-0.010500245843425052
sünde,0.04158213901990421
antlitz,0.08499444575965617
felsen,0.09344599639429642
sicherheit,-0.011365250487134194
zweck,-0.01674466883980114
papier,-0.02424198277274962
monat,-0.028845628539690055
überraschung,-0.014606741573033709
stellung,-0.10112359550561797
geschöpf,-0.007626609363902902
glut,0.24369821353777796
höfling,-0.01748037805255586
inhalt,-0.0323457104874984
sonnenschein,0.0686576948992042
schleier,0.057898858193870306
fabrik,-0.009247354906852658
apone,-0.017977528089887642
flur,0.0889516143718245
schutz,0.003460018574836559
weisheit,0.010937300821299147
mark,0.02623968823411578
palma,-0.020224719101123594
leiche,0.13942235900424307
lampe,-0.0028044361080254224
geräusch,-0.01737111430808734
dieb,-0.013871032360278987
sessel,-0.003887968240671608
wolke,0.27533735181104657
genuss,0.00832225520368583
chef,-0.009615209513230019
pistole,-0.007994463970280261
angesicht,0.07725857265128476
viertelstunde,-0.020851164569409792
verwunderung,-0.012359550561797753
flasche,-0.03621364704168412
pater,-0.006741573033707865
vorstellung,-0.028089887640449437
güte,0.014178791907198663
engländer,-0.020224719101123594
bemerkung,-0.021348314606741574
jüngling,0.03412488845992752
kaffee,-0.08053102179811703
schluss,-0.08016316719173966
untersuchung,-0.015730337078651686
prophet,0.005965800447981354
meliore,-0.03146067415730337
stemma,-0.019101123595505618
hälfte,-0.024480541948172563
auftrag,-0.03433431063682553
magd,0.005836505017026934
post,-0.03184856045016663
satz,-0.07517163513193596
wirtshaus,-0.006373718427330504
saal,0.0352284522790596
becher,0.04946733924571595
busen,0.08212080928013403
hornisse,-0.010112359550561797
korb,-0.02772203303407208
interesse,-0.019230419026460038
herrin,-0.005638009214575782
zelt,0.026736838271447565
bärnhäuter,-0.0056179775280898875
schuss,-0.020851164569409792
möglichkeit,-0.020224719101123594
tasche,-0.049458233933676904
truppe,-0.007994463970280261
glanz,0.2162347713656147
umgebung,-0.016853932584269662
sattel,-0.00725875475752554
bote,0.007178628011581957
anspruch,-0.020224719101123594
russe,-0.006244422996376086
sommer,0.13843898530402637
seufzer,0.015063828237393693
emir,-0.020224719101123594
jammer,0.051068053102179815
erregung,-0.015233187041319906
beziehung,-0.02197476007502777
sand,0.08160362755631634
farbe,0.04869156665998944
aufenthalt,-0.019101123595505618
anstrengung,-0.015730337078651686
bewohner,-0.015859632509606106
priester,0.03414492014641342
bach,0.027084661191339024
mörder,-0.004017263671626026
mamur,-0.0033707865168539327
schwert,0.06664906306339118
prokurist,-0.0022471910112359553
zeitung,-0.04444667018738732
sturm,0.2691129605011564
rittmeister,-0.014606741573033709
frucht,0.10306120590752645
gewohnheit,-0.009744504944184437
baron,-0.005876568389998726
kapelle,0.008342286890171725
ansicht,-0.020851164569409792
gewehr,-0.011623841349043032
jugend,0.14740771766248428
gürtel,0.0038479048676998157
dolch,-0.006373718427330504
vorwurf,-0.01810682352084206
stimmung,-0.06255349370822938
könig,0.1096133884508222
einsamkeit,0.078770054449766
kanzlei,-0.011235955056179775
instrument,-0.005747272959044307
wahl,-0.018126855207327958
brunnen,0.009555114453772329
apfel,0.000715677526268825
fahrzeug,-0.006870868464662283
lehrer,-0.0373372425473021
geschlecht,0.030883397374028006
gegenwart,0.0008449729572232445
boot,0.011951632582448602
wirkung,-0.02372480104893195
bericht,-0.03247500591845283
ankunft,-0.014606741573033709
bedingung,-0.005120827490758108
ahnung,0.02414182434032014
gattin,-0.011126691311711252
angelegenheit,-0.02359550561797753
thüre,0.010569446214921785
nachricht,-0.025842696629213482
erwartung,-0.006503013858284924
ruine,-0.011991695955420392
laune,-0.015879664196092
student,-0.041702329138819584
mütze,-0.007885200225811738
erzählung,-0.01348314606741573
rücksicht,-0.028477773933312696
sonntag,0.000566350408828506
bräutigam,-0.021736200899604832
franzose,-0.010868100449802416
glocke,0.08482508695572996
fackel,0.016187423743011672
brücke,0.011066596252253563
professor,-0.008988764044943821
paradies,0.039872161418971826
reiter,0.00918725984739497
charakter,-0.03146067415730337
pfarrer,0.0008650046437091398
puck,-0.0018793364048585942
gesetz,-0.010778868391819792
hexe,-0.027851328465026498
figur,-0.016486077977892304
aufmerksamkeit,-0.03096352411997159
herrschaft,-0.016486077977892304
höflichkeit,-0.01410959153570193
spaziergang,-0.021348314606741574
hochzeit,-0.0028044361080254224
gesundheit,-0.015233187041319906
hofrat,-0.0022471910112359553
chor,0.04384936171762606
bewusstsein,-0.007626609363902902
gulden,-0.009615209513230019
dämmerung,0.02878553348023237
kerze,0.03451277475279078
städtchen,0.0012328592500865012
milch,-0.0082530548321891
präsident,-0.012359550561797753
aussicht,-0.01810682352084206
gouverneur,-0.007865168539325843
gasse,0.06342760366397757
vorschlag,-0.02247191011235955
vorbereitung,-0.014606741573033709
verzweiflung,-0.0002786225483947351
musik,0.010808005390344731
gebiet,-0.01901189153752299
eifersucht,-0.012488845992752172
pforte,0.026776901644419353
achtung,-0.060932748165279625
gabe,-0.02142844135268516
schreck,-0.04354342323311419
gepäck,-0.02247191011235955
tempel,0.034880629359168136
seldwyler,-0.016853932584269662
witwe,-0.036840092509970314
katze,-0.011494545918088614
mahlzeit,-0.016356782546937884
spruch,0.00143135505253765
zorn,0.019368819769453503
zufall,-0.00712945932657112
kleidung,-0.021348314606741574
bahnhof,-0.029213483146067417
kloster,-0.0001493271174403156
leber,-0.007994463970280261
köpfchen,0.004345054905031596
insel,0.01530238741281664
apo,-0.03772512884016535
gegenteil,-0.021348314606741574
vergangenheit,0.00209786389379564
wirtschaft,-0.024719101123595506
mitternacht,0.031619106586782735
geelhaar,-0.0022471910112359553
blüte,0.12687523901444103
schmetterling,0.0125780780507348
theater,-0.05181468868938138
hügel,0.09971045107715841
begleiter,-0.013115291461038372
ohr,0.12502503960810735
erfahrung,-0.011365250487134194
papa,-0.011494545918088614
teppich,-0.00838235026314352
schott,-0.0012528909365723969
geschrei,0.0035893140057909785
asche,-0.08888423506273559
degen,0.004474350335986015
nonne,-0.011494545918088614
ange,-0.02883288110283544
kunde,0.0006956458397829324
spott,0.021765337898129768
klugheit,-0.014238886966656348
trost,0.07099411796842278
sekunde,-0.011862400524465974
umprecht,-0.0011235955056179776
veränderung,-0.008988764044943821
wachtmeister,-0.007368018501994064
erlaubnis,-0.007865168539325843
liebling,0.00894870067197203
überzeugung,-0.018603973558173836
hölle,0.024529710633183398
salamander,-0.0028736364795221535
meisterin,-0.006741573033707865
fleck,-0.0029136998524939457
schnur,-0.0007757725857265099
haustür,-0.018603973558173836
vorsicht,-0.03696938794092473
brett,-0.002416549815162164
handlung,-0.033707865168539325
bewunderung,-0.011235955056179775
trennung,-0.0015114817984812328
rand,0.21731830349826087
verwirrung,-0.01348314606741573
pflicht,-0.02417278240125289
gift,-0.0002986542348806312
kelch,0.05657676688580117
alm,0.054985158341376364
seligkeit,0.04734944366543442
büchse,-0.006503013858284924
segel,0.028656238049277947
pfennig,-0.009118059475898239
harfe,0.025782601569755797
gedächtnis,-0.009744504944184437
spannung,-0.007865168539325843
dunkelheit,0.00209786389379564
ereignis,-0.011862400524465974
altar,0.03637207947116347
dummheit,-0.014606741573033709
versammlung,-0.016853932584269662
einfall,-0.026598437528454102
villa,-0.009615209513230019
einladung,-0.016853932584269662
vorhang,0.0004771183508458822
ursache,-0.02247191011235955
einfluss,-0.007865168539325843
fleisch,0.009684409884726752
station,-0.015233187041319906
zunge,0.008431518948154353
berührung,-0.008491614007612041
klöterjahn,-0.008988764044943821
bescheid,-0.006195254311365257
verlust,0.0012328592500865012
regiment,-0.015988927940560522
major,-0.009615209513230019
dienstmädchen,-0.0044943820224719105
wonne,0.12188370695463735
frevel,0.011951632582448602
gebäude,-0.009873800375138858
begleitung,-0.019727569063791816
säbel,0.001362154681040919
brand,0.08136506838089341
herrlichkeit,0.03576566568936317
möbel,-0.011862400524465974
bier,-0.03496075610511172
jungfer,-0.00862090943856646
tanne,0.025394715276892542
conducteur,-0.007865168539325843
gemüt,0.046961557372571155
neid,0.015440788155810098
haufe,0.0028335731065503612
list,-0.005916631762970519
gebirge,-0.0017700726603900735
linie,-0.009118059475898239
frauenzimmer,-0.008491614007612041
haltung,-0.06404494382022471
schrift,-0.02562416914027644
pfad,0.10420483309963033
kasten|kaste,-0.005120827490758108
tigris,-0.011235955056179775
abgrund,0.02154681040919272
sprung,0.0029428368510188846
lilie,0.04823447999562945
schnuck,-0.0011235955056179776
betrachtung,-0.04269662921348315
netz,0.02465900606413782
überlegung,-0.008988764044943821
bedürfnis,-0.017977528089887642
sehnsucht,0.20218527488937044
eitelkeit,-0.008750204869520878
segen,0.14297343069947008
landstraße,-0.006244422996376086
ausgang,-0.007368018501994064
onkel,-0.012488845992752172
buchstabe,-0.0039972319851401305
schwierigkeit,-0.0056179775280898875
rückkehr,-0.06130060277165699
fabrikleiter,-0.006741573033707865
auskunft,-0.010112359550561797
mönch,0.012707373481689219
begegnung,-0.02359550561797753
sitte,0.004454318649500119
kummer,0.04086646149363539
kaste,-0.00775590479485732
beschäftigung,-0.011235955056179775
gruft,0.05372316209276491
kater,-0.006870868464662283
käfer,-0.014865332434942546
flug,0.06228397647187369
beschreibung,-0.008988764044943821
eifer,-0.031868592136652524
ruhm,0.050223080144956564
brille,-0.012488845992752172
wald,0.3551017063354761
moment,-0.015859632509606106
brot,0.0056671462131007225
schlummer,0.11416786553275181
freiherr,0.0009943000746635584
partie,-0.011235955056179775
bauerntanz,-0.0033707865168539327
doktorin,-0.0044943820224719105
eigentum,-0.011365250487134194
nummer,-0.016853932584269662
kraut,0.030147688161273285
selbstmord,-0.0006264454682861984
klarheit,0.009336586964835287
lunge,0.01878243767413909
konsul,-0.012359550561797753
großherrn,-0.007865168539325843
beduine,-0.01410959153570193
geschmack,-0.01348314606741573
kristall,0.007457250559976692
kanapee,0.0009943000746635584
thalberg,-0.010112359550561797
„und,0.005100795804272211
jobst,-0.007865168539325843
coupé,-0.0044943820224719105
carlitos,-0.0033707865168539327
kätzchen,-0.004623677453426329
nachbarin,-0.006870868464662283
staat,0.0012128275636006033
scheibe,0.015063828237393693
finsternis,0.018066760147870266
schauer,0.14159124433194326
erfüllung,0.00010926374446852335
gewissheit,-0.013612441498370148
töchterchen,-0.010738805018847997
gespenst,0.008690109810063192
reichtum,-0.002008631835813013
öffnung,-0.015730337078651686
bezirksrichter,-0.012359550561797753
abteilung,-0.007865168539325843
geschick,0.014745142316027166
verfolger,-0.0017500409739041759
anzahl,-0.014606741573033709
gerechtigkeit,-0.00038788629286325496
häuptling,-0.006244422996376086
honig,-0.0006464771547720939
botschaft,0.005965800447981354
schwanz,-0.0039972319851401305
liebchen,0.02891482891118679
amrain,-0.010112359550561797
rätin,-0.043820224719101124
schild,0.002922805164532992
karte,-0.02061260539398685
vaterland,0.030406279023182124
gemeinde,-0.005120827490758108
zeugnis,-0.019101123595505618
strick,0.0076958097353996315
unruhe,-0.015730337078651686
orgel,0.015451714530256951
kamerad,-0.014238886966656348
rechnung,-0.041702329138819584
schüssel,-0.008988764044943821
wirtin,-0.007497313932948482
adresse,-0.006741573033707865
frühling,0.2635350463460383
verzeihung,-0.008988764044943821
hintergrund,-0.0035000819478083517
flöte,0.029282683517564148
hahn,0.003460018574836559
dirne,0.040260047711835084
entschuldigung,-0.011235955056179775
aktuar,-0.0033707865168539327
partei,-0.02197476007502777
korridor,-0.006741573033707865
geruch,-0.0037586728097171885
pilger,0.016316719173966092
sieger,0.007457250559976692
thale,0.027532642543659967
adam,-0.012747436854661008
aufgabe,-0.012359550561797753
beinchen,-0.005747272959044307
bedienerin,-0.0033707865168539327
erzherzog,-0.015730337078651686
lichtenfels,-0.0044943820224719105
armut,0.0072186913845537475
hradschecks,-0.008988764044943821
pelz,-0.008750204869520878
mord,0.00817292808624552
mitteilung,-0.007865168539325843
aufforderung,-0.012359550561797753
meldung,-0.0056179775280898875
pergament,-0.004623677453426329
wäsche,-0.008491614007612041
gruppe,-0.005876568389998726
norden,0.006721541347221969
wanderung,-0.006741573033707865
aug,0.16221841822519256
resultat,-0.015730337078651686
beispiel,-0.024719101123595506
verbeugung,-0.01348314606741573
zettel,-0.03258426966292135
zelle,0.011951632582448602
einödpater,-0.0056179775280898875
vorteil,-0.017977528089887642
schreibtisch,-0.006244422996376086
flinte,-0.005250122921712526
general,-0.0035000819478083517
sandal,-0.0012528909365723969
bord,0.01694316464225229
esel,-0.07042048330996306
rappen,-0.0035000819478083517
fell,-0.005638009214575782
bande,0.04549013894706171
drache,0.011713073407025657
telegramm,-0.0056179775280898875
fieber,0.045837961866953186
inspektor,-0.01348314606741573
rothfuß,-0.006741573033707865
phantasie,0.0033507548303680374
damm,-0.009158122848870034
widerspruch,0.0007357092127547211
passagier,-0.0035000819478083517
bekanntschaft,-0.015730337078651686
polizei,-0.01410959153570193
seil,-0.002764372735053632
nebenzimmer,-0.007368018501994064
einsicht,-0.009615209513230019
landschaft,-0.007000163895616703
vorfall,-0.010112359550561797
schrank,0.012408719246808586
gegner,-0.013612441498370148
dienerschaft,-0.00012929543095441904
vorgang,-0.006741573033707865
puls,0.03926574763717153
erlebnis,-0.014606741573033709
wurst,-0.007368018501994064
neugierde,-0.0056179775280898875
ausgabe,-0.01348314606741573
besitzer,-0.014606741573033709
ausweg,-0.008491614007612041
sonnenstrahl,0.038012856700599125
religion,-0.0039972319851401305
stätte,0.011195891683207983
achsel,-0.016356782546937884
schaf,-0.1258554440660682
jäger,0.007586545990931108
schlucht,0.025802633256241693
zufriedenheit,-0.0039972319851401305
moslem,-0.008988764044943821
dattel,-0.0044943820224719105
rache,0.025961065685721055
sohle,0.002595013931127422
entscheidung,-0.010112359550561797
kapitän,-0.005120827490758108
gipfel,0.02130825123376978
regierung,-0.010112359550561797
lanze,0.040478575200772124
dankbarkeit,-0.012985996030083952
emin,-0.025345546591881703
fläschchen,-0.0028736364795221535
heilge,-0.001143627192103874
gunst,0.012448782619780378
anstalt,-0.011235955056179775
erzherzoge,-0.0044943820224719105
wohnzimmer,-0.014606741573033709
sofa,-0.07415730337078652
wendung,-0.020354014532078017
unterredung,-0.006741573033707865
firma,-0.012747436854661008
geländer,-0.010738805018847997
trupp,-0.014736037003988128
begräbnis,-0.0022471910112359553
schnurrbart,-0.0039972319851401305
direktor,-0.015730337078651686
krug,0.015690273705679894
tänzerin,-0.006870868464662283
anlass,-0.03707865168539326
schimmer,0.13145885309489555
knopf,-0.004882268315335166
schreiber,-0.004623677453426329
verfolgung,0.0031121956549450946
geduld,0.0009342050152058717
strumpf,-0.007994463970280261
thue,-0.012985996030083952
hengst,0.0007357092127547211
verfügung,-0.007865168539325843
säule,0.009316555278349386
leiter,-0.018753300675614152
anführer,-0.008988764044943821
bibel,0.009465882395789703
khan,-0.006741573033707865
geige,0.030276983592227708
england,-0.009615209513230019
kuchen,-0.020354014532078017
größe,-0.0002786225483947351
bronn,0.020184655728151805
stall,0.01141441917214503
tätigkeit,-0.012359550561797753
geiger,0.0036093456922768738
spatz,0.006721541347221969
schwabe,0.002982900223990677
gerber,-0.008988764044943821
lombarde,-0.008988764044943821
zins,-0.004623677453426329
liebhaber,-0.012359550561797753
fuhrwerk,-0.007865168539325843
situation,-0.011235955056179775
handwerk,-0.0025057818731447938
tasse,-0.024719101123595506
nachbarschaft,-0.020354014532078017
respekt,-0.02197476007502777
besen,0.0008650046437091398
erklärung,-0.014238886966656348
einrichtung,-0.008988764044943821
stange,0.004474350335986015
melodie,0.040130752280880665
hemd,0.016187423743011672
diebstahl,-0.0056179775280898875
zerstreuung,-0.0044943820224719105
jude,-0.0010143317611494545
narbe,-0.0018793364048585942
mädel,0.023058292207673955
kleinigkeit,-0.009615209513230019
amareller,-0.0033707865168539327
vermutung,-0.005120827490758108
deckel,-0.0002585908619088381
kniee,0.019020996849562037
hostie,-0.0006264454682861984
schauspiel,-0.0031322273414309907
gewicht,-0.00326152277238541
sorgfalt,-0.005747272959044307
schiffer,0.013443082694443938
schande,0.014695973631016334
teilnahme,-0.014606741573033709
teufelsanbeter,-0.0033707865168539327
haddedihn,-0.015730337078651686
mücke,0.08810664141460128
schürze,-0.014865332434942546
hausfrau,-0.005120827490758108
roman,-0.02560413745379054
kirchhof,0.019558210259865604
bischof,0.002485750186658897
lamm,0.21135250305027953
zigeuner,-0.001382186367526816
postillon,-0.0017500409739041759
vowinkel,-0.0033707865168539327
arbeiter,-0.007368018501994064
zuversicht,-0.012488845992752172
hauptsache,-0.04269662921348315
revolver,-0.0017500409739041759
vorsprung,-0.0028736364795221535
prüfung,-0.004623677453426329
verlobung,-0.04044943820224719
abwesenheit,-0.010112359550561797
vorschrift,-0.0033707865168539327
untersuchungsrichter,-0.0022471910112359553
werkzeug,-0.001382186367526816
haushalt,-0.010112359550561797
verbrecher,-0.009615209513230019
steinbruch,-0.0006264454682861984
hose,0.0008650046437091398
ewigkeit,0.09947189190173547
kanal,-0.002376486442190374
kahn,0.0391364522062171
weilchen,0.0039772002986542335
besinnung,-0.005747272959044307
gefangenschaft,-0.0044943820224719105
wirklichkeit,0.006721541347221969
jagd,-0.00652304554477082
gelächter,-0.0015114817984812328
traube,0.02031395115910622
insekt,-0.012359550561797753
zimmerherren,-0.0033707865168539327
buße,0.0017300092874182795
geschwister,0.007845136852839947
rute,0.0065922459162675515
freundlichkeit,-0.002376486442190374
grashüpfer,-0.0011235955056179776
frosch,-0.00012929543095441904
gehöft,-0.0028736364795221535
unsinn,-0.04894105220985923
gemahl,-0.00775590479485732
behörde,-0.0044943820224719105
spuk,0.0028536047930362574
korbe,-0.008988764044943821
ausnahme,-0.007865168539325843
pein,0.05018301677198477
fußboden,-0.011235955056179775
stückchen,-0.0037586728097171885
fassung,-0.02260120554331397
geständnis,-0.014606741573033709
ladenbauer,-0.0044943820224719105
busch,0.07289348605976727
protokoll,-0.006244422996376086
fabrikherr,-0.006741573033707865
terrain,-0.0033707865168539327
flüchtling,0.0009943000746635584
scheitel,0.004474350335986015
schweiß,0.015322419099302534
kinn,0.0011035638191320817
geier,0.013830968987307197
tabak,0.0003678546063773606
hitze,-0.0031322273414309907
laster,-0.02249194179884545
piaster,-0.0033707865168539327
mittagsmahl,-0.0039972319851401305
stab,0.01778813759947553
horizont,0.00209786389379564
element,0.004474350335986015
furche,0.023684737675960153
wimper,0.020940396627392423
million,0.002724309362081838
entschlusse,-0.0056179775280898875
ifra,-0.0039972319851401305
schlänglein,-0.0044943820224719105
elfe,-0.017769926975397435
tugend,-0.00665234097572524
alven,-0.0056179775280898875
papst,-0.0035000819478083517
birne,-0.006870868464662283
weinstube,-0.0044943820224719105
rest,0.003072132281973304
grausamkeit,-0.011235955056179775
truhe,-0.0008850363301950367
antrag,-0.009615209513230019
kenntnis,-0.02372480104893195
köchin,-0.006741573033707865
feindschaft,-0.004623677453426329
eigenschaft,-0.016853932584269662
unschuld,0.011046564565767664
frist,0.007457250559976692
schwalbe,0.029411978948518564
kehle,0.010589477901407681
überlegenheit,-0.020224719101123594
goldstück,-0.006244422996376086
bestürzung,-0.0044943820224719105
takt,0.020184655728151805
bahre,0.011086627938739461
neffe,-0.0056179775280898875
wissenschaft,0.004603645766940433
bühne,-0.005876568389998726
kreuzer,-0.0044943820224719105
entdeckung,-0.0044943820224719105
dienstbote,-0.0044943820224719105
gebieterin,-0.0056179775280898875
hauswesen,-0.0044943820224719105
luftbahn,-0.0033707865168539327
ratschillers,-0.0022471910112359553
befriedigung,-0.002376486442190374
korn,0.07416640868282556
menschheit,0.05097882104419718
irrtum,0.002615045617613316
gehirn,0.005100795804272211
signalement,-0.0022471910112359553
getränk,0.009963032433121483
oase,0.0003678546063773606
schurke,0.0031121956549450946
drohung,-0.01410959153570193
strauß,0.03626281572669496
schnelligkeit,-0.006741573033707865
fehler,-0.016983228015224082
schelm,0.017440314679584068
bauch,-0.00862090943856646
umweg,-0.012985996030083952
bestie,-0.005120827490758108
rat,-0.2769726658532588
reinheit,-0.0002585908619088381
vigilie,-0.0039972319851401305
flor,0.043242947935825754
armee,-0.0006264454682861984
schranke,0.02952124269298709
hausknecht,-0.0044943820224719105
gedränge,0.0012328592500865012
begierde,-0.0018793364048585942
fahne,0.037645002094221766
capitel,-0.008988764044943821
bayer,-0.0012528909365723969
ursanner,-0.007865168539325843
strand,0.1121992970699106
nachtigall,0.11107570156429261
vöglein,0.0781636406679657
lerche,0.10422486478611621
ritter,0.03786352958315881
wipfel,0.07155136306521225
thräne,0.21752772567515888
hain,0.054478902992005536
thau,0.08024147287527544
thor,0.09098027789412343
mägdlein,0.03827144756250797
knospe,0.07267495857083021
greis,0.04635514359077085
sommernacht,0.04911951632582449
schooß,0.05074026186877424
schwarm,0.05272886201810136
saite,0.04836377542658387
wind,0.343536138983483
laub,-0.05067470362209309
saat,0.06744486733560359
sänger,0.028288383442900585
blümlein,0.02692622876185967
strauch,0.06856846284122156
kindlein,0.020811101196438003
bund,0.03624278404020905
stund,0.10824941270737345
heide,0.12535283084151294
veilchen,0.04836377542658387
schaum,0.0517345619434378
schöpfung,0.02617048786261905
mai,0.15967803616629944
hinnen,0.024679037750623713
halm,0.06444193542512702
ruhn,0.04661373445267969
teich,0.018931764791579406
loos,0.03178846539070894
heimath,0.05074026186877424
wahn,0.04745870740990295
menschenherz,0.035029956476608455
blüthen,0.10210696920583469
pflug,0.013960264418261613
haide,0.04213938411669368
müd,0.20437237084114873
reigen,0.04687232531458853
falter,0.029670569810427403
kluft,0.023684737675960153
flieder,0.029044124342141205
brandung,0.024808333181578133
röslein,0.02156684209567862
hirn,0.04611658441534791
hammer,0.03377706554003606
qual,0.15816655436781818
heiland,0.022302551308433338
indeß,0.03615355198222643
ähre,-0.15127929634148565
bächlein,0.024808333181578133
muschel,0.0113251871141624
spielmann,0.017828200972447326
frost,0.052102416549815164
nachtwind,0.019448946515397084
höh'n,0.03241491085899514
dunst,0.030406279023182124
mühle,0.022928996776719536
pokal,0.022690437601296597
palast,0.022670405914810697
saft,0.022928996776719536
mast,0.004474350335986015
fels,0.10561615646568207
fürst,0.030883397374028006
schaar,0.04213938411669368
scholle,0.042507238723071036
göttin,0.024808333181578133
moos,0.044734398047821096
trümmer,0.04449583887239816
garbe,0.01558100996121137
gefieder,0.0334092109336587
düne,0.018325351009779108
pfeil,0.01731101924862965
steg,0.006850836778176388
schifflein,0.01508385992387959
rothen,0.03178846539070894
abendschein,0.012965964343598054
saum,0.049984520969533625
gold,0.4174749148653324
hecke,0.002595013931127422
harmonie,0.02156684209567862
bettler,0.024549742319669294
palme,0.02878553348023237
dämon,0.014328119024638973
gottheit,0.02044324659006064
osten,-0.041653160453808756
poesie,0.022561142170342177
sternlein,0.011345218800648298
gestirn,0.006224391309890189
hafen,0.021437546664724198
huld,-0.020057181359605186
schmach,0.039742865988017406
riese,0.10120190118915375
gewölk,0.024679037750623713
markt,0.01880246936062499
wirbel,0.034015624715459
träumer,0.034771365614699616
klippe,0.014954564492925173
enkel,0.012080928013403018
thaten,0.030406279023182124
küste,0.023058292207673955
schwesterlein,0.0074772822464625865
lorbeer,0.03615355198222643
rohr,0.02666763789995083
mütterlein,0.01022162329503032
drossel,0.014586709886547812
gebein,0.03178846539070894
goldner,0.030038424416804765
adler,0.04300438876040282
zaun,0.008083696028262888
mondenschein,0.018196055578824685
himmelan,0.01670460546682935
edelstein,0.016575310035874927
weltall,0.019448946515397084
glücke,0.06243330358931401
märchen,0.044863693478775515
linnen,0.010718773332362099
minne,0.022561142170342177
laube,-0.11122867080654858
balsam,0.014825269061970753
schmied,0.021178955802815362
lenze,0.054846757598382895
kämmerlein,0.016078159998543153
eiland,0.032524174603463664
dichtung,0.011842368837980077
gestein,0.021437546664724198
dämmrung,0.011842368837980077
kindheit,0.02804982426747765
seide,0.0315098428423142
mieder,0.0036093456922768738
fürder,0.013960264418261613
junker,0.012965964343598054
sturmwind,0.024808333181578133
fluthen,0.017828200972447326
klee,0.01670460546682935
schlund,0.008968732358457925
gelände,0.00696010052264491
täuschung,0.012080928013403018
schilf,0.01906106022253383
schacht,0.011951632582448602
ringlein,0.009098027789412343
lenz,0.158425145229727
hort,0.013333818949975415
dorn,0.08488518201518766
weihrauch,0.023058292207673955
brut,0.021437546664724198
lid,0.0075665143044452154
fleiß,0.0024456868136871063
fiedel,0.017828200972447326
fessel,0.039742865988017406
schöpfer,0.03453280643927668
silber,0.08765866006228033
joch,0.0220639921330104
himmelszelt,0.017828200972447326
fremdling,0.022561142170342177
schädel,0.011215923369693879
scherbe,0.01022162329503032
erküren,0.027423378799191447
wurm,0.0012128275636006033
fink,0.019816801121774443
leier,0.07010908163822774
erlösung,0.011215923369693879
page,0.004603645766940433
blümchen,0.007347986815508167
wölkchen,0.01022162329503032
zecher,0.012965964343598054
hirte,0.020811101196438003
friedhof,0.02156684209567862
abendsonne,0.02044324659006064
menschenbrust,0.02156684209567862
brause,0.10182834665743995
genosse,0.019926064866242967
zinne,0.011713073407025657
„herr,0.008600877752080564
pfühl,0.02318758763862838
vergessenheit,0.01022162329503032
mähne,0.002615045617613316
wanderstab,0.019448946515397084
gezweig,0.022690437601296597
schwall,0.012339518875311857
erinnrung,0.008600877752080564
venus,0.005100795804272211
marmor,0.05084952561324276
storch,0.005856536703512829
sonnenglanz,0.02044324659006064
händchen,-0.0002585908619088381
cypressen,0.017828200972447326
zwerg,0.004842204942363376
räthsel,0.03079416531604538
liebchens,0.010092327864075903
hirt,0.037386411232312934
deutschland,0.02154681040919272
fee,-0.058467029665106626
töchterlein,0.012965964343598054
gefilde,0.01670460546682935
wucht,0.028546974304809423
noth,0.09437109609746326
zopf,0.0007357092127547211
zone,0.01508385992387959
poet,0.010718773332362099
vollmond,0.0220639921330104
erinn'rung,0.017828200972447326
rinde,-0.0018993680913444895
süd,0.0358749294338317
amsel,0.010092327864075903
trunk,0.09571321909201828
labe,0.04886092546391564
wildnis,-0.001382186367526816
nelke,0.01558100996121137
strudel,0.01508385992387959
kirchlein,0.0074772822464625865
entflohn,0.01508385992387959
möwe,0.02106969205834684
thät,0.011693041720539761
männlein,0.006850836778176388
fensterlein,0.01620745542949757
nixe,0.01558100996121137
kuh,0.002982900223990677
thäler,0.017698905541492907
moor,0.023296851383096902
morgenwind,0.009098027789412343
durst,0.036759965764026736
giebel,0.008342286890171725
künstler,-2.0031686485896122e-05
anbeginn,0.0063536867408446095
gluthen,0.019448946515397084
dämmerschein,0.011345218800648298
wanderer,0.009595177826744121
menschenkind,0.011842368837980077
unterlass,-0.016615373408846723
heerde,0.02106969205834684
füßchen,0.009098027789412343
beschwerde,0.010589477901407681
schläfe,0.03302132464079544
widerhall,0.009963032433121483
abendrot,0.03939504306812595
gaul,0.005230091235226632
stroh,0.007954400597308467
thurm,0.012965964343598054
lüftchen,0.010718773332362099
heini,-0.00012929543095441904
wahnsinn,0.004842204942363376
tross,0.006980132209130806
säugling,0.011842368837980077
traun,0.0006064137818003017
ruderschlag,0.014586709886547812
wut,0.025653306138801374
reh,0.0029920055360297126
einstens,0.018325351009779108
gefunkel,0.02593192868719611
kuckuck,0.005359386666181049
heuen,0.1259501393112742
unendlichkeit,0.011842368837980077
stehn,0.19866516125507622
akkord,0.013333818949975415
schnitter,0.02106969205834684
kränzlein,0.009724473257698542
kiel,0.012965964343598054
theil,0.028765501793746474
alltag,0.01620745542949757
tagwerk,0.008600877752080564
horn,0.027751170032597014
sommertag,0.005727241272558411
nord,0.017161692131189336
kämpfer,0.008600877752080564
beere,0.014328119024638973
geleit,0.032762733778886596
täubchen,0.012965964343598054
pfaffe,0.006850836778176388
winternacht,0.02106969205834684
herrgott,0.004106495729608655
hauptmann,-0.007497313932948482
fahn,0.05385245752371934
gewimmel,0.019946096552728863
feiertag,-0.011126691311711252
schwermut,0.02031395115910622
aeuglein,0.011345218800648298
zieh'n,0.027552674230145867
atemzug,0.0028536047930362574
forst,0.02106969205834684
morgenschein,0.011345218800648298
bübchen,0.004862236628849271
wappen,0.009724473257698542
trauer,0.09431100103800558
abendwind,0.013463114380929835
lenznacht,0.011345218800648298
banner,0.019448946515397084
wang,0.16810955511445375
kindchen,0.002117895580281536
wehn,0.08477591827071913
pore,-0.0035000819478083517
regenbogen,0.010589477901407681
nest,0.049079452952852695
fläche,0.009963032433121483
sphäre,0.014328119024638973
ozean,0.009595177826744121
henker,0.010718773332362099
sklave,0.014328119024638973
kühlung,0.009595177826744121
frühlingszeit,0.0032414910858995136
glorie,0.01508385992387959
morgenstern,0.009098027789412343
kron,0.06252253564729662
kissen,0.008302223517199933
krücke,0.004235791160563072
morgensonne,0.005727241272558411
morgenthau,0.006482982171799027
tal,0.0876969023728443
knauf,0.006980132209130806
gebüsch,0.004106495729608655
bläue,0.01022162329503032
abendstern,0.009724473257698542
beet,0.014198823593684557
kiste,-0.014368182397610766
vaterhaus,0.012965964343598054
herzblut,0.014586709886547812
gemüth,0.049616666363156266
posaune,0.008471582321126145
reiher,0.0063536867408446095
grenadier,0.0032414910858995136
übermut,0.004971500373317794
hauf,0.01865314224318468
apfelbaum,0.0074772822464625865
stiel,0.0008650046437091398
würfel,0.010092327864075903
anmut,0.010201591608544423
schwung,0.01906106022253383
stolberg,0.004862236628849271
voigtlandwald,0.0016207455429497568
wolf,0.007845136852839947
frevler,0.004235791160563072
priesterin,0.0037386411232312932
diele,0.003480050261322455
maien,0.06632127182998561
frühlingsnacht,0.008103727714748784
port,-0.050711124870249306
blättchen,0.009724473257698542
königskind,0.009724473257698542
wandrer,0.04088649318012128
mondschein,0.005597945841603991
weiher,0.01508385992387959
blitzstrahl,0.008103727714748784
halde,0.011215923369693879
heimlichkeit,0.005230091235226632
fichte,0.011086627938739461
retter,0.007715841421885529
fruh,0.005230091235226632
schläfer,0.012707373481689219
abglanz,0.0037386411232312932
wiegenlied,0.011345218800648298
lämpchen,0.006980132209130806
kanne,-0.016486077977892304
maiennacht,0.006482982171799027
gestade,0.01720175550416113
flachs,0.011345218800648298
kleinod,0.011713073407025657
ampel,-0.004514413708957806
firmament,0.0063536867408446095
brünnlein,0.008103727714748784
dorten,0.012339518875311857
siegel,0.005597945841603991
sternenschein,0.006980132209130806
stift,-0.01724181887713292
herzschlag,-0.0026350773040992106
heiligtum,0.010718773332362099
englein,0.006482982171799027
thüren,0.006224391309890189
sträußchen,0.005359386666181049
knieen,0.017658842168521115
wörtchen,0.0031121956549450946
heer,0.09022453699488281
schäferin,0.0016207455429497568
sünder,0.008839436927503505
leichentuch,0.008103727714748784
mütterchen,0.008600877752080564
dämm'rung,0.009724473257698542
jugendzeit,0.011842368837980077
tyrann,0.0036093456922768738
gans,0.005230091235226632
wanderschaft,0.002615045617613316
leichnam,0.0003678546063773606
vergänglichkeit,0.005359386666181049
herr'n,0.0032414910858995136
vogt,0.004862236628849271
sumpf,0.010092327864075903
hase,-0.001382186367526816
schwan,0.0956731557190465
glüh'n,0.022690437601296597
zeh,-0.061570120008012666
blüthe,0.1393841166936791
blumenduft,0.006482982171799027
sonnengold,0.011345218800648298
wohllaut,0.008103727714748784
königssohn,0.0032414910858995136
husar,0.0037386411232312932
wanderlust,0.004862236628849271
falke,0.008103727714748784
geschmeide,0.010092327864075903
todesnacht,0.006980132209130806
ross,0.09359532351173674
traumgesicht,0.006482982171799027
vorzeit,0.012965964343598054
schemen,0.01022162329503032
scheit,-0.0045344453954437
trauerweide,0.0032414910858995136
amor,0.006850836778176388
möve,0.008103727714748784
widerschein,0.005230091235226632
münster,0.006482982171799027
koralle,0.007974432283794367
bereich,-0.0007557408992406164
dickicht,0.005856536703512829
verheißung,0.006980132209130806
abendhimmel,0.005359386666181049
selbstsucht,0.005727241272558411
liebeslied,0.009724473257698542
asyl,0.004862236628849271
beil,0.004474350335986015
umschlungen,0.02193469670205598
glöckchen,0.01720175550416113
lindenbaum,0.006482982171799027
stoppel,0.004862236628849271
schmelz,0.029650538123941507
äuglein,-0.002376486442190374
sachse,0.006850836778176388
lohe,0.010718773332362099
geißel,0.01022162329503032
schätzchen,0.0009943000746635584
lerchenschlag,0.009724473257698542
psalm,0.01620745542949757
stengel,0.004732941197894852
maitag,0.009724473257698542
helm,0.005060732431300417
wiederhall,0.008600877752080564
saitenspiel,0.005359386666181049
lichtlein,0.004862236628849271
zwist,0.004235791160563072
schütz,0.015908801194616934
weihnacht,-0.027612769289603555
denker,0.008103727714748784
inner,-0.04071895543860288
bügel,0.0019886001493271167
traurigkeit,0.006721541347221969
rathaus,-0.01748037805255586
flügelschlag,0.009098027789412343
spange,0.012836668912643637
herbstwind,0.006482982171799027
sonnenblume,-0.0012528909365723969
rösslein,0.0016207455429497568
gondel,0.004235791160563072
glühn,0.06357693078141788
athmen,0.017828200972447326
bitterkeit,0.002615045617613316
strang,0.008103727714748784
schmaus,0.019946096552728863
gebrause,0.01620745542949757
bitt,-0.062058164733305415
knäblein,0.006980132209130806
aufgethan,0.011345218800648298
schlamm,0.01720175550416113
verrat,0.0035692823193050824
bug,0.005856536703512829
sommerabend,0.004862236628849271
fund,0.005448618724163676
wrack,0.0016207455429497568
firnen,0.0032414910858995136
pfühle,0.009724473257698542
erdball,0.004235791160563072
harm,0.028765501793746474
höh,0.12137563054285869
föhren,0.002117895580281536
ginster,0.008103727714748784
majestät,0.001859304718372699
plätzchen,-0.001382186367526816
morgenstrahl,0.008103727714748784
seel,0.3772148671534974
labung,0.002117895580281536
balde,0.009724473257698542
odem,0.040130752280880665
ruhestatt,0.008103727714748784
pfand,0.009595177826744121
zurücken,0.01670460546682935
mündchen,0.005359386666181049
stäubchen,0.004862236628849271
sonnenblick,0.0037386411232312932
rosenduft,0.008600877752080564
harfner,0.004862236628849271
gezweige,0.006482982171799027
innere,-0.007388050188479961
sporn,-0.0031322273414309907
thorheit,0.008600877752080564
ostern,0.009724473257698542
köpflein,0.0032414910858995136
draht,0.002485750186658897
windstoß,0.007347986815508167
sommerzeit,0.006482982171799027
fittich,0.0074772822464625865
sternennacht,0.004862236628849271
rippe,0.018931764791579406
überfluss,0.0002385591754229411
bär,0.033806202538560995
lämmlein,0.0009943000746635584
kies,0.010718773332362099
gespiele,0.006980132209130806
wandervogel,0.008103727714748784
schrein,0.04823447999562945
sphinx,0.008600877752080564
mahnung,0.009595177826744121
schaft,-0.1818148707956222
meile,0.0038479048676998157
raupe,0.006482982171799027
helfer,0.002615045617613316
stündlein,0.008103727714748784
weizenfeld,0.006482982171799027
frohsinn,0.0009943000746635584
