herr,-0.12722304636213277
kind,0.23451327433628322
auge,0.0739637151090422
card,-0.16859771173291047
frau,-0.10662523232219889
wort,-0.1437157910890583
mensch,0.17514536122904834
jahr,0.04501935307858884
gesicht,-0.001760533360615213
mutter,0.12052193633092911
seite,-0.2164603475028561
hand,0.028957150408375543
weib,0.08699933500434809
vater,-0.02875679915426199
augenblick,-0.3337979777311712
welt,0.4606501611335618
bett,0.07619741845277678
gedanke,-0.07023377154841681
leute,-0.26958753218408443
mädchen,-0.007157228843760077
name,-0.10627568332566031
scheik,-0.07655975582723754
luft,0.31410813852370967
anselmus,-0.03468208092485549
tür,-0.11454976384128768
geld,-0.14888655856224528
sohn,0.01444234146674167
hradscheck,-0.03468208092485549
tod,0.3796315242041366
zug,-0.1369294252050403
sache,-0.2505797397991372
stadt,-0.0002600303510835733
pferd,-0.08919041042167546
bild,0.18300595085852644
peter,-0.018278854843384998
seele,0.49342251095537704
boden,-0.10760141183692262
von+die,0.3848363940184493
doktor,-0.07204545842072058
gräfin,-0.051933602741828226
richter,-0.044989513530103845
schwester,-0.028198373318328307
straße,-0.08161969069176597
knulp,-0.028901734104046242
brust,0.403613995600798
freude,0.14714307637219293
blut,0.3644474568179106
dame,-0.09465957337971251
stirn,0.23068954933756203
tier,-0.2242825719985677
woche,-0.1074863164356233
antwort,-0.31766330758606576
kleid,0.025231469640390802
brief,-0.13957661943492422
bruder,0.05295241018295907
gestalt,0.11576465974389138
tochter,-0.07088171602980543
geschäft,-0.13500264293143724
bauer,-0.035871400071614906
hund,-0.026480467884120285
meining,-0.033236994219653176
person,-0.16618497109826588
volk,0.07434736644670656
bei+die,-0.006010537623407863
gesellschaft,-0.12993844527426807
knabe,0.11294695380837894
bella,-0.04464849011884666
höhe,0.00089944924719082
lust,0.376532473954337
stuhl,-0.05342131737343768
vrenchen,-0.023121387283236993
familie,-0.1444191518747762
verhältnis,-0.13577847119204733
blume,0.4505430797824271
baum,0.3782120142547786
tor,-0.08753218408443736
wulfrin,-0.02023121387283237
teufel,-0.06645693726874348
thür,0.03519361604174129
geschichte,-0.0857503367606186
gefühl,-0.08702917455283304
lippe,0.20959298855866457
wange,0.2233575459955326
hütte,-0.03072620935427217
wunsch,0.05006223677255445
haupt,0.10516309444643374
arbeit,-0.14221102528688595
minute,-0.0863769672788037
bewegung,-0.1470109298003308
miene,-0.06103466502975429
gespräch,-0.11521902228587994
gendarm,-0.04910310842839361
ratschiller,-0.030346820809248554
großmama,-0.01872644807066005
faust,-0.007029345064538672
anblick,-0.10474534076764372
beuthien,-0.023121387283236993
hilfe,-0.08478268283117636
richterin,-0.027367128753388918
befehl,-0.14231759510290382
hoffnung,0.037354851910583686
wesen,-0.13048408273227957
wohnung,-0.10654850205466607
treppe,-0.056759084011117365
ausdruck,-0.10395672412911147
leib,0.021237232936041073
soldat,-0.0454967858543489
stube,-0.11182157655123025
blatt,0.220944805360888
fräulein,-0.046882193462581205
jacopone,-0.023121387283236993
gelegenheit,-0.14739884393063585
diener,-0.13364707487168995
eindruck,-0.08236994219653179
traum,0.5639930431224104
großvater,-0.04175831670844204
schönheit,0.1417890088154552
natur,0.12073933875560561
gewalt,0.046980237693317634
waffe,-0.009919518474943295
herd,0.06214299111634013
mitte,-0.15057888724060908
lied,0.5939988405204017
nase,-0.0775274097566798
meer,0.4841210974133374
großmutter,-0.005481951335959214
erinnerung,-0.0070591846130236835
körper,-0.10754599553259331
gegenstand,-0.0837851893532491
freundin,-0.059009838525414776
leidenschaft,-0.02156973076201682
mantel,0.07216907940730133
kaiser,0.03939246679284533
gethan,0.05464900165396354
s,0.0
grund,0.15944975872593653
schuh,0.004859583610414858
arzt,-0.06756100056268863
hadschi,-0.057803468208092484
konrektor,-0.02167630057803468
klara,-0.030287141712278545
abenteuer,-0.06195969103278941
kamel,-0.044738008764301666
messer,-0.04245741470151926
eltern,-0.03372721537333538
araber,-0.06358381502890173
schatz,0.06518236226916979
kuss,0.20963561648507167
richtung,-0.10534213173734377
unglück,-0.12883438198032296
wille,-0.0839301243030334
wirt,-0.09439101744334749
heimat,0.16571606390778726
uhr,-0.08054972973894657
absicht,-0.11979299878936689
wahrheit,0.025568230259007285
schicksal,0.05350231043361128
kirche,0.006274830767132172
kammer,-0.003810936620799024
lage,0.14313178849728025
alp,0.009983460364554025
krieger,-0.02821542448889116
jungfrau,0.029187341210974133
offizier,-0.0606339625215271
engel,0.14879277712414957
küche,-0.06918512455880096
zeichen,-0.061584565280406484
kampf,0.16442017494500993
kapitel,-0.08236994219653179
geheimnis,-0.053570515115862694
kunst,0.0203249953109281
mama,-0.05190376319334322
doctor,-0.010055927839446178
gruß,0.1755034358108684
glied,0.12128923900625779
gefahr,-0.06834961720122086
gesang,0.2225220386379525
neigung,-0.06057428342455709
herd|herde,0.002578989547632443
fluss,0.02240950091223763
registrator,-0.015895953757225433
anfang,-0.1653196241922008
freundschaft,-0.05579143008167511
gewand,0.1344740566439886
maja,-0.04332276160758436
gericht,-0.034366634269442586
unterhaltung,-0.059248554913294796
mond,0.41970177502685563
pascha,-0.023061708186266988
königin,0.05092332088597882
christ,-0.009471925247668253
aufregung,-0.07225433526011561
sir,-0.031105597899295782
gatte,-0.01638617491090763
entschluss,-0.0707197299094583
krankheit,-0.04588469998465394
sprache,-0.050799699899398094
kranz,0.27535082783433085
feld,0.2761138677170188
thränen,0.2723711357784712
vogel,0.19376950227633127
führer,-0.04098248844783194
tuch,-0.03457551110883762
flut,0.3584241308165806
erscheinung,-0.05611966511501014
freiheit,0.045799444131839645
duft,0.5138881784234487
geschenk,-0.041489760772077
strom,0.24653861237573957
zukunft,0.05594489061674085
prinz,-0.025623646563336572
löwe,0.008210138626016675
kerl,-0.03830119187682235
streit,0.07492710624584378
verbindung,-0.05057803468208093
flügel,0.20710351765648713
clementine,-0.036127167630057806
gegend,-0.08210138626016675
held,0.09146247889917643
gott,0.33376387539004554
spaß,-0.040014834518389684
bube,-0.02352208979146419
land,0.33371698467099764
verlegenheit,-0.059248554913294796
knecht,0.06918938735144169
auf+die,0.061205176735382893
bank,-0.0379431172950023
meinung,-0.07791532388698484
entfernung,-0.044797687861271675
archivarius,-0.024566473988439308
schüler,-0.03594813033914778
schnee,0.19338158814602624
empfindung,-0.04458881102187665
krone,0.13402646341671354
ordnung,-0.08908810339829829
beamter,-0.04190751445086705
erstenmal,-0.042964687025764316
hundertpfund,-0.02023121387283237
thut,0.04234231930021996
türke,-0.04163895851450202
sünde,0.05922297815745051
antlitz,0.15287226968131362
felsen,0.16818848363940184
sicherheit,-0.054793936603747845
zweck,-0.0619000119358194
papier,-0.06593687656657629
monat,-0.06484986444319403
überraschung,-0.04335260115606936
stellung,-0.1199421965317919
geschöpf,-0.0401341927123297
glut,0.41727198322164816
höfling,-0.014301669309598104
inhalt,-0.0632854195440517
sonnenschein,0.1425477859055024
schleier,0.154914147356216
fabrik,-0.0271880914624789
apone,-0.030346820809248554
flur,0.178095213736423
schutz,-0.033816734018790394
weisheit,0.020188585946425225
mark,0.0667169676198271
palma,-0.02023121387283237
leiche,0.18385424659402866
lampe,0.0248520810953672
geräusch,-0.05157552816000819
dieb,-0.04579518133919893
sessel,-0.04157927941753201
wolke,0.43111327092604906
genuss,0.001163742390915136
chef,-0.025922042048186607
pistole,-0.02444711579449929
angesicht,0.12972104284959163
viertelstunde,-0.04187767490238205
verwunderung,-0.05491329479768786
flasche,-0.05016028100329088
pater,-0.010026088290961174
caroline,-0.01878612716763006
vorstellung,-0.04046242774566474
güte,0.011637423909151373
engländer,-0.03901734104046243
bemerkung,-0.049132947976878616
jüngling,0.0542909270721435
kaffee,-0.06629495114839634
schluss,-0.12371050522618376
untersuchung,-0.03757225433526012
prophet,0.0008056678090950925
veronika,-0.02023121387283237
meliore,-0.031791907514450865
stemma,-0.017341040462427744
hälfte,-0.03444336453697546
auftrag,-0.05771394956263747
magd,0.003934557607379749
post,-0.08466332463723635
satz,-0.09778846317799716
wirtshaus,-0.031672549320510855
saal,0.09691459068665063
becher,0.11395723566422836
busen,0.14414207035312973
hornisse,-0.008670520231213872
korb,-0.03004842532439852
interesse,-0.04907326887990861
herrin,-0.006628642556311494
zelt,0.04570992548638464
bärnhäuter,-0.01878612716763006
schuss,-0.03429416679455045
möglichkeit,-0.046183095469503985
tasche,-0.07731853291728477
truppe,-0.02444711579449929
glanz,0.3883404095691169
umgebung,-0.04046242774566474
sattel,0.009476188040308968
bote,-0.014403976332975257
anspruch,-0.053438368544000546
russe,-0.020171534775862362
sommer,0.2191416440738657
seufzer,0.027473698569406797
emir,-0.04040274864869473
jammer,0.08128719286579023
erregung,-0.05488345524920286
beziehung,-0.04332276160758436
sand,0.12577369686428974
farbe,0.09335515883165381
aufenthalt,-0.051844084096373214
anstrengung,-0.05635838150289017
bewohner,-0.050488516036625915
priester,0.047913789281634186
bach,0.02983102289972206
mörder,-0.009309939127321094
mamur,-0.014450867052023121
schwert,0.1485071700172217
prokurist,-0.008670520231213872
zeitung,-0.0374528961413201
sturm,0.45868927651883296
rittmeister,-0.02167630057803468
frucht,0.14753951608777943
gewohnheit,-0.03736337749586509
baron,-0.021467423738639656
kapelle,-0.0037683086943918684
ansicht,-0.04332276160758436
gewehr,-0.021198867802274625
jugend,0.2384052040172558
gürtel,0.006586014629904345
dolch,-0.017072484526062713
vorwurf,-0.04311388476818934
stimmung,-0.08511091786451139
könig,0.20135301038416287
einsamkeit,0.12629375756645694
kanzlei,-0.03757225433526012
instrument,-0.021467423738639656
wahl,-0.01945538561222228
brunnen,0.02042730233430526
apfel,0.0024596313536924333
fahrzeug,-0.012826743055910788
lehrer,-0.04311388476818934
geschlecht,0.0644065340085597
gegenwart,0.002250754514297404
boot,0.034490255256023325
wirkung,-0.05337868944703054
bericht,-0.07758708885364982
ankunft,-0.04335260115606936
bedingung,-0.027426807850358927
ahnung,0.04276007297901001
gattin,-0.021258546899244633
angelegenheit,-0.05635838150289017
thüre,-0.0002813443142871755
nachricht,-0.07074956945794329
erwartung,-0.041668798062987025
ruine,-0.01999249748495234
laune,-0.03688594472010504
student,-0.0387786246525824
mütze,-0.012588026668030758
erzählung,-0.03468208092485549
rücksicht,-0.0517545654509182
sonntag,0.005737718894402111
bräutigam,-0.009638174160656127
franzose,-0.018577250328235033
glocke,0.1658354221017273
fackel,0.03466929254693334
brücke,0.03210735416986377
professor,-0.01728136136545774
paradies,0.07443262229952087
reiter,0.0364426142854707
charakter,-0.049132947976878616
pfarrer,-0.009876890548536157
puck,-0.01141149589919348
gretchen,-0.004275581018636929
gesetz,-0.036318993298889976
hexe,-0.024089041212679248
figur,-0.03889798284652241
aufmerksamkeit,-0.051993281838798235
herrschaft,-0.018517571231265025
höflichkeit,-0.04181799580541204
spaziergang,-0.038987501491977425
hochzeit,0.001312940133340157
gesundheit,-0.02444711579449929
ibn,-0.024566473988439308
nemsi,-0.05202312138728324
hofrat,-0.007195593977526556
chor,0.10735843265640187
benone,-0.01300578034682081
bewusstsein,-0.03730369839889509
gulden,-0.028842055007076234
m,0.0
dämmerung,0.037499786860367965
kerze,0.05983255750507272
städtchen,-0.016833768138182686
milch,-0.022494756765051922
präsident,-0.011560693641618497
aussicht,-0.050488516036625915
gouverneur,-0.02745664739884393
sali,-0.027367128753388918
„ich,0.016671782017835524
gasse,0.08511518065715211
vorschlag,-0.031791907514450865
vorbereitung,-0.03468208092485549
verzweiflung,0.006824731017784372
musik,-7.246747489214611e-05
gebiet,-0.06660613501116852
eifersucht,-0.02155694238409467
pforte,0.045292171807594594
achtung,-0.09510716660698756
gabe,-0.04580796971712106
schreck,-0.055872423141848704
gepäck,-0.027426807850358927
tempel,0.0773227957099255
seldwyler,-0.02601156069364162
witwe,-0.021467423738639656
katze,-0.030018585775913514
mahlzeit,-0.034622401827885486
spruch,-0.03319010350060532
zorn,0.0028645966545603474
zufall,-0.02273347315293195
kleidung,-0.04476784831278667
bahnhof,-0.023121387283236993
kloster,-0.0036489505004518585
leber,-0.01728136136545774
köpfchen,0.02413593193172711
insel,0.0569125445461831
apo,-0.02665097958974883
manz,-0.03465224137637049
braka,-0.036127167630057806
gegenteil,-0.03031698126076355
vergangenheit,0.01814670827152284
wirtschaft,-0.04190751445086705
mitternacht,0.065791941616792
geelhaar,-0.010115606936416185
blüte,0.23302555970467373
schmetterling,0.03738042866642795
theater,-0.04615325592101898
hügel,0.1663256432554095
begleiter,-0.03161287022354085
ohr,0.16509369618224293
erfahrung,-0.044738008764301666
papa,-0.024208399406619265
teppich,-0.019753781097072313
schott,-0.02014169522737736
aaleďkum,-0.02167630057803468
geschrei,-0.007745494228178766
asche,-0.09411819871434174
degen,0.006377137790509319
nonne,-0.012737224410455779
ange,-0.010132658106979053
kunde,-0.003960134363224024
spott,0.023854587617439943
klugheit,-0.027367128753388918
trost,0.11002694084948932
sekunde,-0.022912510443841967
umprecht,-0.005780346820809248
veränderung,-0.031791907514450865
wachtmeister,-0.01586611420874043
erlaubnis,-0.024536634439954304
liebling,0.004053915801319759
überzeugung,-0.027426807850358927
hölle,0.0248222415468822
salamander,-0.012946101249850801
meisterin,-0.020171534775862362
fleck,0.007093286954149403
schnur,-0.02685985642914386
haustür,-0.03031698126076355
vorsicht,-0.10796374921138337
brett,0.00956570668576398
handlung,-0.08526011560693642
bewunderung,-0.030346820809248554
trennung,0.0005669514212150659
rand,0.3177698774020836
verwirrung,-0.020171534775862362
pflicht,-0.04713369822838337
gift,0.021902228587992567
kelch,0.08933108257881903
alm,0.09746875372994357
seligkeit,0.07945419203028288
büchse,-0.021288386447729638
segel,0.058178593960475394
pfennig,-0.014361348406568112
harfe,0.05670366770678807
gedächtnis,-0.02294234999232697
spannung,-0.040432588197179736
dunkelheit,-0.003738469145906864
ereignis,-0.03173222841748086
altar,0.06567258342285198
dummheit,-0.02155694238409467
versammlung,-0.014391187955053113
einfall,-0.05906951762238477
villa,-0.02730744965641891
einladung,-0.031791907514450865
vorhang,-0.009518815966716117
ursache,-0.05491329479768786
einfluss,-0.027426807850358927
fleisch,0.011518065715211356
station,-0.023091547734751992
zunge,0.022021586781932584
berührung,-0.021616621481064677
„das,0.00032823503333503923
klöterjahn,-0.015895953757225433
bescheid,-0.018440840963732164
verlust,-0.012707384861970775
regiment,-0.02005217658192235
major,-0.021646461029549677
durch+die,0.1424284277115624
dienstmädchen,-0.024566473988439308
wonne,0.2271855337868945
frevel,0.026996265793646734
gebäude,-0.03155319112657084
begleitung,-0.024536634439954304
säbel,-0.0009974934779272589
brand,0.15190461575187136
herrlichkeit,0.0391835899534503
möbel,-0.023091547734751992
bier,-0.07647023718178253
jungfer,-0.014122632018688082
tanne,0.08027264821730012
conducteur,-0.0072254335260115606
unter+die,0.05835763125138541
gemüt,0.06969665967568674
neid,0.03163418418674441
haufe,-0.016505533104847647
list,-0.029212917966818422
gebirge,-0.012379149828635735
linie,-0.008282606100908828
frauenzimmer,-0.03031698126076355
haltung,-0.11840759118113459
schrift,-0.06233055399253158
pfad,0.17957013999011034
kasten|kaste,-0.014331508858083108
tigris,-0.025981721145156615
abgrund,0.04354868961754225
sprung,-0.026084028168533765
lilie,0.08162821627704742
schnuck,-0.005780346820809248
betrachtung,-0.023061708186266988
netz,0.05688270499769809
überlegung,-0.028901734104046242
bedürfnis,-0.03176206796596586
sehnsucht,0.3523155489624363
eitelkeit,-0.008342285197878836
segen,0.2161150612989582
landstraße,-0.028842055007076234
emma,-0.03164270977202585
ausgang,-0.012796903507425784
onkel,-0.02155694238409467
buchstabe,-0.010026088290961174
schwierigkeit,-0.02167630057803468
rückkehr,-0.13707436015482463
fabrikleiter,-0.017341040462427744
auskunft,-0.028871894555561238
mönch,0.023956894640817093
begegnung,-0.028901734104046242
sitte,0.005319965215612052
kummer,0.07307705423977356
kaste,-0.02712841236550889
beschäftigung,-0.02745664739884393
gruft,0.1107985063174587
kater,-0.005690828175354238
käfer,-0.005332753593534197
„du,0.017937831432127814
sophie,-0.012916261701365797
flug,0.1474798369908094
nei,-0.021966170477603186
beschreibung,-0.02023121387283237
eifer,-0.05693812130202739
ruhm,0.09213173734376864
brille,-0.012826743055910788
wald,0.5089433389602196
moment,-0.03459256227940048
brot,0.004919262707384867
schlummer,0.1727326205944038
freiherr,0.00011935819394001419
partie,-0.03314747557419817
bauerntanz,-0.015895953757225433
doktorin,-0.015895953757225433
eigentum,-0.023031868637781984
nummer,-0.012975940798335805
kraut,0.03493784848329838
selbstmord,-0.00864068068272887
klarheit,0.007881903592681636
lunge,0.024941599740822218
konsul,-0.02167630057803468
großherrn,-0.024566473988439308
beduine,-0.021646461029549677
obeďde,-0.023121387283236993
geschmack,-0.03754241478677511
kristall,0.012485719644653608
kanapee,-0.010055927839446178
thalberg,-0.01878612716763006
„und,0.01059303971217624
jobst,-0.01878612716763006
coupé,-0.011530854093133494
carlitos,-0.01300578034682081
kätzchen,-0.0011765307688372806
nachbarin,-0.014331508858083108
joa,-0.018756287619145055
staat,-0.02385032482479922
woytasch,-0.014450867052023121
scheibe,0.03888519446860027
finsternis,0.025610858185414427
schauer,0.21969154432451787
erfüllung,0.0049618906337920085
gewissheit,-0.027367128753388918
töchterchen,-0.01722168226848773
gespenst,0.03466929254693334
reichtum,-0.009608334612171122
öffnung,-0.03320715467116817
bezirksrichter,-0.036127167630057806
abteilung,-0.010115606936416185
geschick,0.029055194639111992
verfolger,-0.01150101454464849
anzahl,-0.02601156069364162
gerechtigkeit,-0.008401964294848841
häuptling,-0.0041860623731819185
honig,-0.006628642556311494
botschaft,0.006317458693539311
schwanz,-0.017311200913942743
liebchen,0.05646495131890804
amrain,-0.017341040462427744
rätin,-0.011560693641618497
schild,0.020725697819155287
karte,-0.028663017716166216
vaterland,0.06534434838951694
gemeinde,-0.01722168226848773
zeugnis,-0.021646461029549677
strick,0.021603833103142532
unruhe,-0.03468208092485549
orgel,0.02841151295036404
kamerad,-0.035858611693692775
rechnung,-0.030227462615308544
schüssel,-0.011530854093133494
wirtin,-0.005690828175354238
adresse,-0.023121387283236993
frühling,0.43768223438539056
verzeihung,-0.025981721145156615
hintergrund,-0.014361348406568112
flöte,0.07699456067659044
hahn,0.003934557607379749
dirne,0.052070012106331096
entschuldigung,-0.01586611420874043
aktuar,-0.011560693641618497
partei,-0.03164270977202585
korridor,-0.02023121387283237
geruch,-0.015508039626920385
pilger,0.022720684775009804
sieger,0.03746994731188297
thale,0.06699831193411428
adam,-0.024148720309649256
aufgabe,-0.017341040462427744
mutessarif,-0.010115606936416185
beinchen,-0.018666768973690046
bedienerin,-0.0072254335260115606
erzherzog,-0.02745664739884393
lichtenfels,-0.010115606936416185
claireforts,-0.02601156069364162
olga,-0.0041860623731819185
awers,-0.01300578034682081
armut,0.010772077003086262
hradschecks,-0.01300578034682081
pelz,-0.01418231111565809
mord,0.00019608846147288472
mitteilung,-0.033236994219653176
aufforderung,-0.02023121387283237
meldung,-0.020201374324347366
pergament,-0.012886422152880796
wäsche,-0.02014169522737736
gruppe,-0.008401964294848841
norden,0.015286374409603218
wanderung,-0.025981721145156615
aug,0.09936569645506166
resultat,-0.02167630057803468
beispiel,-0.05918887581632479
verbeugung,-0.017341040462427744
zettel,-0.024566473988439308
zelle,0.00791174314116664
einödpater,-0.010115606936416185
vorteil,-0.04332276160758436
schreibtisch,-0.018607089876720037
flinte,-0.01713216362303272
general,-0.012796903507425784
dahabďe,-0.011560693641618497
sandal,-0.0041860623731819185
bord,0.01959179497672515
esel,-0.15378024451378586
rappen,-0.005601309529899227
fell,-0.022524596313536926
bande,0.06549354613194196
bey,-0.043292922059099355
drache,0.009147953006973929
telegramm,-0.011560693641618497
kolmann,-0.005780346820809248
„es,-0.0011765307688372806
fieber,0.058715705833205456
inspektor,-0.015895953757225433
rothfuß,-0.011560693641618497
sall,-0.022793152249901957
phantasie,-0.015448360529950383
damm,0.015972684024758307
soviele,-0.01541852098146538
widerspruch,-0.008431803843333845
passagier,-0.01150101454464849
hermann,-0.02300202908929698
bekanntschaft,-0.017341040462427744
polizei,-0.030227462615308544
seil,-0.008193087455453815
nebenzimmer,-0.027396968301873922
einsicht,-0.020171534775862362
landschaft,-0.006748000750251504
geronimo,-0.01300578034682081
vorfall,-0.030346820809248554
schrank,0.03222671236380378
gegner,-0.011351816802223472
dienerschaft,-0.014361348406568112
vorgang,-0.023121387283236993
puls,0.04328013368117721
erlebnis,-0.031791907514450865
wurst,-0.0142718297611131
neugierde,-0.02745664739884393
ausgabe,-0.023121387283236993
besitzer,-0.044797687861271675
ausweg,-0.012946101249850801
sonnenstrahl,0.06832404044537657
religion,-0.017251521816972735
stätte,0.039034392211025296
achsel,-0.03459256227940048
schaf,-0.1243669752928539
jäger,0.031480723651678685
schlucht,0.038735996726175254
zufriedenheit,-0.014391187955053113
moslem,-0.027426807850358927
dattel,-0.023121387283236993
rache,0.00508551162037274
agha,-0.037482735689805105
sohle,0.002131396320357394
entscheidung,-0.015806435111770423
kapitän,-0.008610841134243865
baschi,-0.02745664739884393
gipfel,0.03151056320016369
regierung,-0.023091547734751992
lanze,0.05594489061674085
dankbarkeit,-0.024476955342984295
emin,-0.04332276160758436
fläschchen,-0.012975940798335805
heilge,-0.00822292700393882
gunst,0.011100312036421298
anstalt,-0.02601156069364162
mephistopheles,-0.02167630057803468
erzherzoge,-0.015895953757225433
wohnzimmer,-0.04335260115606936
sofa,-0.02745664739884393
wendung,-0.043233242962129353
unterredung,-0.023121387283236993
firma,-0.012647705765000766
geländer,-0.01141149589919348
trupp,-0.03591829079066278
begräbnis,-0.014421027503538117
schnurrbart,-0.014361348406568112
direktor,-0.017341040462427744
wut,0.043578529166027245
krug,0.03142104455470868
tänzerin,-0.008551162037273859
anlass,-0.08526011560693642
schimmer,0.23801728988695076
knopf,-0.027217931010963904
schreiber,-0.027396968301873922
verfolgung,-0.0026812965710096004
geduld,-0.044631438948283794
strumpf,-0.018666768973690046
thue,-0.043233242962129353
hengst,0.00041775367879004835
verfügung,-0.02023121387283237
reďs,-0.010115606936416185
säule,0.04493409722577456
leiter,-0.04700155165652122
anführer,-0.01300578034682081
bibel,0.009147953006973929
khan,-0.0072254335260115606
geige,0.09767336777669788
england,-0.01141149589919348
kuchen,-0.027337289204903914
größe,-0.012140433440755709
bronn,0.03000579739799137
stall,0.015064709192286058
tätigkeit,-0.028901734104046242
geiger,0.013363854928640851
vrenchens,-0.011560693641618497
spatz,0.013483213122580865
schwabe,0.0017733217385373506
gerber,-0.01878612716763006
lombarde,-0.011560693641618497
zins,-0.014361348406568112
liebhaber,-0.028901734104046242
fuhrwerk,-0.01586611420874043
situation,-0.02601156069364162
handwerk,-0.015448360529950383
tasse,-0.01586611420874043
nachbarschaft,-0.015716916466315414
respekt,-0.027367128753388918
besen,-0.011321977253738468
erklärung,-0.017072484526062713
einrichtung,-0.030346820809248554
stange,-0.0024724197316145745
melodie,0.07855900557573277
hemd,0.014139683189250941
diebstahl,-0.015895953757225433
zerstreuung,-0.02023121387283237
jude,-0.008312445649393832
narbe,-0.0023829010861595654
mädel,0.03726107047248793
kleinigkeit,-0.020201374324347366
amareller,-0.011560693641618497
vermutung,-0.020201374324347366
deckel,-0.009966409193991166
kniee,0.04588896277729465
hostie,-0.0028603338619196204
schauspiel,-0.011202619059798455
gewicht,-0.012588026668030758
sorgfalt,-0.01722168226848773
schiffer,0.03130168636076867
schande,0.016791140211775538
teilnahme,-0.02745664739884393
teufelsanbeter,-0.02023121387283237
#yes,-0.005780346820809248
haddedihn,-0.04190751445086705
mücke,0.14874588640510172
pir,-0.008282606100908828
schürze,-0.008372124746363837
hausfrau,-0.005631149078384232
„da,0.009356829846368951
„nein,-0.012946101249850801
roman,-0.047478984432281275
wagner,-0.004305420567121933
graciosus,-0.010115606936416185
kirchhof,0.035726465121830614
bischof,0.00032823503333503923
lamm,0.3744266543898239
zigeuner,-0.004066704179241903
postillon,-0.0013555680597473014
vowinkel,-0.005780346820809248
arbeiter,-0.024476955342984295
zuversicht,-0.024297918052074277
hauptsache,-0.014421027503538117
revolver,-0.00864068068272887
vorsprung,-0.018696608522175046
prüfung,-0.014331508858083108
verlobung,-0.01878612716763006
abwesenheit,-0.02167630057803468
vorschrift,-0.017341040462427744
untersuchungsrichter,-0.011560693641618497
werkzeug,-0.014301669309598104
haushalt,-0.020171534775862362
verbrecher,-0.011441335447678481
steinbruch,-0.001325728511262298
hose,-0.021467423738639656
ewigkeit,0.1669650621515167
kanal,-0.005660988626869234
kahn,0.07988473408699508
weilchen,0.00478285334288199
besinnung,-0.018666768973690046
gefangenschaft,-0.01878612716763006
wirklichkeit,-0.002353061537674561
jagd,-0.00777533377666377
gelächter,-0.0010571725748972673
traube,0.0445163435469845
insekt,-0.0245067948914693
zimmerherren,-0.005780346820809248
buße,0.0018628403839923598
geschwister,0.006317458693539311
rute,0.00041775367879004835
freundlichkeit,-0.01728136136545774
lißmann,-0.004335260115606936
grashüpfer,-0.0072254335260115606
frosch,-0.005571469981414223
gehöft,-0.010055927839446178
unsinn,-0.041847835353897044
gemahl,-0.006777840298736508
behörde,-0.014421027503538117
spuk,-0.004066704179241903
korbe,-0.004275581018636929
ausnahme,-0.015895953757225433
pein,0.06376711511245248
fußboden,-0.015895953757225433
stückchen,-0.005392432690504205
fassung,-0.03456272273091548
geständnis,-0.018756287619145055
ladenbauer,-0.005780346820809248
busch,0.11352669360751616
protokoll,-0.01586611420874043
fabrikherr,-0.01300578034682081
terrain,-0.014450867052023121
flüchtling,0.00014919774242501752
scheitel,0.003427285283134688
schweiß,0.01705969614814057
kinn,0.0021612358688423983
geier,0.01360257131652088
tabak,-0.01141149589919348
hitze,-0.019962657936467336
laster,0.0006863096151550827
piaster,-0.008670520231213872
mittagsmahl,-0.012975940798335805
stab,0.041135948982897685
horizont,0.011010793390966292
element,0.0034571248316196887
furche,0.04301157774481218
wimper,0.0342515388681433
million,0.024046413286272102
entschlusse,-0.015895953757225433
ifra,-0.00864068068272887
schlänglein,-0.01300578034682081
über+die,0.12440107763397956
elfe,-0.05763295650246389
tugend,0.01549525124899824
alven,-0.007195593977526556
papst,0.004514297406516958
paula,-0.005780346820809248
erna,0.12567138984091258
birne,-0.007076235783586543
weinstube,-0.010115606936416185
rest,-0.005435060616911347
grausamkeit,-0.014421027503538117
truhe,-0.0010571725748972673
antrag,-0.018696608522175046
kenntnis,-0.04579518133919893
köchin,-0.017311200913942743
feindschaft,-0.011441335447678481
eigenschaft,-0.034622401827885486
unschuld,-0.02325353385509915
frist,0.015167016215663204
schwalbe,0.06516531109860693
kehle,0.018116868723037836
überlegenheit,-0.014450867052023121
goldstück,-0.00864068068272887
bestürzung,-0.01300578034682081
takt,0.032925810356881
bahre,0.02091752348798745
neffe,-0.012975940798335805
wissenschaft,-0.0040070250822718985
bühne,-0.004066704179241903
kreuzer,-0.010085767387931181
entdeckung,-0.011560693641618497
dienstbote,-0.017341040462427744
ischt,-0.04971268777601582
gebieterin,-0.011560693641618497
hauswesen,-0.015895953757225433
luftbahn,-0.010115606936416185
ratschillers,-0.008670520231213872
befriedigung,-0.02014169522737736
korn,0.10820672839190411
menschheit,0.1080575306494791
irrtum,0.00020887683939502417
gehirn,-0.006837519395706516
signalement,-0.005780346820809248
getränk,0.016582263372380515
oase,-0.004215901921666923
schurke,-0.008521322488788854
drohung,-0.015806435111770423
strauß,0.06546370658345696
schnelligkeit,-0.02023121387283237
fehler,-0.021527102835609664
schelm,0.015316213958088222
bauch,0.0019225194809623682
umweg,-0.008610841134243865
bestie,-0.008581001585758863
rat,-0.3300680341705458
huli,-0.008670520231213872
reinheit,0.0032482479922246663
vigilie,-0.012975940798335805
flor,0.0876174399372517
armee,-0.011530854093133494
schranke,0.047704912442239164
hausknecht,-0.005750507272324245
gedränge,0.004872371988336999
begierde,-0.012886422152880796
fahne,0.06525482974406194
capitel,-0.015895953757225433
„ja,0.004544136955001961
bayer,-0.005660988626869234
buik,-0.01300578034682081
ursanner,-0.015895953757225433
theresens,-0.010115606936416185
strand,0.19041468446808874
nachtigall,0.19646358722526303
vöglein,0.12262775589544224
lerche,0.16681586440909169
ritter,0.0774421539038655
wipfel,0.1492062680102989
thräne,0.3256773577506096
hain,0.13725766023837535
thau,0.19414036523607348
thor,0.173401879038996
mägdlein,0.06652087915835422
knospe,0.13596177127559805
greis,0.10378194963084215
sommernacht,0.08716984670997664
schooß,0.112124234828721
schwarm,0.08283458659436971
saite,0.09770320732518287
wind,0.39216413456783805
laub,-0.030091053250805633
saat,0.11817313758589529
sänger,0.0595640015687077
blümlein,0.05466179003188569
strauch,0.11681756952614797
hatt,0.32487595273415515
kindlein,0.05487066687128072
bund,0.05329343359421625
stund,0.08314577045714189
heide,0.21144304056473476
veilchen,0.08132982079219739
schaum,0.09902893583644518
schöpfung,0.049030640953501466
mai,0.2677374801780142
hinnen,0.05177161662148107
halm,0.09779272597063789
ruhn,0.1196182242910976
teich,0.0547214691288557
loos,0.06799580541204155
heimath,0.10179975105290978
wahn,0.09131328115675143
menschenherz,0.06793612631507154
blüthen,0.21389414633314577
pflug,0.03554742783092059
haide,0.07374631268436578
müd,0.3161457534059713
reigen,0.11955854519412758
falter,0.05616655583405801
kluft,0.047316998311934116
flieder,0.05466179003188569
brandung,0.0458122325097618
röslein,0.025133425409654374
hirn,0.06263321227002235
hammer,0.05622623493102802
qual,0.2685133084386243
heiland,0.040181083431377565
nahn,0.0458122325097618
indeß,0.053246542875168376
ähre,-0.23996538612375745
bächlein,0.04578239296127679
muschel,0.050296690367793745
spielmann,0.022123893805309734
frost,0.0684732381878016
nachtwind,0.038348082595870206
höh'n,0.061946902654867256
dunst,0.05935512472931267
mühle,0.03133152590925367
pokal,0.04427762715910447
palast,0.04622998618855184
saft,0.05201033300936109
mast,0.026847068051221716
fels,0.19035926816375942
fürst,0.05390301294183846
schaar,0.07964601769911504
scholle,0.0623049772366873
göttin,0.04876208501713643
moos,0.09646699745937558
trümmer,0.06961992940815387
garbe,0.03548774873395059
gefieder,0.05023701127082374
düne,0.028083277917029005
pfeil,0.058089075315020375
steg,0.032716933517485974
blüh'n,0.07079646017699115
schifflein,0.031003290875918632
rothen,0.06056149504663495
abendschein,0.03843760124132522
saum,0.10209814653775981
gold,0.5108530700632599
hecke,0.04021092297986256
harmonie,0.029707401913141335
bettler,0.04159633058809487
palme,0.05059508585264379
ha,0.0
dämon,0.03127184681228366
gottheit,0.04439698535304448
∙,0.029498525073746312
osten,-0.08181577915323887
poesie,0.0369626749876379
d'rum,0.029498525073746312
sternlein,0.032448377581120944
gestirn,0.04150681194263986
hafen,0.03858679898375023
huld,-0.03665575391750642
um+die,0.046140467543096836
schmach,0.07310689378825858
riese,0.18237079475505993
gewölk,0.0458122325097618
markt,0.02882926662915409
wirbel,0.07590754855320818
träumer,0.0623646563336573
klippe,0.025342302249049396
enkel,0.01549525124899824
thaten,0.03316452674476103
küste,0.0459017511552168
schwesterlein,0.014838781182328167
lorbeer,0.05767132163623033
rohr,0.037529626408852976
mütterlein,0.029528364622231316
drossel,0.038348082595870206
gebein,0.04289221955087217
goldner,0.08861493341517895
adler,0.06820468225143655
zaun,0.021007042133442462
deß,0.08716984670997664
mondenschein,0.051682097976026055
himmelan,0.03392330383480826
edelstein,0.017967670980612818
weltall,0.0471976401179941
glücke,0.10591334595119956
märchen,0.08159837672856242
linnen,0.03256773577506096
minne,0.05020717172233874
laube,-0.12950790321755595
balsam,0.02823247565945402
schmied,0.043190615035722205
lenze,0.09312923082169591
kämmerlein,0.038407761692840214
eiland,0.06829420089689157
dichtung,0.02660835166334169
gestein,0.04147697239415486
dämmrung,0.02811311746551401
kindheit,0.048821764114106436
seide,0.08069040189609016
mieder,0.028023598820058997
fürder,0.029588043719201325
junker,0.019263559943390116
sturmwind,0.05171193752451106
fluthen,0.051622418879056046
klee,0.03401282248026327
schlund,0.017937831432127814
gelände,0.021215918972837484
täuschung,-0.0008184561870172372
schilf,0.03130168636076867
schacht,0.026817228502736712
ringlein,0.011948607771923542
lenz,0.2779724453083704
hort,0.03837792214435521
dorn,0.1333401538015585
weihrauch,0.041417293297184854
brut,0.02973724146162634
lid,0.0493588759868365
fleiß,0.026177809606629493
fiedel,0.031033130424403636
fessel,0.03694988660971575
„die,0.01790799188364281
schöpfer,0.045871911606731805
silber,0.20725271539891216
joch,0.029796920558596347
himmelszelt,0.030973451327433628
fremdling,0.02841151295036404
schädel,0.022332770644704757
scherbe,0.020798165294047436
erküren,0.05758180299077532
wurm,0.03000579739799137
fink,0.03852711988678023
leier,0.16845703957576685
erlösung,0.0177886336897028
page,0.012067965965863556
blümchen,0.013513052671065869
wölkchen,0.03398298293177827
zecher,0.028023598820058997
hirte,0.044426824901529494
friedhof,0.0458122325097618
abendsonne,0.026727709857281703
menschenbrust,0.03837792214435521
brause,0.18944703053864648
genosse,0.04484457858031954
zinne,0.02964772281617133
„herr,0.01772895459273279
pfühl,0.04430746670758948
vergessenheit,0.023718178252937063
mähne,0.026638191211826694
wanderstab,0.030973451327433628
gezweig,0.04132777465172984
schwall,0.02811311746551401
erinnrung,0.023688338704452062
venus,0.01209780551434856
marmor,0.09499207120568827
storch,0.016313707436015484
sonnenglanz,0.023718178252937063
händchen,0.01790799188364281
cypressen,0.028053438368544
zwerg,0.023807696898392072
räthsel,0.03988268794652753
liebchens,0.02073848619707743
hirt,0.05796971712108036
deutschland,0.030125155591931387
fee,-0.036617388783740004
töchterlein,0.028023598820058997
gefilde,0.028172796562484014
ruh'n,0.048672566371681415
wucht,0.05315702422971337
noth,0.1477313417566116
zopf,0.004693334697426978
zone,0.01787815233515781
poet,0.016492744726925503
tüdrück,0.0014749262536873156
vollmond,0.03843760124132522
aar,0.17619827101130492
erinn'rung,0.025073746312684365
rinde,0.015196855764148209
süd,0.04083755349804764
amsel,0.004902211536822004
trunk,0.17691868296758573
labe,0.07867836376967278
wildnis,0.006227940048084302
nelke,0.023807696898392072
hätt,0.08930124303033404
strudel,0.009207632103943937
kirchlein,0.014898460279298174
entflohn,0.020768325745562432
möwe,0.028023598820058997
thät,0.009864102170614009
männlein,0.0075536685593466
fensterlein,0.032448377581120944
nixe,0.022213412450764747
kuh,-0.006897198492676521
reih'n,0.038348082595870206
thäler,0.025222944055109383
moor,0.041357614200214846
morgenwind,0.019382918137330125
durst,0.06266305181850734
giebel,0.0151073371186932
künstler,0.013662250413490885
anbeginn,0.01772895459273279
für+die,0.01360257131652088
gluthen,0.05604719764011799
dämmerschein,0.022183572902279743
wanderer,0.010622879260661244
menschenkind,0.025133425409654374
unterlass,-0.0009974934779272589
heerde,0.03687315634218289
füßchen,0.019203880846420107
beschwerde,0.016522584275410507
schläfe,0.06525482974406194
widerhall,0.019382918137330125
abendrot,0.07082629972547616
gaul,0.0178184732381878
stroh,0.0037256807679847195
geh'n,0.038348082595870206
vor+die,0.029707401913141335
thurm,0.039852848398042526
lüftchen,0.020708646648592427
bum,0.0031587293467696554
heini,-0.0027708152164646095
wahnsinn,-0.0007587770900472288
tross,0.020678807100107423
säugling,0.013334015380155847
traun,0.02654867256637168
ruderschlag,0.017699115044247787
reh,-0.05581700683751939
einstens,0.019293399491875116
d'rauf,0.016254028339045476
gefunkel,0.048672566371681415
kuckuck,0.01772895459273279
heuen,0.23542551196139616
unendlichkeit,0.02215373335379474
stehn,0.3598692175217829
akkord,0.02082800484253244
schnitter,0.029528364622231316
kränzlein,0.010354323324296213
kiel,0.028083277917029005
theil,0.03081146520708647
alltag,0.029588043719201325
tagwerk,0.02215373335379474
horn,0.06175507698603509
sommertag,0.013453373574095862
nord,0.02957525534127918
kämpfer,0.017758794141217796
beere,0.016433065629955494
geleit,0.05531826009855576
steh'n,0.04280270090541716
täubchen,0.022183572902279743
pfaffe,0.026668030760311694
winternacht,0.02660835166334169
herrgott,0.0076133476563166064
hauptmann,-0.01418231111565809
fahn,0.0903584156052313
vergess,0.20102903814346854
gewimmel,0.04430746670758948
feiertag,0.004573976503486964
schwermut,0.034221699319658294
aeuglein,0.017699115044247787
zieh'n,0.03982300884955752
atemzug,0.00047743277576005674
forst,0.04132777465172984
morgenschein,0.019174041297935103
bübchen,0.013304175831670845
wappen,0.019263559943390116
trauer,0.1817612154074377
abendwind,0.02814295701399901
lenznacht,0.014749262536873156
banner,0.03982300884955752
wang,0.2285581530172046
kindchen,0.011888928674953536
wehn,0.1594113935921701
pore,0.02073848619707743
regenbogen,0.01790799188364281
nest,0.0925196514740737
fläche,-0.005183555851109176
sphäre,0.02543182089450441
ozean,0.017848312786672805
henker,0.019353078588845125
weh'n,0.031003290875918632
„ach,0.022243251999249748
sklave,0.025342302249049396
kühlung,0.0018031612870223548
frühlingszeit,0.01041400242126622
glorie,0.022183572902279743
morgenstern,0.022183572902279743
kron,0.16803928589697684
kissen,0.03930294814739032
krücke,0.011918768223438538
morgensonne,0.007643187204801609
morgenthau,0.016224188790560472
tal,0.11650212287073503
knauf,0.01923372039490511
gebüsch,0.013662250413490885
bläue,0.022183572902279743
abendstern,0.019174041297935103
beet,0.020977202584957458
kiste,0.001713642641567344
vaterhaus,0.023628659607482054
herzblut,0.02654867256637168
gemüth,0.10778897471311406
posaune,0.02073848619707743
reiher,0.017848312786672805
grenadier,0.010354323324296213
übermut,0.022302931096219756
hauf,0.020576500076730272
apfelbaum,0.01486862073081317
stiel,0.006138421402629291
würfel,0.01495813937626818
anmut,0.006765051920814363
schwung,0.03301532900233601
stolberg,0.004424778761061947
voigtlandwald,0.0014749262536873156
wolf,0.017937831432127814
frevler,0.010384162872781216
priesterin,0.010354323324296213
diele,0.006078742305659284
maien,0.12398332395518953
frühlingsnacht,0.01772895459273279
port,-0.033906252664245407
blättchen,0.009058434361518918
königskind,0.016224188790560472
wandrer,0.0635411871024946
mondschein,0.016522584275410507
weiher,0.026578512114856685
„o,0.02242228929015977
blitzstrahl,0.016224188790560472
halde,0.01790799188364281
heimlichkeit,0.003218408443739662
fichte,0.0266978703087967
retter,0.023807696898392072
fruh,0.011888928674953536
schläfer,0.026668030760311694
abglanz,0.013304175831670845
wiegenlied,0.02359882005899705
lämpchen,0.010473681518236227
kanne,-0.007016556686616535
maiennacht,0.007374631268436578
gestade,0.02811311746551401
flachs,0.019174041297935103
kleinod,0.022392449741674765
ampel,0.023748017801422067
firmament,0.009028594813033915
brünnlein,0.01772895459273279
dorten,0.020678807100107423
siegel,-0.0024127406346445696
sternenschein,0.014808941633843163
stift,-0.01686360768666769
herzschlag,0.007523829010861596
verrathen,0.014838781182328167
heiligtum,0.01495813937626818
englein,0.014749262536873156
thüren,0.010622879260661244
sträußchen,0.007434310365406585
knieen,0.041135948982897685
wörtchen,0.017758794141217796
heer,0.14278650229338244
schäferin,0.007404470816921581
sünder,0.015167016215663204
leichentuch,0.013304175831670845
mütterchen,0.008968915716063907
dämm'rung,0.016224188790560472
jugendzeit,0.017758794141217796
tyrann,0.01932323904036012
gans,-0.0011466912203522764
wanderschaft,0.006078742305659284
leichnam,0.011888928674953536
vergänglichkeit,0.013304175831670845
herr'n,0.01032448377581121
vogt,0.01327433628318584
sumpf,0.01209780551434856
hase,0.013483213122580865
schwan,0.1776945112281958
glüh'n,0.04129793510324484
zeh,-0.12048783398980342
blüthe,0.2817705935512473
blumenduft,0.019174041297935103
sonnengold,0.02654867256637168
wohllaut,0.011829249577983529
königssohn,0.01477910208535816
husar,0.008968915716063907
wanderlust,0.01477910208535816
falke,0.016254028339045476
geschmeide,0.02082800484253244
todesnacht,0.013304175831670845
ross,0.17228502736712875
traumgesicht,0.011859089126468532
vorzeit,0.014749262536873156
schemen,0.02215373335379474
scheit,-0.014851569560250306
trauerweide,0.01327433628318584
amor,0.0177886336897028
möve,0.017699115044247787
widerschein,0.0075536685593466
münster,0.017699115044247787
schau'n,0.05165225842754105
koralle,0.019263559943390116
bereich,0.006138421402629291
dickicht,0.016343546984500485
verheißung,0.013304175831670845
abendhimmel,0.011829249577983529
selbstsucht,0.010563200163691238
liebeslied,0.017699115044247787
asyl,0.010384162872781216
beil,0.013632410865005884
umschlungen,0.047376677408904125
glöckchen,0.01932323904036012
lindenbaum,0.017699115044247787
stoppel,0.01041400242126622
schmelz,0.0623049772366873
äuglein,0.007493989462376592
sachse,0.010533360615206233
lohe,0.00478285334288199
geißel,0.016313707436015484
schätzchen,0.007434310365406585
lerchenschlag,0.017699115044247787
psalm,0.02510358586116937
stengel,0.016343546984500485
maitag,0.013304175831670845
helm,0.03824577557249306
wiederhall,0.01923372039490511
saitenspiel,0.020708646648592427
lichtlein,0.013304175831670845
zwist,0.011799410029498525
schütz,0.019668525244258023
weihnacht,0.007702866301771617
denker,0.01327433628318584
inner,-0.09830426108752366
bügel,0.010533360615206233
traurigkeit,0.00038791413030504415
rathaus,0.0015942844476273298
flügelschlag,0.031033130424403636
spange,0.014928299827783178
herbstwind,0.01327433628318584
sonnenblume,0.008849557522123894
rösslein,0.007404470816921581
gondel,0.010384162872781216
glühn,0.11817313758589529
athmen,0.03988268794652753
bitterkeit,0.0016838030930823398
strang,0.014749262536873156
tät,-0.061955428240148686
schmaus,0.03106296997288864
gebrause,0.02359882005899705
bitt,-0.11555152011185565
knäblein,0.011829249577983529
aufgethan,0.017699115044247787
schlamm,0.031122649069858645
verrat,-0.025964669974593763
bug,0.01477910208535816
sommerabend,0.008879397070608898
fund,-0.020631916381059566
wrack,0.007374631268436578
firnen,0.01327433628318584
pfühle,0.019203880846420107
erdball,0.0089092366190939
d'rin,0.011799410029498525
harm,0.05844714989684042
höh,0.198496939314884
föhren,0.023628659607482054
ginster,0.017699115044247787
majestät,0.029617883267686326
plätzchen,0.0017434821900523464
morgenstrahl,0.016224188790560472
seel,0.49086057257830756
labung,0.008879397070608898
balde,0.0089092366190939
odem,0.0814193394376524
ruhestatt,0.011799410029498525
pfand,0.023807696898392072
zurücken,0.025133425409654374
mündchen,0.010384162872781216
stäubchen,0.011829249577983529
sonnenblick,0.008939076167578905
rosenduft,0.013304175831670845
harfner,0.008849557522123894
gezweige,0.01327433628318584
innere,-0.028096066294951143
sporn,0.01790799188364281
thorheit,0.006078742305659284
ostern,0.014838781182328167
köpflein,0.011799410029498525
draht,-0.0012063703173222848
windstoß,0.006019063208689277
sommerzeit,0.01327433628318584
fittich,0.007583508107831602
sternennacht,0.008849557522123894
rippe,0.02419561102869712
überfluss,0.0016838030930823398
bär,0.046502804917557594
lämmlein,0.003039371152829642
kies,0.03118232816682865
gespiele,0.013334015380155847
wandervogel,0.011799410029498525
schrein,0.10047402254164749
sphinx,0.020678807100107423
mahnung,0.009058434361518918
schaft,-0.2609425887087149
meile,0.016582263372380515
raupe,0.008879397070608898
helfer,0.0016539635445973373
stündlein,0.014749262536873156
weizenfeld,0.01032448377581121
frohsinn,0.004573976503486964
